--
-- PostgreSQL database dump
--

-- Dumped from database version 9.6.9
-- Dumped by pg_dump version 10.4

-- Started on 2019-03-18 18:41:18

SET statement_timeout = 0;
SET lock_timeout = 0;
SET idle_in_transaction_session_timeout = 0;
SET client_encoding = 'UTF8';
SET standard_conforming_strings = on;
SELECT pg_catalog.set_config('search_path', '', false);
SET check_function_bodies = false;
SET client_min_messages = warning;
SET row_security = off;

--
-- TOC entry 6 (class 2615 OID 19325)
-- Name: pagos; Type: SCHEMA; Schema: -; Owner: -
--

CREATE SCHEMA pagos;


--
-- TOC entry 273 (class 1255 OID 19326)
-- Name: sp_ins_bitacora(); Type: FUNCTION; Schema: pagos; Owner: -
--

CREATE FUNCTION pagos.sp_ins_bitacora() RETURNS trigger
    LANGUAGE plpgsql
    AS $_$
DECLARE

 v_col_tabla  VARCHAR;
 v_id_tabla  INTEGER;

BEGIN  

   v_col_tabla := 'id_'||TG_TABLE_NAME;
   EXECUTE 'SELECT $1.'||v_col_tabla INTO v_id_tabla using NEW;

IF (TG_OP = 'UPDATE') THEN

   INSERT INTO pagos.tr_bitacora (co_accion, tx_tabla, in_id_tabla,  tx_old_valor, tx_new_valor, fe_accion, id_usuario)
          VALUES ('UPD', TG_TABLE_NAME, v_id_tabla, OLD, NEW, now(), NEW.id_usuario);
         
   RETURN NEW;
  
 ELSIF (TG_OP = 'INSERT') THEN

   INSERT INTO pagos.tr_bitacora (co_accion, tx_tabla, in_id_tabla,  tx_old_valor, tx_new_valor, fe_accion, id_usuario)
          VALUES ('INS', TG_TABLE_NAME, v_id_tabla, NULL, NEW, now(), NEW.id_usuario);
         
   RETURN NEW;

    ELSIF (TG_OP = 'DELETE') THEN

   INSERT INTO pagos.tr_bitacora (co_accion, tx_tabla, in_id_tabla,  tx_old_valor, tx_new_valor, fe_accion, id_usuario)
          VALUES ('INS', TG_TABLE_NAME, v_id_tabla, OLD, NULL, now(), NEW.id_usuario);
         
   RETURN NEW;
  
  
 END IF;

 RETURN NULL;

END;
$_$;


--
-- TOC entry 274 (class 1255 OID 19327)
-- Name: sp_ins_upd_cuenta(); Type: FUNCTION; Schema: pagos; Owner: -
--

CREATE FUNCTION pagos.sp_ins_upd_cuenta() RETURNS trigger
    LANGUAGE plpgsql
    AS $$
DECLARE

     v_existe           INTEGER;
     v_id_cuenta        INTEGER;      
     v_mo_total         NUMERIC;
     v_mo_totalupd      NUMERIC;
     v_mo_disponible    NUMERIC;
     v_mo_disponibleupd NUMERIC;

BEGIN  

    --Consulto si la id_moneda ya se encuentra registrada
    SELECT count(*) INTO v_existe
    FROM pagos.cuenta
    WHERE id_moneda= new.id_moneda;

IF (TG_OP = 'UPDATE') OR (TG_OP = 'INSERT')  THEN

            IF (v_existe = 0 AND new.id_status = 1) THEN

                --Se Inserta un ingreso para ese id_moneda    

                INSERT INTO pagos.cuenta(
                        id_moneda,
                        mo_disponible,
                        mo_instruido,
                        mo_aprobado,            
                        mo_total,             
                        id_usuario,
                        id_status,
                        fe_creado)
                    VALUES (new.id_moneda,
                        new.mo_ingreso,
                        '0',
                        '0',           
                        new.mo_ingreso,            
                        new.id_usuario,
                        '1',
                        now());      
                      
                RETURN NEW;

            ELSE
            
                SELECT mo_total,mo_disponible,id_cuenta
                    INTO v_mo_totalupd, v_mo_disponibleupd, v_id_cuenta
                    FROM pagos.cuenta
                    WHERE id_moneda= new.id_moneda;
            
                IF new.id_status = 1 THEN    

                    --INGRESO
                    --Si existe el id_moneda, actualizo los valores para esa id_moneda existente        
                    v_mo_total         := v_mo_totalupd + new.mo_ingreso;
                    v_mo_disponible := v_mo_disponibleupd + new.mo_ingreso;
                
                ELSIF (TG_OP = 'UPDATE') AND new.id_status = 2 and old.id_status = 1 THEN
                    
                    --REVERSO        
                    v_mo_total         := v_mo_totalupd       - old.mo_ingreso;
                    v_mo_disponible := v_mo_disponibleupd - old.mo_ingreso;

                END IF;
                
                UPDATE pagos.cuenta
                       SET   
                       mo_disponible=v_mo_disponible,    
                       mo_total=v_mo_total,
                       tx_observaciones=new.tx_observaciones,
                       id_usuario=new.id_usuario,
                       id_status=new.id_status,        
                       fe_actualizado=now()
                     WHERE id_cuenta=v_id_cuenta;

            END IF;

-- Si se actualiza el valor del monto de ingreso se debe modificar el monto afectado (mo_total y mo_disponible)
  ELSIF (TG_OP = 'UPDATE') AND (new.id_status=1) THEN

    --Consulto el id_cuenta pra actualizar sobre el registro
    SELECT id_cuenta
        INTO v_id_cuenta
    FROM pagos.cuenta
    WHERE id_moneda= old.id_moneda;

    -- actualizo montos (mo_total y mo_disponible)
    UPDATE pagos.cuenta
       SET   
       mo_disponible=new.mo_ingreso,    
       mo_total=new.mo_ingreso,
       tx_observaciones=new.tx_observaciones,
       id_usuario=new.id_usuario,
       id_status=new.id_status,        
       fe_actualizado=now()
     WHERE id_cuenta=v_id_cuenta;

  END IF;

  RETURN NULL;
 
END;
$$;


--
-- TOC entry 279 (class 1255 OID 19328)
-- Name: sp_tr_ejec_pago_ins_cuenta(); Type: FUNCTION; Schema: pagos; Owner: -
--

CREATE FUNCTION pagos.sp_tr_ejec_pago_ins_cuenta() RETURNS trigger
    LANGUAGE plpgsql
    AS $$
DECLARE


	v_mo_disponible   NUMERIC;
	v_monto_instruido NUMERIC;
	v_mo_total 	NUMERIC;
	v_mo_instruido 	NUMERIC;

	v_mo_totfinal NUMERIC;
	v_mo_instfinal NUMERIC;

	moneda_instruccion INTEGER;
	moneda_pago INTEGER;
	v_idmone_inst NUMERIC;
	v_moint_mon NUMERIC;
	v_upd_cta_moins NUMERIC;
	v_upd_cta_modisp NUMERIC;
	nvoinst NUMERIC;
	nvodisp	NUMERIC;

	nvoinstp NUMERIC;
	nvototp NUMERIC;
	v_mo_final_pago NUMERIC;


BEGIN  


	



IF  (TG_OP = 'INSERT') OR (TG_OP = 'UPDATE') THEN		 



		


		--Verifico que el pago a realizar sea o no la misma moneda
		SELECT i.id_moneda, p.id_moneda, p.mo_final_pago  
		   INTO moneda_instruccion, moneda_pago, v_mo_final_pago
		FROM pagos.pago p, pagos.instruccion i 
		WHERE p.id_instruccion=i.id_instruccion 
		AND p.id_pago = new.id_pago; 

		IF (TG_OP = 'UPDATE') AND (new.id_etapa_envio = 3) AND (old.id_status = 31) AND (NEW.id_status = 27) THEN

			UPDATE pagos.cuenta
			   SET  
			       mo_disponible  = mo_disponible + v_mo_final_pago,
			       mo_total       = mo_total + v_mo_final_pago, 
			       id_usuario     = new.id_usuario,			       
			       fe_actualizado = now()
			 WHERE id_moneda = moneda_instruccion;

		END IF;

		IF (moneda_instruccion <> moneda_pago) AND (new.id_etapa_envio = 3) AND (new.id_status = 31) THEN 

			--Consulto los montos de inst y disp de la instrucción para asi recalcular montos
			-- en la tabla cuenta y actualizar
				
			-- SELECT id_moneda,mo_instruccion
-- 			   INTO v_idmone_inst, v_moint_mon
-- 			   FROM pagos.instruccion 
-- 				WHERE id_instruccion=new.id_instruccion; 

			SELECT i.id_moneda,i.mo_instruccion
			   INTO v_idmone_inst, v_moint_mon
			  FROM pagos.pago p, pagos.instruccion i  
			  WHERE p.id_instruccion=i.id_instruccion 
			   AND id_pago = new.id_pago; 
			
			--Obtengo los valores nuevos de los montos ya que se hace el ajuste pertinente,
			-- tomando en cuenta que la moneda de pago es distinta  
			SELECT (mo_instruido - v_moint_mon),(mo_disponible + v_moint_mon)
			INTO v_upd_cta_moins,v_upd_cta_modisp
			 FROM pagos.cuenta 
			 WHERE id_moneda=moneda_instruccion;

			--Actualizo en la tabla cuenta
			UPDATE pagos.cuenta
			   SET  
			       mo_disponible=v_upd_cta_modisp,
			       mo_instruido=v_upd_cta_moins, 
			       tx_observaciones=new.tx_observaciones,
			       id_usuario=new.id_usuario,			       
			       fe_actualizado=now()
			 WHERE id_moneda = moneda_instruccion;
			 

			--Obtengo los valores que serán cargados para la nueva moneda sumando al instruido y restando al disponible
			SELECT 
				(mo_instruido +  v_mo_final_pago), 
				(mo_disponible - v_mo_final_pago) 
			 INTO nvoinst, nvodisp			 	
			 FROM pagos.cuenta 
			 WHERE id_moneda=moneda_pago;

			--Actualizo en la tabla cuenta
			UPDATE pagos.cuenta
			   SET  
			       mo_disponible=nvodisp,
			       mo_instruido=nvoinst, 
			       tx_observaciones=new.tx_observaciones,
			       id_usuario=new.id_usuario,			      
			       fe_actualizado=now()
			 WHERE id_moneda = moneda_pago;


				--IF new.id_etapa_envio=3 AND new.id_status = 13   THEN

					--Obtengo los valores que serán cargados para la nueva moneda en cuenta
					SELECT 
						(mo_instruido - v_mo_final_pago), 
						(mo_total - v_mo_final_pago) 
					 INTO nvoinstp,nvototp
					 FROM pagos.cuenta 
					 WHERE id_moneda=moneda_pago;	


					 --Actualizo en la tabla cuenta finalmente
					UPDATE pagos.cuenta
					   SET  
					       mo_total=nvototp,
					       mo_instruido=nvoinstp, 
					       tx_observaciones=new.tx_observaciones,
					       id_usuario=new.id_usuario,					       
					       fe_actualizado=now()
					 WHERE id_moneda = moneda_pago;
					 		

				--END IF; --SI ESTATUS

		ELSE --SI MONEDA EXISTE

			--Verifico que el pago a realizar sea o no la misma moneda
			SELECT i.id_moneda, p.id_moneda, p.mo_final_pago  
			   INTO moneda_instruccion, moneda_pago, v_mo_final_pago
			FROM pagos.pago p, pagos.instruccion i 
			WHERE p.id_instruccion=i.id_instruccion 
			AND p.id_pago = new.id_pago; 

	
			IF (new.id_etapa_envio=3) AND (new.id_status = 31)  THEN

				SELECT mo_total,
				       mo_instruido 
				INTO   v_mo_total,
				       v_mo_instruido 
				FROM pagos.cuenta 
				WHERE id_moneda= moneda_pago; 			  
				
				v_mo_total := v_mo_total - v_mo_final_pago;
				v_monto_instruido := v_mo_instruido - v_mo_final_pago;

				UPDATE pagos.cuenta
				   SET  
				       mo_total=v_mo_total,
				       mo_instruido=v_monto_instruido, 
				       tx_observaciones=new.tx_observaciones,
				       id_usuario=new.id_usuario,
				       id_status=new.id_status, 
				       fe_actualizado=now()
				 WHERE id_moneda = moneda_pago;

				   
				RETURN NEW;

			END IF; --SI ESTATUS
		END IF; --SI MONEDA EXISTE
  END IF;--INSERT
 
  RETURN NULL;
 
END;
$$;


--
-- TOC entry 278 (class 1255 OID 19329)
-- Name: sp_tr_ejec_pago_ins_movimiento(); Type: FUNCTION; Schema: pagos; Owner: -
--

CREATE FUNCTION pagos.sp_tr_ejec_pago_ins_movimiento() RETURNS trigger
    LANGUAGE plpgsql
    AS $$
DECLARE

     
     v_mo_disponible NUMERIC;
     v_id_cuenta INTEGER;
     v_monto_final_pago NUMERIC;
     v_id_moneda INTEGER;

BEGIN   

IF (TG_OP = 'INSERT') OR (TG_OP = 'UPDATE') THEN

			 
	--Obtengo el monto final pago de la tabla pago para insertar en movimiento
	SELECT mo_final_pago, id_moneda 
	  INTO v_monto_final_pago, v_id_moneda	
	  FROM pagos.pago 
	 WHERE id_pago = new.id_pago; 


	IF new.id_status = 31 AND new.id_etapa_envio = 3 THEN

		INSERT INTO pagos.movimiento(	nu_movimiento,
						nb_modulo,
						tx_tipomov,
						mo_movimiento,
						fe_movimiento, 
						tx_observaciones, 
						id_usuario, 
						id_status, 
						fe_creado,
						id_moneda)
				    VALUES (    new.id_pago,
						'Pago',
						'Débito',
						v_monto_final_pago,
						now(), 
						new.tx_observaciones, 
						new.id_usuario,
						new.id_status,
						now(),
						v_id_moneda); 
		    
			  
		RETURN NEW;
		
	END IF;

	IF (TG_OP = 'UPDATE') AND (new.id_etapa_envio = 3) AND (old.id_status = 31) AND (NEW.id_status = 27) THEN

		INSERT INTO pagos.movimiento(nu_movimiento, 
					     nb_modulo, 
					     tx_tipomov, 
					     mo_movimiento, 
					     fe_movimiento, 
					     tx_observaciones, 
					     id_usuario, 
					     id_status, 
					     fe_creado, 
					     id_moneda)
				    VALUES  (new.id_pago,
					     'Pago',
					     'Crédito',
					     v_monto_final_pago,
					     now(),
					     new.tx_observaciones,
					     new.id_usuario,
					     new.id_status,
					     now(),
					     v_id_moneda
					     );

	END IF;
   
  END IF;
 
RETURN NULL;
 
END;
$$;


--
-- TOC entry 275 (class 1255 OID 19330)
-- Name: sp_tr_ejec_pago_ins_status(); Type: FUNCTION; Schema: pagos; Owner: -
--

CREATE FUNCTION pagos.sp_tr_ejec_pago_ins_status() RETURNS trigger
    LANGUAGE plpgsql
    AS $$
DECLARE


    	BEGIN   

		IF (TG_OP = 'UPDATE') OR (TG_OP = 'INSERT') THEN			
		 

			UPDATE pagos.pago
			   SET id_status=new.id_status,
			       tx_observaciones=new.tx_observaciones,
			       fe_actualizado=now()
			 WHERE id_pago= new.id_pago;		
		
				  
			RETURN NEW;	
		   
		  END IF;
	 
	  RETURN NULL;
	 
	END;
$$;


--
-- TOC entry 276 (class 1255 OID 19331)
-- Name: sp_tr_ingreso_ins_cuenta(); Type: FUNCTION; Schema: pagos; Owner: -
--

CREATE FUNCTION pagos.sp_tr_ingreso_ins_cuenta() RETURNS trigger
    LANGUAGE plpgsql
    AS $$
DECLARE

     v_existe            INTEGER;
     v_id_cuenta         INTEGER;      
     v_mo_total          NUMERIC;
     v_mo_total_upd      NUMERIC;
     v_mo_disponible     NUMERIC;
     v_mo_disponible_upd NUMERIC;

BEGIN  

    --Consulto si la id_moneda ya se encuentra registrada
    SELECT count(*) INTO v_existe
      FROM pagos.cuenta
     WHERE id_moneda= new.id_moneda;

IF (TG_OP = 'UPDATE') OR (TG_OP = 'INSERT')  THEN

    IF (v_existe = 0 AND new.id_status = 1) THEN

        --se inserta un ingreso para ese id_moneda    

        INSERT INTO pagos.cuenta(
                        id_moneda,
                        mo_disponible,
                        mo_instruido,
                        mo_aprobado,            
                        mo_total,             
                        id_usuario,
                        id_status,
                        fe_creado
                    )
            VALUES (
                        new.id_moneda,
                        new.mo_ingreso,
                        '0',
                        '0',           
                        new.mo_ingreso,            
                        new.id_usuario,
                        '1',
                        now()
                    );      
	      
	RETURN NEW;

    ELSE
    
        SELECT mo_total, 
               mo_disponible, 
               id_cuenta
          INTO v_mo_total_upd, 
               v_mo_disponible_upd, 
               v_id_cuenta
          FROM pagos.cuenta
         WHERE id_moneda= new.id_moneda;
    
        IF new.id_status = 1 THEN    

            --INGRESO
            --Si existe el id_moneda, actualizo los valores para esa id_moneda existente        
            v_mo_total      := v_mo_total_upd       + new.mo_ingreso;
            v_mo_disponible := v_mo_disponible_upd  + new.mo_ingreso;
        
        ELSIF (TG_OP = 'UPDATE') AND new.id_status = 2 and old.id_status = 1 THEN
            
            --REVERSO        
            v_mo_total      := v_mo_total_upd       - old.mo_ingreso;
            v_mo_disponible := v_mo_disponible_upd  - old.mo_ingreso;

        END IF;
	
	UPDATE pagos.cuenta
	   SET mo_disponible	= v_mo_disponible,    
	       mo_total		= v_mo_total,
	       tx_observaciones = new.tx_observaciones,
	       id_usuario	= new.id_usuario,
	       id_status	= new.id_status,        
	       fe_actualizado	= now()
	     WHERE id_cuenta	= v_id_cuenta;

    END IF;

-- Si se actualiza el valor del monto de ingreso se debe modificar el monto afectado (mo_total y mo_disponible)
  ELSIF (TG_OP = 'UPDATE') AND (new.id_status = 1) THEN

    --Consulto el id_cuenta para actualizar sobre el registro
    SELECT id_cuenta
      INTO v_id_cuenta
      FROM pagos.cuenta
     WHERE id_moneda = old.id_moneda;

    -- actualizo montos (mo_total y mo_disponible)
    UPDATE  pagos.cuenta
       SET  mo_disponible    = new.mo_ingreso,    
            mo_total         = new.mo_ingreso,
            tx_observaciones = new.tx_observaciones,
            id_usuario       = new.id_usuario,
            id_status        = new.id_status,        
            fe_actualizado   = now()
     WHERE  id_cuenta = v_id_cuenta;

  END IF;

  RETURN NULL;
 
END;
$$;


--
-- TOC entry 277 (class 1255 OID 19332)
-- Name: sp_tr_ingreso_ins_movimiento(); Type: FUNCTION; Schema: pagos; Owner: -
--

CREATE FUNCTION pagos.sp_tr_ingreso_ins_movimiento() RETURNS trigger
    LANGUAGE plpgsql
    AS $$
DECLARE

     v_mo_disponible NUMERIC;
     v_id_cuenta INTEGER;

BEGIN   

        IF (TG_OP = 'UPDATE') OR (TG_OP = 'INSERT') THEN
        
            -- CONFIRMACION
            IF new.id_status = 1 THEN

                INSERT INTO pagos.movimiento(
                    nu_movimiento,
                    nb_modulo,
                    tx_tipomov,
                    mo_movimiento,
                    fe_movimiento,
                    tx_observaciones,
                    id_usuario,
                    id_status,
                    fe_creado,
                    id_moneda)
                VALUES (
                    new.id_ingreso,
                    'Ingreso',
                    'Crédito',
                    new.mo_ingreso,
                    now(),
                    new.tx_observaciones,
                    new.id_usuario,
                    new.id_status,
                    now(),
                    new.id_moneda);

            END IF;
            
            -- REVERSO
            IF (TG_OP = 'UPDATE') AND new.id_status = 2 and old.id_status = 1 THEN
                
                INSERT INTO pagos.movimiento(
                        nu_movimiento,
                        nb_modulo,
                        tx_tipomov,
                        mo_movimiento,
                        fe_movimiento,
                        tx_observaciones,
                        id_usuario,
                        id_status,
                        fe_creado,
                        id_moneda)
                VALUES (
                        new.id_ingreso,
                        'Ingreso',
                        'Reverso',
                        old.mo_ingreso,
                        now(),
                        new.tx_observaciones,
                        new.id_usuario,
                        new.id_status,
                        now(),
                        new.id_moneda);
            END IF;
           
               RETURN NEW;

         END IF;
          
    
      RETURN NULL;
    
END;
$$;


--
-- TOC entry 272 (class 1255 OID 19333)
-- Name: sp_tr_instruccion_ins_cuenta(); Type: FUNCTION; Schema: pagos; Owner: -
--

CREATE FUNCTION pagos.sp_tr_instruccion_ins_cuenta() RETURNS trigger
    LANGUAGE plpgsql
    AS $$
DECLARE


     v_mo_disponible   	NUMERIC;
     v_monto_instruido 	NUMERIC;
     v_mo_total 	NUMERIC;
     v_mo_instruido 	NUMERIC;

    --  v_mo_disponible_actual NUMERIC;
--      v_mo_instruido_actual  NUMERIC;
--      v_mo_total_actual      NUMERIC;
-- 
--      v_mo_diponible_dif NUMERIC;
--      v_mo_instruido_dif NUMERIC;

     v_mo_dispfinal    NUMERIC;
     v_monto_instfinal NUMERIC;




	BEGIN  	 

	

	


	IF (TG_OP = 'INSERT') THEN	
	

		SELECT mo_total,mo_instruido 
			INTO v_mo_total,
			     v_mo_instruido 
		FROM pagos.cuenta 
		WHERE id_moneda= new.id_moneda; 
	  
		
		v_mo_disponible	  := v_mo_total - new.mo_instruccion;
		v_monto_instruido := v_mo_instruido + new.mo_instruccion;

		UPDATE pagos.cuenta
		   SET  
		       mo_disponible=v_mo_disponible,
		       mo_instruido=v_monto_instruido, 
		       tx_observaciones=new.tx_observaciones,
		       id_usuario=new.id_usuario,
		       id_status=new.id_status, 
		       fe_actualizado=now()
		 WHERE id_moneda = new.id_moneda;

			  
		RETURN NEW;
	   


	ELSEIF (TG_OP = 'UPDATE') THEN

-- 	
-- 		SELECT mo_disponible, mo_instruido, mo_total 
-- 			into v_mo_disponible_actual, 
-- 			     v_mo_instruido_actual,
-- 			     v_mo_total_actual 
-- 		from pagos.cuenta 
-- 		where id_moneda=old.id_moneda;
-- 
-- 
-- 		v_mo_diponible_dif := v_mo_disponible_actual + old.mo_instruido;   --4000 
-- 		v_mo_instruido_dif := v_mo_instruido_actual - old.mo_instruido;
-- 
-- 
-- 		v_mo_dispfinal	  := v_mo_total_actual - new.mo_instruccion; --4000 - 3000
-- 		v_monto_instfinal := v_mo_instruido_dif + new.mo_instruccion; --0 + 3000



		SELECT 		
		  (mo_disponible + old.mo_instruccion - new.mo_instruccion),	
		  (mo_instruido - old.mo_instruccion + new.mo_instruccion)  
		  INTO v_mo_dispfinal, v_monto_instfinal
		FROM pagos.cuenta 
		WHERE id_moneda=old.id_moneda;


		
			UPDATE pagos.cuenta
			   SET  
			       mo_disponible=v_mo_dispfinal,
			       mo_instruido=v_monto_instfinal, 
			       tx_observaciones=new.tx_observaciones,
			       id_usuario=new.id_usuario,
			       id_status=new.id_status, 
			       fe_actualizado=now()
			 WHERE id_moneda = old.id_moneda;


	ELSEIF (TG_OP = 'DELETE') THEN


		SELECT 		
		  (mo_disponible + old.mo_instruccion),	
		  (mo_instruido - old.mo_instruccion )  
		  INTO v_mo_dispfinal, v_monto_instfinal
		FROM pagos.cuenta 
		WHERE id_moneda=old.id_moneda;

		
			UPDATE pagos.cuenta
			   SET  
			       mo_disponible=v_mo_dispfinal,
			       mo_instruido=v_monto_instfinal, 
			       tx_observaciones=new.tx_observaciones,
			       id_usuario=new.id_usuario,
			       id_status=new.id_status, 
			       fe_actualizado=now()
			 WHERE id_moneda = old.id_moneda;

	
	END IF;
	 
	  RETURN NULL;
	 
END;
$$;


--
-- TOC entry 271 (class 1255 OID 19334)
-- Name: sp_upd_pago_cuenta(); Type: FUNCTION; Schema: pagos; Owner: -
--

CREATE FUNCTION pagos.sp_upd_pago_cuenta() RETURNS trigger
    LANGUAGE plpgsql
    AS $$
DECLARE


	v_mo_disponible   NUMERIC;
	v_monto_instruido NUMERIC;
	v_mo_total 	NUMERIC;
	v_mo_instruido 	NUMERIC;

	v_mo_totfinal NUMERIC;
	v_mo_instfinal NUMERIC;

	v_moneda_existe NUMERIC;
	v_idmone_inst NUMERIC;
	v_moint_mon NUMERIC;
	v_upd_cta_moins NUMERIC;
	v_upd_cta_modisp NUMERIC;
	nvoinst NUMERIC;
	nvodisp	NUMERIC;

	nvoinstp NUMERIC;
	nvototp NUMERIC;


BEGIN  
 
--pendiente desteminar el update

IF  (TG_OP = 'INSERT') THEN


		--Verifico que el pago a realizar sea o no la misma moneda
		SELECT id_moneda INTO v_moneda_existe 
		   FROM pagos.instruccion 
			WHERE id_instruccion=new.id_instruccion;	 


		IF new.id_moneda <> v_moneda_existe THEN 


			--Consulto los montos de inst y disp de la instrucción para asi recalcular montos
			-- en la tabla cuenta y actualizar	
			SELECT id_moneda,mo_instruccion
			   INTO v_idmone_inst, v_moint_mon
			   FROM pagos.instruccion 
				WHERE id_instruccion=new.id_instruccion;  
			
			--Obtengo los valores nuevos de los montos ya que se hace el ajuste pertinente,
			-- tomando en cuenta que la moneda de pago es distinta  
			SELECT (mo_instruido - v_moint_mon),(mo_disponible + v_moint_mon)
			INTO v_upd_cta_moins,v_upd_cta_modisp
			 FROM pagos.cuenta 
			 WHERE id_moneda=v_moneda_existe;

			--Actualizo en la tabla cuenta
			UPDATE pagos.cuenta
			   SET  
			       mo_disponible=v_upd_cta_modisp,
			       mo_instruido=v_upd_cta_moins, 
			       tx_observaciones=new.tx_observaciones,
			       id_usuario=new.id_usuario,
			       id_status=new.id_status, 
			       fe_actualizado=now()
			 WHERE id_moneda = v_moneda_existe;
			 

			--Obtengo los valores que serán cargados para la otra moneda 
			SELECT 
				(mo_instruido +  new.mo_final_pago), 
				(mo_disponible - new.mo_final_pago) 
			 INTO nvoinst, nvodisp			 	
			 FROM pagos.cuenta 
			 WHERE id_moneda=new.id_moneda;

			--Actualizo en la tabla cuenta
			UPDATE pagos.cuenta
			   SET  
			       mo_disponible=nvodisp,
			       mo_instruido=nvoinst, 
			       tx_observaciones=new.tx_observaciones,
			       id_usuario=new.id_usuario,
			       id_status=new.id_status, 
			       fe_actualizado=now()
			 WHERE id_moneda = new.id_moneda;


				IF new.id_status = 13 THEN

					--Obtengo los valores que serán cargados para la otra moneda 
					SELECT 
						(v_mo_instruido - new.mo_final_pago), 
						(v_mo_total - new.mo_final_pago) 
					 INTO nvoinstp,nvototp
					 FROM pagos.cuenta 
					 WHERE id_moneda=new.id_moneda;			

				END IF; --SI ESTATUS



		ELSE --SI MONEDA EXISTE

	
			IF new.id_status = 13 THEN

				SELECT mo_total,
				       mo_instruido 
				INTO   v_mo_total,
				       v_mo_instruido 
				FROM pagos.cuenta 
				WHERE id_moneda= new.id_moneda; 
			  
				
				v_mo_total := v_mo_total - new.mo_final_pago;
				v_monto_instruido := v_mo_instruido - new.mo_final_pago;

				UPDATE pagos.cuenta
				   SET  
				       mo_total=v_mo_total,
				       mo_instruido=v_monto_instruido, 
				       tx_observaciones=new.tx_observaciones,
				       id_usuario=new.id_usuario,
				       id_status=new.id_status, 
				       fe_actualizado=now()
				 WHERE id_moneda = new.id_moneda;

				   
				RETURN NEW;

			END IF; --SI ESTATUS
		END IF; --SI MONEDA EXISTE
  END IF;--INSERT
 
  RETURN NULL;
 
END;
$$;


--
-- TOC entry 186 (class 1259 OID 19335)
-- Name: banco_id_banco_seq; Type: SEQUENCE; Schema: pagos; Owner: -
--

CREATE SEQUENCE pagos.banco_id_banco_seq
    START WITH 20
    INCREMENT BY 1
    NO MINVALUE
    NO MAXVALUE
    CACHE 1;


SET default_tablespace = '';

SET default_with_oids = false;

--
-- TOC entry 187 (class 1259 OID 19337)
-- Name: banco; Type: TABLE; Schema: pagos; Owner: -
--

CREATE TABLE pagos.banco (
    id_banco integer DEFAULT nextval('pagos.banco_id_banco_seq'::regclass) NOT NULL,
    nb_banco character varying(50) NOT NULL,
    id_tipo_banco integer NOT NULL,
    tx_observaciones character varying(100) DEFAULT 'N/A'::character varying,
    id_usuario integer NOT NULL,
    id_status integer NOT NULL,
    fe_creado timestamp(0) without time zone,
    fe_actualizado timestamp(0) without time zone,
    id_grupo_banco integer,
    co_switf character varying(11)
);


--
-- TOC entry 188 (class 1259 OID 19342)
-- Name: categoria_id_categoria_seq; Type: SEQUENCE; Schema: pagos; Owner: -
--

CREATE SEQUENCE pagos.categoria_id_categoria_seq
    START WITH 6
    INCREMENT BY 1
    NO MINVALUE
    NO MAXVALUE
    CACHE 1;


--
-- TOC entry 189 (class 1259 OID 19344)
-- Name: categoria; Type: TABLE; Schema: pagos; Owner: -
--

CREATE TABLE pagos.categoria (
    id_categoria integer DEFAULT nextval('pagos.categoria_id_categoria_seq'::regclass) NOT NULL,
    nb_categoria character varying(50),
    tx_observaciones character varying(100) DEFAULT 'N/A'::character varying,
    id_usuario integer,
    id_status integer,
    fe_creado timestamp(0) without time zone,
    fe_actualizado timestamp(0) without time zone
);


--
-- TOC entry 2662 (class 0 OID 0)
-- Dependencies: 189
-- Name: TABLE categoria; Type: COMMENT; Schema: pagos; Owner: -
--

COMMENT ON TABLE pagos.categoria IS 'Categoria del pago generado';


--
-- TOC entry 2663 (class 0 OID 0)
-- Dependencies: 189
-- Name: COLUMN categoria.id_categoria; Type: COMMENT; Schema: pagos; Owner: -
--

COMMENT ON COLUMN pagos.categoria.id_categoria IS 'Identificador único del registro';


--
-- TOC entry 190 (class 1259 OID 19349)
-- Name: clase_ente_id_clase_ente_seq; Type: SEQUENCE; Schema: pagos; Owner: -
--

CREATE SEQUENCE pagos.clase_ente_id_clase_ente_seq
    START WITH 2
    INCREMENT BY 1
    NO MINVALUE
    NO MAXVALUE
    CACHE 1;


--
-- TOC entry 191 (class 1259 OID 19351)
-- Name: clase_ente; Type: TABLE; Schema: pagos; Owner: -
--

CREATE TABLE pagos.clase_ente (
    id_clase_ente integer DEFAULT nextval('pagos.clase_ente_id_clase_ente_seq'::regclass) NOT NULL,
    nb_clase_ente character varying(100) NOT NULL,
    tx_observaciones character varying(100) DEFAULT 'N/A'::character varying,
    id_usuario integer NOT NULL,
    id_status integer NOT NULL,
    fe_creado timestamp(0) without time zone,
    fe_actualizado timestamp(0) without time zone
);


--
-- TOC entry 192 (class 1259 OID 19356)
-- Name: cuenta_id_cuenta_seq; Type: SEQUENCE; Schema: pagos; Owner: -
--

CREATE SEQUENCE pagos.cuenta_id_cuenta_seq
    START WITH 2
    INCREMENT BY 1
    NO MINVALUE
    NO MAXVALUE
    CACHE 1;


--
-- TOC entry 193 (class 1259 OID 19358)
-- Name: cuenta; Type: TABLE; Schema: pagos; Owner: -
--

CREATE TABLE pagos.cuenta (
    id_cuenta integer DEFAULT nextval('pagos.cuenta_id_cuenta_seq'::regclass) NOT NULL,
    id_moneda integer,
    mo_disponible numeric(15,2),
    mo_instruido numeric(15,2),
    mo_aprobado numeric(15,2),
    mo_total numeric(15,2),
    tx_observaciones character varying(100),
    id_usuario integer,
    id_status integer,
    fe_creado timestamp(0) without time zone,
    fe_actualizado timestamp(0) without time zone
);


--
-- TOC entry 194 (class 1259 OID 19362)
-- Name: det_cuenta_id_det_cuenta_seq; Type: SEQUENCE; Schema: pagos; Owner: -
--

CREATE SEQUENCE pagos.det_cuenta_id_det_cuenta_seq
    START WITH 1
    INCREMENT BY 1
    NO MINVALUE
    NO MAXVALUE
    CACHE 1;


--
-- TOC entry 195 (class 1259 OID 19364)
-- Name: det_cuenta; Type: TABLE; Schema: pagos; Owner: -
--

CREATE TABLE pagos.det_cuenta (
    id_det_cuenta integer DEFAULT nextval('pagos.det_cuenta_id_det_cuenta_seq'::regclass) NOT NULL,
    id_cuenta integer,
    nu_cuenta integer,
    mo_monto numeric(15,2),
    tx_observaciones character varying(100),
    id_usuario integer,
    id_status integer,
    fe_creado timestamp without time zone,
    fe_actualizado timestamp without time zone
);


--
-- TOC entry 196 (class 1259 OID 19368)
-- Name: ejecucion_pago; Type: TABLE; Schema: pagos; Owner: -
--

CREATE TABLE pagos.ejecucion_pago (
    id_ejecucion_pago integer NOT NULL,
    id_pago integer NOT NULL,
    id_banco integer,
    fe_envio_inst timestamp(0) without time zone,
    id_etapa_envio integer NOT NULL,
    tx_observaciones character varying(100),
    id_usuario integer,
    id_status integer,
    fe_creado timestamp(0) without time zone,
    fe_actualizado timestamp(0) without time zone
);


--
-- TOC entry 197 (class 1259 OID 19371)
-- Name: ejecucion_pago_id_ejecucion_pago_seq; Type: SEQUENCE; Schema: pagos; Owner: -
--

CREATE SEQUENCE pagos.ejecucion_pago_id_ejecucion_pago_seq
    START WITH 1
    INCREMENT BY 1
    NO MINVALUE
    NO MAXVALUE
    CACHE 1;


--
-- TOC entry 2669 (class 0 OID 0)
-- Dependencies: 197
-- Name: ejecucion_pago_id_ejecucion_pago_seq; Type: SEQUENCE OWNED BY; Schema: pagos; Owner: -
--

ALTER SEQUENCE pagos.ejecucion_pago_id_ejecucion_pago_seq OWNED BY pagos.ejecucion_pago.id_ejecucion_pago;


--
-- TOC entry 198 (class 1259 OID 19373)
-- Name: ente_id_ente_seq; Type: SEQUENCE; Schema: pagos; Owner: -
--

CREATE SEQUENCE pagos.ente_id_ente_seq
    START WITH 8
    INCREMENT BY 1
    NO MINVALUE
    NO MAXVALUE
    CACHE 1;


--
-- TOC entry 199 (class 1259 OID 19375)
-- Name: ente; Type: TABLE; Schema: pagos; Owner: -
--

CREATE TABLE pagos.ente (
    id_ente integer DEFAULT nextval('pagos.ente_id_ente_seq'::regclass) NOT NULL,
    nb_ente character varying(100) NOT NULL,
    id_tipo_ente integer NOT NULL,
    id_grupo_ente integer NOT NULL,
    tx_observaciones character varying(100),
    id_usuario integer NOT NULL,
    id_status integer NOT NULL,
    fe_creado timestamp(0) without time zone,
    fe_actualizado timestamp(0) without time zone
);


--
-- TOC entry 200 (class 1259 OID 19379)
-- Name: esquema_id_esquema_seq; Type: SEQUENCE; Schema: pagos; Owner: -
--

CREATE SEQUENCE pagos.esquema_id_esquema_seq
    START WITH 8
    INCREMENT BY 1
    NO MINVALUE
    NO MAXVALUE
    CACHE 1;


--
-- TOC entry 201 (class 1259 OID 19381)
-- Name: esquema; Type: TABLE; Schema: pagos; Owner: -
--

CREATE TABLE pagos.esquema (
    id_esquema integer DEFAULT nextval('pagos.esquema_id_esquema_seq'::regclass) NOT NULL,
    nb_esquema character varying(50) NOT NULL,
    tx_requerimiento character varying(50) NOT NULL,
    id_esquema_padre character varying(50) DEFAULT 0 NOT NULL,
    tx_observaciones character varying(100) DEFAULT 'N/A'::character varying,
    id_usuario integer NOT NULL,
    id_status integer NOT NULL,
    fe_creado timestamp(0) without time zone,
    fe_actualizado timestamp(0) without time zone
);


--
-- TOC entry 202 (class 1259 OID 19387)
-- Name: etapa_envio_id_etapa_envio_seq; Type: SEQUENCE; Schema: pagos; Owner: -
--

CREATE SEQUENCE pagos.etapa_envio_id_etapa_envio_seq
    START WITH 3
    INCREMENT BY 1
    NO MINVALUE
    NO MAXVALUE
    CACHE 1;


--
-- TOC entry 203 (class 1259 OID 19389)
-- Name: etapa_envio; Type: TABLE; Schema: pagos; Owner: -
--

CREATE TABLE pagos.etapa_envio (
    id_etapa_envio integer DEFAULT nextval('pagos.etapa_envio_id_etapa_envio_seq'::regclass) NOT NULL,
    nb_etapa_envio character varying(50),
    tx_observaciones character varying(100) DEFAULT 'N/A'::character varying,
    id_usuario integer,
    id_status integer,
    fe_creado timestamp(0) without time zone,
    fe_actualizado timestamp(0) without time zone
);


--
-- TOC entry 204 (class 1259 OID 19394)
-- Name: grupo_banco_id_grupo_banco_seq; Type: SEQUENCE; Schema: pagos; Owner: -
--

CREATE SEQUENCE pagos.grupo_banco_id_grupo_banco_seq
    START WITH 4
    INCREMENT BY 1
    NO MINVALUE
    NO MAXVALUE
    CACHE 1;


--
-- TOC entry 205 (class 1259 OID 19396)
-- Name: grupo_banco; Type: TABLE; Schema: pagos; Owner: -
--

CREATE TABLE pagos.grupo_banco (
    id_grupo_banco integer DEFAULT nextval('pagos.grupo_banco_id_grupo_banco_seq'::regclass) NOT NULL,
    nb_grupo_banco character varying(30),
    tx_observaciones character varying(100),
    id_usuario integer NOT NULL,
    id_status integer NOT NULL,
    fe_creado timestamp(0) without time zone,
    fe_actualizado timestamp(0) without time zone
);


--
-- TOC entry 206 (class 1259 OID 19400)
-- Name: grupo_ente_id_grupo_ente_seq; Type: SEQUENCE; Schema: pagos; Owner: -
--

CREATE SEQUENCE pagos.grupo_ente_id_grupo_ente_seq
    START WITH 5
    INCREMENT BY 1
    NO MINVALUE
    NO MAXVALUE
    CACHE 1;


--
-- TOC entry 207 (class 1259 OID 19402)
-- Name: grupo_ente; Type: TABLE; Schema: pagos; Owner: -
--

CREATE TABLE pagos.grupo_ente (
    id_grupo_ente integer DEFAULT nextval('pagos.grupo_ente_id_grupo_ente_seq'::regclass) NOT NULL,
    nb_grupo_ente character varying(50),
    tx_observaciones character varying(100),
    id_usuario integer NOT NULL,
    id_status integer NOT NULL,
    fe_creado timestamp(0) without time zone,
    fe_actualizado timestamp(0) without time zone
);


--
-- TOC entry 208 (class 1259 OID 19406)
-- Name: grupo_financiero_id_grupo_financiero_seq; Type: SEQUENCE; Schema: pagos; Owner: -
--

CREATE SEQUENCE pagos.grupo_financiero_id_grupo_financiero_seq
    START WITH 4
    INCREMENT BY 1
    NO MINVALUE
    NO MAXVALUE
    CACHE 1;


--
-- TOC entry 209 (class 1259 OID 19408)
-- Name: grupo_financiero; Type: TABLE; Schema: pagos; Owner: -
--

CREATE TABLE pagos.grupo_financiero (
    id_grupo_financiero integer DEFAULT nextval('pagos.grupo_financiero_id_grupo_financiero_seq'::regclass) NOT NULL,
    nb_grupo_financiero character varying(100) NOT NULL,
    tx_observaciones character varying(100) DEFAULT 'N/A'::character varying,
    id_usuario integer NOT NULL,
    id_status integer NOT NULL,
    fe_creado timestamp(0) without time zone,
    fe_actualizado timestamp(0) without time zone
);


--
-- TOC entry 210 (class 1259 OID 19413)
-- Name: grupo_status_id_grupo_status_seq; Type: SEQUENCE; Schema: pagos; Owner: -
--

CREATE SEQUENCE pagos.grupo_status_id_grupo_status_seq
    START WITH 2
    INCREMENT BY 1
    NO MINVALUE
    NO MAXVALUE
    CACHE 1;


--
-- TOC entry 211 (class 1259 OID 19415)
-- Name: grupo_status; Type: TABLE; Schema: pagos; Owner: -
--

CREATE TABLE pagos.grupo_status (
    id_grupo_status integer DEFAULT nextval('pagos.grupo_status_id_grupo_status_seq'::regclass) NOT NULL,
    nb_grupo character varying(100),
    tx_observaciones character varying(100) DEFAULT 'N/A'::character varying,
    id_usuario integer,
    id_status integer,
    fe_creado timestamp(0) without time zone,
    fe_actualizado timestamp(0) without time zone
);


--
-- TOC entry 2676 (class 0 OID 0)
-- Dependencies: 211
-- Name: TABLE grupo_status; Type: COMMENT; Schema: pagos; Owner: -
--

COMMENT ON TABLE pagos.grupo_status IS 'Tabla que categoriza los grupos para definir estaus por grupos creados';


--
-- TOC entry 2677 (class 0 OID 0)
-- Dependencies: 211
-- Name: COLUMN grupo_status.id_grupo_status; Type: COMMENT; Schema: pagos; Owner: -
--

COMMENT ON COLUMN pagos.grupo_status.id_grupo_status IS 'Identificador único de la tabla grupo_status';


--
-- TOC entry 2678 (class 0 OID 0)
-- Dependencies: 211
-- Name: COLUMN grupo_status.nb_grupo; Type: COMMENT; Schema: pagos; Owner: -
--

COMMENT ON COLUMN pagos.grupo_status.nb_grupo IS 'Nombre dado al grupo';


--
-- TOC entry 2679 (class 0 OID 0)
-- Dependencies: 211
-- Name: COLUMN grupo_status.tx_observaciones; Type: COMMENT; Schema: pagos; Owner: -
--

COMMENT ON COLUMN pagos.grupo_status.tx_observaciones IS 'Observaciones en caso de aplicar al campo insertado o modificado';


--
-- TOC entry 2680 (class 0 OID 0)
-- Dependencies: 211
-- Name: COLUMN grupo_status.id_usuario; Type: COMMENT; Schema: pagos; Owner: -
--

COMMENT ON COLUMN pagos.grupo_status.id_usuario IS 'Id usuario que interviene en el registro';


--
-- TOC entry 2681 (class 0 OID 0)
-- Dependencies: 211
-- Name: COLUMN grupo_status.id_status; Type: COMMENT; Schema: pagos; Owner: -
--

COMMENT ON COLUMN pagos.grupo_status.id_status IS 'Estatus del registro actual';


--
-- TOC entry 2682 (class 0 OID 0)
-- Dependencies: 211
-- Name: COLUMN grupo_status.fe_creado; Type: COMMENT; Schema: pagos; Owner: -
--

COMMENT ON COLUMN pagos.grupo_status.fe_creado IS 'Fecha y hora de la creación del registro';


--
-- TOC entry 2683 (class 0 OID 0)
-- Dependencies: 211
-- Name: COLUMN grupo_status.fe_actualizado; Type: COMMENT; Schema: pagos; Owner: -
--

COMMENT ON COLUMN pagos.grupo_status.fe_actualizado IS 'Fecha y hora de actualización del registro';


--
-- TOC entry 212 (class 1259 OID 19420)
-- Name: ingreso_id_ingreso_seq; Type: SEQUENCE; Schema: pagos; Owner: -
--

CREATE SEQUENCE pagos.ingreso_id_ingreso_seq
    START WITH 4
    INCREMENT BY 1
    NO MINVALUE
    NO MAXVALUE
    CACHE 1;


--
-- TOC entry 213 (class 1259 OID 19422)
-- Name: ingreso; Type: TABLE; Schema: pagos; Owner: -
--

CREATE TABLE pagos.ingreso (
    id_ingreso integer DEFAULT nextval('pagos.ingreso_id_ingreso_seq'::regclass) NOT NULL,
    id_tipo_ingreso integer,
    id_ente integer,
    id_moneda integer,
    mo_ingreso numeric(15,2),
    mo_tasa numeric(15,4),
    fe_ingreso timestamp(0) without time zone,
    tx_observaciones character varying(100) DEFAULT 'N/A'::character varying,
    id_usuario integer NOT NULL,
    id_status integer NOT NULL,
    fe_creado timestamp(0) without time zone,
    fe_actualizado timestamp(0) without time zone,
    id_banco integer
);


--
-- TOC entry 214 (class 1259 OID 19427)
-- Name: instruccion_id_instruccion_seq; Type: SEQUENCE; Schema: pagos; Owner: -
--

CREATE SEQUENCE pagos.instruccion_id_instruccion_seq
    START WITH 3
    INCREMENT BY 1
    NO MINVALUE
    NO MAXVALUE
    CACHE 1;


--
-- TOC entry 215 (class 1259 OID 19429)
-- Name: instruccion; Type: TABLE; Schema: pagos; Owner: -
--

CREATE TABLE pagos.instruccion (
    id_instruccion integer DEFAULT nextval('pagos.instruccion_id_instruccion_seq'::regclass) NOT NULL,
    id_solicitud integer NOT NULL,
    tx_concepto character varying(100),
    id_esquema integer NOT NULL,
    nu_esquema character varying(20),
    tx_ofi_cta_mte character varying(20),
    bo_ofi_cta_mte boolean,
    fe_instruccion timestamp(0) without time zone,
    mo_instruccion numeric(15,2),
    id_moneda integer NOT NULL,
    tx_observaciones character varying(100),
    id_usuario integer,
    id_status integer,
    fe_creado timestamp(0) without time zone,
    fe_actualizado timestamp(0) without time zone
);


--
-- TOC entry 216 (class 1259 OID 19433)
-- Name: menu_id_menu_seq; Type: SEQUENCE; Schema: pagos; Owner: -
--

CREATE SEQUENCE pagos.menu_id_menu_seq
    START WITH 1
    INCREMENT BY 1
    NO MINVALUE
    NO MAXVALUE
    CACHE 1;


--
-- TOC entry 217 (class 1259 OID 19435)
-- Name: menu; Type: TABLE; Schema: pagos; Owner: -
--

CREATE TABLE pagos.menu (
    id_menu integer DEFAULT nextval('pagos.menu_id_menu_seq'::regclass) NOT NULL,
    id_modulo integer NOT NULL,
    nb_menu character varying(50) NOT NULL,
    tx_url character varying(50) NOT NULL,
    tx_icon character varying(25),
    tx_extra character varying(20),
    nu_orden integer,
    id_menu_base integer,
    tx_observaciones character varying(100) DEFAULT 'N/A'::character varying,
    id_usuario integer NOT NULL,
    id_status integer NOT NULL,
    fe_creado timestamp(0) without time zone,
    fe_actualizado timestamp(0) without time zone
);


--
-- TOC entry 218 (class 1259 OID 19440)
-- Name: modulo_id_modulo_seq; Type: SEQUENCE; Schema: pagos; Owner: -
--

CREATE SEQUENCE pagos.modulo_id_modulo_seq
    START WITH 1
    INCREMENT BY 1
    NO MINVALUE
    NO MAXVALUE
    CACHE 1;


--
-- TOC entry 219 (class 1259 OID 19442)
-- Name: modulo; Type: TABLE; Schema: pagos; Owner: -
--

CREATE TABLE pagos.modulo (
    id_modulo integer DEFAULT nextval('pagos.modulo_id_modulo_seq'::regclass) NOT NULL,
    nb_modulo character varying(50) NOT NULL,
    tx_icono character varying(25),
    tx_extra character varying(25),
    tx_observaciones character varying(100) DEFAULT 'N/A'::character varying,
    id_usuario integer NOT NULL,
    id_status integer NOT NULL,
    fe_creado timestamp(0) without time zone,
    fe_actualizado timestamp(0) without time zone
);


--
-- TOC entry 220 (class 1259 OID 19447)
-- Name: moneda_id_moneda_seq; Type: SEQUENCE; Schema: pagos; Owner: -
--

CREATE SEQUENCE pagos.moneda_id_moneda_seq
    START WITH 5
    INCREMENT BY 1
    NO MINVALUE
    NO MAXVALUE
    CACHE 1;


--
-- TOC entry 221 (class 1259 OID 19449)
-- Name: moneda; Type: TABLE; Schema: pagos; Owner: -
--

CREATE TABLE pagos.moneda (
    id_moneda integer DEFAULT nextval('pagos.moneda_id_moneda_seq'::regclass) NOT NULL,
    nb_moneda character varying(25),
    co_moneda character varying(5),
    tx_signo character varying(3),
    tx_observaciones character varying(100) DEFAULT 'N/A'::character varying,
    id_usuario integer,
    id_status integer,
    fe_creado timestamp(0) without time zone,
    fe_actualizado timestamp(0) without time zone
);


--
-- TOC entry 2689 (class 0 OID 0)
-- Dependencies: 221
-- Name: TABLE moneda; Type: COMMENT; Schema: pagos; Owner: -
--

COMMENT ON TABLE pagos.moneda IS 'Define las monedas existentes y que funcionaran en el aplicativo';


--
-- TOC entry 2690 (class 0 OID 0)
-- Dependencies: 221
-- Name: COLUMN moneda.id_moneda; Type: COMMENT; Schema: pagos; Owner: -
--

COMMENT ON COLUMN pagos.moneda.id_moneda IS 'Identificador único de la tabla moneda';


--
-- TOC entry 2691 (class 0 OID 0)
-- Dependencies: 221
-- Name: COLUMN moneda.co_moneda; Type: COMMENT; Schema: pagos; Owner: -
--

COMMENT ON COLUMN pagos.moneda.co_moneda IS 'Codigo de la moneda';


--
-- TOC entry 2692 (class 0 OID 0)
-- Dependencies: 221
-- Name: COLUMN moneda.tx_observaciones; Type: COMMENT; Schema: pagos; Owner: -
--

COMMENT ON COLUMN pagos.moneda.tx_observaciones IS 'Observaciones en caso de aplicar al campo insertado o modificado';


--
-- TOC entry 2693 (class 0 OID 0)
-- Dependencies: 221
-- Name: COLUMN moneda.id_usuario; Type: COMMENT; Schema: pagos; Owner: -
--

COMMENT ON COLUMN pagos.moneda.id_usuario IS 'Id usuario que interviene en el registro';


--
-- TOC entry 2694 (class 0 OID 0)
-- Dependencies: 221
-- Name: COLUMN moneda.id_status; Type: COMMENT; Schema: pagos; Owner: -
--

COMMENT ON COLUMN pagos.moneda.id_status IS 'Estatus del registro actual';


--
-- TOC entry 2695 (class 0 OID 0)
-- Dependencies: 221
-- Name: COLUMN moneda.fe_creado; Type: COMMENT; Schema: pagos; Owner: -
--

COMMENT ON COLUMN pagos.moneda.fe_creado IS 'Fecha y hora de la creación del registro';


--
-- TOC entry 2696 (class 0 OID 0)
-- Dependencies: 221
-- Name: COLUMN moneda.fe_actualizado; Type: COMMENT; Schema: pagos; Owner: -
--

COMMENT ON COLUMN pagos.moneda.fe_actualizado IS 'Fecha y hora de actualización del registro';


--
-- TOC entry 222 (class 1259 OID 19454)
-- Name: movimiento; Type: TABLE; Schema: pagos; Owner: -
--

CREATE TABLE pagos.movimiento (
    id_movimiento integer NOT NULL,
    nu_movimiento integer NOT NULL,
    nb_modulo character varying(50) NOT NULL,
    tx_tipomov character varying(50),
    mo_movimiento numeric(15,2),
    fe_movimiento timestamp(0) without time zone,
    tx_observaciones character varying(100) DEFAULT 'N/A'::character varying,
    id_usuario integer NOT NULL,
    id_status integer NOT NULL,
    fe_creado timestamp(0) without time zone,
    fe_actualizado timestamp(0) without time zone,
    id_moneda integer
);


--
-- TOC entry 223 (class 1259 OID 19458)
-- Name: movimiento_id_movimiento_seq; Type: SEQUENCE; Schema: pagos; Owner: -
--

CREATE SEQUENCE pagos.movimiento_id_movimiento_seq
    START WITH 1
    INCREMENT BY 1
    NO MINVALUE
    NO MAXVALUE
    CACHE 1;


--
-- TOC entry 2699 (class 0 OID 0)
-- Dependencies: 223
-- Name: movimiento_id_movimiento_seq; Type: SEQUENCE OWNED BY; Schema: pagos; Owner: -
--

ALTER SEQUENCE pagos.movimiento_id_movimiento_seq OWNED BY pagos.movimiento.id_movimiento;


--
-- TOC entry 224 (class 1259 OID 19460)
-- Name: pagos_id_pago_seq; Type: SEQUENCE; Schema: pagos; Owner: -
--

CREATE SEQUENCE pagos.pagos_id_pago_seq
    START WITH 1
    INCREMENT BY 1
    NO MINVALUE
    NO MAXVALUE
    CACHE 1;


--
-- TOC entry 225 (class 1259 OID 19462)
-- Name: pago; Type: TABLE; Schema: pagos; Owner: -
--

CREATE TABLE pagos.pago (
    id_pago integer DEFAULT nextval('pagos.pagos_id_pago_seq'::regclass) NOT NULL,
    id_instruccion integer NOT NULL,
    fe_liq_bcv timestamp(0) without time zone,
    id_banco integer NOT NULL,
    fe_pago timestamp(0) without time zone,
    id_moneda integer NOT NULL,
    mo_tasa numeric(15,4) NOT NULL,
    mo_final_pago numeric(15,2),
    id_tipo_pago integer NOT NULL,
    tx_observaciones character varying(100),
    id_usuario integer,
    id_status integer,
    fe_creado timestamp(0) without time zone,
    fe_actualizado timestamp(0) without time zone,
    id_ente integer
);


--
-- TOC entry 226 (class 1259 OID 19466)
-- Name: password_resets; Type: TABLE; Schema: pagos; Owner: -
--

CREATE TABLE pagos.password_resets (
    email character varying(255) NOT NULL,
    token character varying(255) NOT NULL,
    created_at timestamp(0) without time zone
);


--
-- TOC entry 227 (class 1259 OID 19472)
-- Name: permiso; Type: TABLE; Schema: pagos; Owner: -
--

CREATE TABLE pagos.permiso (
    id_permiso integer NOT NULL,
    id_rol integer NOT NULL,
    id_menu integer NOT NULL,
    bo_create boolean,
    bo_update boolean,
    bo_read boolean,
    bo_delete boolean,
    tx_observaciones character varying(100) DEFAULT 'N/A'::character varying,
    id_usuario integer NOT NULL,
    id_status integer NOT NULL,
    fe_creado timestamp(0) without time zone,
    fe_actualizado timestamp(0) without time zone
);


--
-- TOC entry 228 (class 1259 OID 19476)
-- Name: permiso_id_permiso_seq; Type: SEQUENCE; Schema: pagos; Owner: -
--

CREATE SEQUENCE pagos.permiso_id_permiso_seq
    START WITH 1
    INCREMENT BY 1
    NO MINVALUE
    NO MAXVALUE
    CACHE 1;


--
-- TOC entry 2703 (class 0 OID 0)
-- Dependencies: 228
-- Name: permiso_id_permiso_seq; Type: SEQUENCE OWNED BY; Schema: pagos; Owner: -
--

ALTER SEQUENCE pagos.permiso_id_permiso_seq OWNED BY pagos.permiso.id_permiso;


--
-- TOC entry 229 (class 1259 OID 19478)
-- Name: rol; Type: TABLE; Schema: pagos; Owner: -
--

CREATE TABLE pagos.rol (
    id_rol integer NOT NULL,
    nb_rol character varying(50) NOT NULL,
    tx_observaciones character varying(100) DEFAULT 'N/A'::character varying,
    id_usuario integer NOT NULL,
    id_status integer NOT NULL,
    fe_creado timestamp(0) without time zone,
    fe_actualizado timestamp(0) without time zone
);


--
-- TOC entry 230 (class 1259 OID 19482)
-- Name: rol_id_rol_seq; Type: SEQUENCE; Schema: pagos; Owner: -
--

CREATE SEQUENCE pagos.rol_id_rol_seq
    START WITH 1
    INCREMENT BY 1
    NO MINVALUE
    NO MAXVALUE
    CACHE 1;


--
-- TOC entry 2705 (class 0 OID 0)
-- Dependencies: 230
-- Name: rol_id_rol_seq; Type: SEQUENCE OWNED BY; Schema: pagos; Owner: -
--

ALTER SEQUENCE pagos.rol_id_rol_seq OWNED BY pagos.rol.id_rol;


--
-- TOC entry 231 (class 1259 OID 19484)
-- Name: solicitud_id_solicitud_seq; Type: SEQUENCE; Schema: pagos; Owner: -
--

CREATE SEQUENCE pagos.solicitud_id_solicitud_seq
    START WITH 4
    INCREMENT BY 1
    NO MINVALUE
    NO MAXVALUE
    CACHE 1;


--
-- TOC entry 232 (class 1259 OID 19486)
-- Name: solicitud; Type: TABLE; Schema: pagos; Owner: -
--

CREATE TABLE pagos.solicitud (
    id_solicitud integer DEFAULT nextval('pagos.solicitud_id_solicitud_seq'::regclass) NOT NULL,
    nu_solicitud character varying(25),
    tx_concepto character varying(200),
    mo_solicitud numeric(15,2),
    fe_solicitud timestamp(0) without time zone,
    id_ente integer NOT NULL,
    id_moneda integer NOT NULL,
    id_categoria integer NOT NULL,
    tx_observaciones character varying(100) DEFAULT 'N/A'::character varying,
    id_usuario integer NOT NULL,
    id_status integer NOT NULL,
    fe_creado timestamp(0) without time zone,
    fe_actualizado timestamp(0) without time zone
);


--
-- TOC entry 233 (class 1259 OID 19491)
-- Name: status_id_status_seq; Type: SEQUENCE; Schema: pagos; Owner: -
--

CREATE SEQUENCE pagos.status_id_status_seq
    START WITH 2
    INCREMENT BY 1
    NO MINVALUE
    NO MAXVALUE
    CACHE 1;


--
-- TOC entry 234 (class 1259 OID 19493)
-- Name: status; Type: TABLE; Schema: pagos; Owner: -
--

CREATE TABLE pagos.status (
    id_status integer DEFAULT nextval('pagos.status_id_status_seq'::regclass) NOT NULL,
    nb_status character varying(150),
    co_status character varying(10),
    nb_secundario character varying(50),
    id_grupo integer NOT NULL,
    bo_status boolean NOT NULL,
    id_padre integer,
    tx_observaciones character varying(150) DEFAULT 'N/A'::character varying,
    id_usuario integer NOT NULL,
    fe_creado timestamp(0) without time zone,
    fe_actualizado timestamp(0) without time zone,
    bo_credito boolean,
    bo_debito boolean,
    bo_oculto boolean,
    nu_orden integer
);


--
-- TOC entry 2707 (class 0 OID 0)
-- Dependencies: 234
-- Name: TABLE status; Type: COMMENT; Schema: pagos; Owner: -
--

COMMENT ON TABLE pagos.status IS 'Tabla para los estatus de los sistemas ';


--
-- TOC entry 2708 (class 0 OID 0)
-- Dependencies: 234
-- Name: COLUMN status.id_status; Type: COMMENT; Schema: pagos; Owner: -
--

COMMENT ON COLUMN pagos.status.id_status IS 'Identificacdor único de la tabla Status';


--
-- TOC entry 2709 (class 0 OID 0)
-- Dependencies: 234
-- Name: COLUMN status.nb_status; Type: COMMENT; Schema: pagos; Owner: -
--

COMMENT ON COLUMN pagos.status.nb_status IS 'Nombre del status';


--
-- TOC entry 2710 (class 0 OID 0)
-- Dependencies: 234
-- Name: COLUMN status.co_status; Type: COMMENT; Schema: pagos; Owner: -
--

COMMENT ON COLUMN pagos.status.co_status IS 'código del segundo estatus secundario';


--
-- TOC entry 2711 (class 0 OID 0)
-- Dependencies: 234
-- Name: COLUMN status.nb_secundario; Type: COMMENT; Schema: pagos; Owner: -
--

COMMENT ON COLUMN pagos.status.nb_secundario IS 'Nombre del estatus secundario';


--
-- TOC entry 2712 (class 0 OID 0)
-- Dependencies: 234
-- Name: COLUMN status.id_grupo; Type: COMMENT; Schema: pagos; Owner: -
--

COMMENT ON COLUMN pagos.status.id_grupo IS 'Identificador de la tabla grupo';


--
-- TOC entry 2713 (class 0 OID 0)
-- Dependencies: 234
-- Name: COLUMN status.bo_status; Type: COMMENT; Schema: pagos; Owner: -
--

COMMENT ON COLUMN pagos.status.bo_status IS 'Id status detalle';


--
-- TOC entry 2714 (class 0 OID 0)
-- Dependencies: 234
-- Name: COLUMN status.id_padre; Type: COMMENT; Schema: pagos; Owner: -
--

COMMENT ON COLUMN pagos.status.id_padre IS 'Estatus principal a quien pertenece';


--
-- TOC entry 2715 (class 0 OID 0)
-- Dependencies: 234
-- Name: COLUMN status.tx_observaciones; Type: COMMENT; Schema: pagos; Owner: -
--

COMMENT ON COLUMN pagos.status.tx_observaciones IS 'Observación del registro estatus';


--
-- TOC entry 2716 (class 0 OID 0)
-- Dependencies: 234
-- Name: COLUMN status.id_usuario; Type: COMMENT; Schema: pagos; Owner: -
--

COMMENT ON COLUMN pagos.status.id_usuario IS 'id del usuario que realiza la acción';


--
-- TOC entry 2717 (class 0 OID 0)
-- Dependencies: 234
-- Name: COLUMN status.fe_creado; Type: COMMENT; Schema: pagos; Owner: -
--

COMMENT ON COLUMN pagos.status.fe_creado IS 'Fecha y hora de la creación del registro';


--
-- TOC entry 2718 (class 0 OID 0)
-- Dependencies: 234
-- Name: COLUMN status.fe_actualizado; Type: COMMENT; Schema: pagos; Owner: -
--

COMMENT ON COLUMN pagos.status.fe_actualizado IS 'Fecha y hora de modificación del registro';


--
-- TOC entry 235 (class 1259 OID 19498)
-- Name: tasa_id_tasa_seq; Type: SEQUENCE; Schema: pagos; Owner: -
--

CREATE SEQUENCE pagos.tasa_id_tasa_seq
    START WITH 1
    INCREMENT BY 1
    NO MINVALUE
    NO MAXVALUE
    CACHE 1;


--
-- TOC entry 236 (class 1259 OID 19500)
-- Name: tasa; Type: TABLE; Schema: pagos; Owner: -
--

CREATE TABLE pagos.tasa (
    id_tasa integer DEFAULT nextval('pagos.tasa_id_tasa_seq'::regclass) NOT NULL,
    id_moneda integer,
    mo_tasa numeric(5,2),
    fe_tasa timestamp(0) without time zone,
    tx_observaciones character varying(100) DEFAULT 'N/A'::character varying,
    id_usuario integer,
    id_status integer,
    fe_creado timestamp(0) without time zone,
    fe_actualizado timestamp(0) without time zone
);


--
-- TOC entry 2720 (class 0 OID 0)
-- Dependencies: 236
-- Name: TABLE tasa; Type: COMMENT; Schema: pagos; Owner: -
--

COMMENT ON TABLE pagos.tasa IS 'TABLA QUE DEFINE LOS VALORES DE LAS TASAS ACTUALES ACTIVAS E INACTIVAS';


--
-- TOC entry 2721 (class 0 OID 0)
-- Dependencies: 236
-- Name: COLUMN tasa.id_tasa; Type: COMMENT; Schema: pagos; Owner: -
--

COMMENT ON COLUMN pagos.tasa.id_tasa IS 'Indentificador único del registro';


--
-- TOC entry 2722 (class 0 OID 0)
-- Dependencies: 236
-- Name: COLUMN tasa.id_moneda; Type: COMMENT; Schema: pagos; Owner: -
--

COMMENT ON COLUMN pagos.tasa.id_moneda IS 'id moneda a quien se le aplica la tasa';


--
-- TOC entry 2723 (class 0 OID 0)
-- Dependencies: 236
-- Name: COLUMN tasa.mo_tasa; Type: COMMENT; Schema: pagos; Owner: -
--

COMMENT ON COLUMN pagos.tasa.mo_tasa IS 'Monto o valor de la tasa aplicada a la moneda';


--
-- TOC entry 2724 (class 0 OID 0)
-- Dependencies: 236
-- Name: COLUMN tasa.fe_tasa; Type: COMMENT; Schema: pagos; Owner: -
--

COMMENT ON COLUMN pagos.tasa.fe_tasa IS 'Fecha registro de la tasa';


--
-- TOC entry 2725 (class 0 OID 0)
-- Dependencies: 236
-- Name: COLUMN tasa.tx_observaciones; Type: COMMENT; Schema: pagos; Owner: -
--

COMMENT ON COLUMN pagos.tasa.tx_observaciones IS 'Observaciones en caso de aplicar al campo insertado o modificado';


--
-- TOC entry 2726 (class 0 OID 0)
-- Dependencies: 236
-- Name: COLUMN tasa.id_usuario; Type: COMMENT; Schema: pagos; Owner: -
--

COMMENT ON COLUMN pagos.tasa.id_usuario IS 'Id usuario que interviene en el registro';


--
-- TOC entry 2727 (class 0 OID 0)
-- Dependencies: 236
-- Name: COLUMN tasa.id_status; Type: COMMENT; Schema: pagos; Owner: -
--

COMMENT ON COLUMN pagos.tasa.id_status IS 'Estatus del registro actual';


--
-- TOC entry 2728 (class 0 OID 0)
-- Dependencies: 236
-- Name: COLUMN tasa.fe_creado; Type: COMMENT; Schema: pagos; Owner: -
--

COMMENT ON COLUMN pagos.tasa.fe_creado IS 'Fecha y hora de la creación del registro';


--
-- TOC entry 2729 (class 0 OID 0)
-- Dependencies: 236
-- Name: COLUMN tasa.fe_actualizado; Type: COMMENT; Schema: pagos; Owner: -
--

COMMENT ON COLUMN pagos.tasa.fe_actualizado IS 'Fecha y hora de actualización del registro';


--
-- TOC entry 237 (class 1259 OID 19505)
-- Name: tipo_banco_id_tipo_banco_seq; Type: SEQUENCE; Schema: pagos; Owner: -
--

CREATE SEQUENCE pagos.tipo_banco_id_tipo_banco_seq
    START WITH 2
    INCREMENT BY 1
    NO MINVALUE
    NO MAXVALUE
    CACHE 1;


--
-- TOC entry 238 (class 1259 OID 19507)
-- Name: tipo_banco; Type: TABLE; Schema: pagos; Owner: -
--

CREATE TABLE pagos.tipo_banco (
    id_tipo_banco integer DEFAULT nextval('pagos.tipo_banco_id_tipo_banco_seq'::regclass) NOT NULL,
    nb_tipo_banco character varying(50),
    tx_observaciones character varying(100) DEFAULT 'N/A'::character varying,
    id_usuario integer,
    id_status integer,
    fe_creado timestamp(0) without time zone,
    fe_actualizado timestamp(0) without time zone
);


--
-- TOC entry 2731 (class 0 OID 0)
-- Dependencies: 238
-- Name: TABLE tipo_banco; Type: COMMENT; Schema: pagos; Owner: -
--

COMMENT ON TABLE pagos.tipo_banco IS 'TABLA QUE CONTIENE TIPOS DE BANCO EXISTENTE (NACIONAL - INTEERNACIONAL )';


--
-- TOC entry 2732 (class 0 OID 0)
-- Dependencies: 238
-- Name: COLUMN tipo_banco.id_tipo_banco; Type: COMMENT; Schema: pagos; Owner: -
--

COMMENT ON COLUMN pagos.tipo_banco.id_tipo_banco IS 'IDENTIFICADOR ÚNICO DEL REGISTRO TABLA TIPO BANCO ';


--
-- TOC entry 2733 (class 0 OID 0)
-- Dependencies: 238
-- Name: COLUMN tipo_banco.nb_tipo_banco; Type: COMMENT; Schema: pagos; Owner: -
--

COMMENT ON COLUMN pagos.tipo_banco.nb_tipo_banco IS 'NOMBRE DEL TIPO DE BANCO ';


--
-- TOC entry 2734 (class 0 OID 0)
-- Dependencies: 238
-- Name: COLUMN tipo_banco.tx_observaciones; Type: COMMENT; Schema: pagos; Owner: -
--

COMMENT ON COLUMN pagos.tipo_banco.tx_observaciones IS 'Observaciones en caso de aplicar al campo insertado o modificado';


--
-- TOC entry 2735 (class 0 OID 0)
-- Dependencies: 238
-- Name: COLUMN tipo_banco.id_usuario; Type: COMMENT; Schema: pagos; Owner: -
--

COMMENT ON COLUMN pagos.tipo_banco.id_usuario IS 'Id usuario que interviene en el registro';


--
-- TOC entry 2736 (class 0 OID 0)
-- Dependencies: 238
-- Name: COLUMN tipo_banco.id_status; Type: COMMENT; Schema: pagos; Owner: -
--

COMMENT ON COLUMN pagos.tipo_banco.id_status IS 'Estatus del registro actual';


--
-- TOC entry 2737 (class 0 OID 0)
-- Dependencies: 238
-- Name: COLUMN tipo_banco.fe_creado; Type: COMMENT; Schema: pagos; Owner: -
--

COMMENT ON COLUMN pagos.tipo_banco.fe_creado IS 'Fecha y hora de la creación del registro';


--
-- TOC entry 2738 (class 0 OID 0)
-- Dependencies: 238
-- Name: COLUMN tipo_banco.fe_actualizado; Type: COMMENT; Schema: pagos; Owner: -
--

COMMENT ON COLUMN pagos.tipo_banco.fe_actualizado IS 'Fecha y hora de actualización del registro';


--
-- TOC entry 239 (class 1259 OID 19512)
-- Name: tipo_ente_id_tipo_ente_seq; Type: SEQUENCE; Schema: pagos; Owner: -
--

CREATE SEQUENCE pagos.tipo_ente_id_tipo_ente_seq
    START WITH 3
    INCREMENT BY 1
    NO MINVALUE
    NO MAXVALUE
    CACHE 1;


--
-- TOC entry 240 (class 1259 OID 19514)
-- Name: tipo_ente; Type: TABLE; Schema: pagos; Owner: -
--

CREATE TABLE pagos.tipo_ente (
    id_tipo_ente integer DEFAULT nextval('pagos.tipo_ente_id_tipo_ente_seq'::regclass) NOT NULL,
    nb_tipo_ente character varying(100) NOT NULL,
    id_clase_ente integer NOT NULL,
    tx_observaciones character varying(100) DEFAULT 'N/A'::character varying,
    id_usuario integer NOT NULL,
    id_status integer NOT NULL,
    fe_creado timestamp(0) without time zone,
    fe_actualizado timestamp(0) without time zone
);


--
-- TOC entry 241 (class 1259 OID 19519)
-- Name: tipo_ingreso_id_tipo_ingreso_seq; Type: SEQUENCE; Schema: pagos; Owner: -
--

CREATE SEQUENCE pagos.tipo_ingreso_id_tipo_ingreso_seq
    START WITH 8
    INCREMENT BY 1
    NO MINVALUE
    NO MAXVALUE
    CACHE 1;


--
-- TOC entry 242 (class 1259 OID 19521)
-- Name: tipo_ingreso; Type: TABLE; Schema: pagos; Owner: -
--

CREATE TABLE pagos.tipo_ingreso (
    id_tipo_ingreso integer DEFAULT nextval('pagos.tipo_ingreso_id_tipo_ingreso_seq'::regclass) NOT NULL,
    nb_tipo_ingreso character varying(100),
    tx_observaciones character varying(100) DEFAULT 'N/A'::character varying,
    id_usuario integer,
    id_status integer,
    fe_creado timestamp(0) without time zone,
    fe_actualizado timestamp(0) without time zone
);


--
-- TOC entry 2741 (class 0 OID 0)
-- Dependencies: 242
-- Name: TABLE tipo_ingreso; Type: COMMENT; Schema: pagos; Owner: -
--

COMMENT ON TABLE pagos.tipo_ingreso IS 'TABLA QUE CONTIENE TIPO DE INGRESO EXISTENTES';


--
-- TOC entry 2742 (class 0 OID 0)
-- Dependencies: 242
-- Name: COLUMN tipo_ingreso.id_tipo_ingreso; Type: COMMENT; Schema: pagos; Owner: -
--

COMMENT ON COLUMN pagos.tipo_ingreso.id_tipo_ingreso IS 'IDENTIFICADOR UNICO DEL REGISTRO';


--
-- TOC entry 2743 (class 0 OID 0)
-- Dependencies: 242
-- Name: COLUMN tipo_ingreso.nb_tipo_ingreso; Type: COMMENT; Schema: pagos; Owner: -
--

COMMENT ON COLUMN pagos.tipo_ingreso.nb_tipo_ingreso IS 'NOMBRE DEL TIPO DE INGRESO';


--
-- TOC entry 2744 (class 0 OID 0)
-- Dependencies: 242
-- Name: COLUMN tipo_ingreso.tx_observaciones; Type: COMMENT; Schema: pagos; Owner: -
--

COMMENT ON COLUMN pagos.tipo_ingreso.tx_observaciones IS 'Observaciones en caso de aplicar al campo insertado o modificado';


--
-- TOC entry 2745 (class 0 OID 0)
-- Dependencies: 242
-- Name: COLUMN tipo_ingreso.id_usuario; Type: COMMENT; Schema: pagos; Owner: -
--

COMMENT ON COLUMN pagos.tipo_ingreso.id_usuario IS 'Id usuario que interviene en el registro';


--
-- TOC entry 2746 (class 0 OID 0)
-- Dependencies: 242
-- Name: COLUMN tipo_ingreso.id_status; Type: COMMENT; Schema: pagos; Owner: -
--

COMMENT ON COLUMN pagos.tipo_ingreso.id_status IS 'Estatus del registro actual';


--
-- TOC entry 2747 (class 0 OID 0)
-- Dependencies: 242
-- Name: COLUMN tipo_ingreso.fe_creado; Type: COMMENT; Schema: pagos; Owner: -
--

COMMENT ON COLUMN pagos.tipo_ingreso.fe_creado IS 'Fecha y hora de la creación del registro';


--
-- TOC entry 2748 (class 0 OID 0)
-- Dependencies: 242
-- Name: COLUMN tipo_ingreso.fe_actualizado; Type: COMMENT; Schema: pagos; Owner: -
--

COMMENT ON COLUMN pagos.tipo_ingreso.fe_actualizado IS 'Fecha y hora de actualización del registro';


--
-- TOC entry 243 (class 1259 OID 19526)
-- Name: tipo_pago_id_tipo_pago_seq; Type: SEQUENCE; Schema: pagos; Owner: -
--

CREATE SEQUENCE pagos.tipo_pago_id_tipo_pago_seq
    START WITH 2
    INCREMENT BY 1
    NO MINVALUE
    NO MAXVALUE
    CACHE 1;


--
-- TOC entry 244 (class 1259 OID 19528)
-- Name: tipo_pago; Type: TABLE; Schema: pagos; Owner: -
--

CREATE TABLE pagos.tipo_pago (
    id_tipo_pago integer DEFAULT nextval('pagos.tipo_pago_id_tipo_pago_seq'::regclass) NOT NULL,
    nb_tipo_pago character varying(50),
    tx_observaciones character varying(100) DEFAULT 'N/A'::character varying,
    id_usuario integer,
    id_status integer,
    fe_creado timestamp(0) without time zone,
    fe_actualizado timestamp(0) without time zone
);


--
-- TOC entry 245 (class 1259 OID 19533)
-- Name: tr_bitacora; Type: TABLE; Schema: pagos; Owner: -
--

CREATE TABLE pagos.tr_bitacora (
    id_bitacora integer NOT NULL,
    co_accion character varying(50) NOT NULL,
    tx_tabla character varying(100) NOT NULL,
    in_id_tabla integer NOT NULL,
    tx_old_valor character varying(2000),
    tx_new_valor character varying(2000),
    fe_accion timestamp(0) without time zone,
    id_usuario integer NOT NULL
);


--
-- TOC entry 246 (class 1259 OID 19539)
-- Name: tr_bitacora_id_bitacora_seq; Type: SEQUENCE; Schema: pagos; Owner: -
--

CREATE SEQUENCE pagos.tr_bitacora_id_bitacora_seq
    START WITH 1
    INCREMENT BY 1
    NO MINVALUE
    NO MAXVALUE
    CACHE 1;


--
-- TOC entry 2752 (class 0 OID 0)
-- Dependencies: 246
-- Name: tr_bitacora_id_bitacora_seq; Type: SEQUENCE OWNED BY; Schema: pagos; Owner: -
--

ALTER SEQUENCE pagos.tr_bitacora_id_bitacora_seq OWNED BY pagos.tr_bitacora.id_bitacora;


--
-- TOC entry 247 (class 1259 OID 19541)
-- Name: users_id_seq; Type: SEQUENCE; Schema: pagos; Owner: -
--

CREATE SEQUENCE pagos.users_id_seq
    START WITH 4
    INCREMENT BY 1
    NO MINVALUE
    NO MAXVALUE
    CACHE 1;


--
-- TOC entry 248 (class 1259 OID 19543)
-- Name: users; Type: TABLE; Schema: pagos; Owner: -
--

CREATE TABLE pagos.users (
    id integer DEFAULT nextval('pagos.users_id_seq'::regclass) NOT NULL,
    name character varying(255) NOT NULL,
    email character varying(255) NOT NULL,
    password character varying(255) NOT NULL,
    remember_token character varying(100),
    created_at timestamp(0) without time zone,
    updated_at timestamp(0) without time zone
);


--
-- TOC entry 249 (class 1259 OID 19550)
-- Name: usuario_id_usuario_seq; Type: SEQUENCE; Schema: pagos; Owner: -
--

CREATE SEQUENCE pagos.usuario_id_usuario_seq
    START WITH 1
    INCREMENT BY 1
    NO MINVALUE
    NO MAXVALUE
    CACHE 1;


--
-- TOC entry 250 (class 1259 OID 19552)
-- Name: usuario; Type: TABLE; Schema: pagos; Owner: -
--

CREATE TABLE pagos.usuario (
    id_usuario integer DEFAULT nextval('pagos.usuario_id_usuario_seq'::regclass) NOT NULL,
    usuario character varying(50) NOT NULL,
    password character varying(100) NOT NULL,
    nu_cedula integer,
    nb_nombre character varying(50),
    nb_apellido character varying(50),
    tx_observaciones character varying(100),
    id_status integer NOT NULL,
    fe_creado timestamp(0) without time zone,
    fe_actualizado timestamp(0) without time zone,
    remember_token character varying(64),
    email character varying(50)
);


--
-- TOC entry 2754 (class 0 OID 0)
-- Dependencies: 250
-- Name: COLUMN usuario.id_usuario; Type: COMMENT; Schema: pagos; Owner: -
--

COMMENT ON COLUMN pagos.usuario.id_usuario IS 'Identificador único de la tabla Usuario';


--
-- TOC entry 2755 (class 0 OID 0)
-- Dependencies: 250
-- Name: COLUMN usuario.usuario; Type: COMMENT; Schema: pagos; Owner: -
--

COMMENT ON COLUMN pagos.usuario.usuario IS 'Nombre del usuario ';


--
-- TOC entry 2756 (class 0 OID 0)
-- Dependencies: 250
-- Name: COLUMN usuario.password; Type: COMMENT; Schema: pagos; Owner: -
--

COMMENT ON COLUMN pagos.usuario.password IS 'Password o clave del usuario';


--
-- TOC entry 2757 (class 0 OID 0)
-- Dependencies: 250
-- Name: COLUMN usuario.nu_cedula; Type: COMMENT; Schema: pagos; Owner: -
--

COMMENT ON COLUMN pagos.usuario.nu_cedula IS 'Número Cédula';


--
-- TOC entry 2758 (class 0 OID 0)
-- Dependencies: 250
-- Name: COLUMN usuario.nb_nombre; Type: COMMENT; Schema: pagos; Owner: -
--

COMMENT ON COLUMN pagos.usuario.nb_nombre IS 'Nombre del Usuario';


--
-- TOC entry 2759 (class 0 OID 0)
-- Dependencies: 250
-- Name: COLUMN usuario.nb_apellido; Type: COMMENT; Schema: pagos; Owner: -
--

COMMENT ON COLUMN pagos.usuario.nb_apellido IS 'Apellidos del Usuario';


--
-- TOC entry 2760 (class 0 OID 0)
-- Dependencies: 250
-- Name: COLUMN usuario.tx_observaciones; Type: COMMENT; Schema: pagos; Owner: -
--

COMMENT ON COLUMN pagos.usuario.tx_observaciones IS 'Observaciones en caso de aplicar al campo insertado o modificado';


--
-- TOC entry 2761 (class 0 OID 0)
-- Dependencies: 250
-- Name: COLUMN usuario.id_status; Type: COMMENT; Schema: pagos; Owner: -
--

COMMENT ON COLUMN pagos.usuario.id_status IS 'Estatus del registro actual';


--
-- TOC entry 2762 (class 0 OID 0)
-- Dependencies: 250
-- Name: COLUMN usuario.fe_creado; Type: COMMENT; Schema: pagos; Owner: -
--

COMMENT ON COLUMN pagos.usuario.fe_creado IS 'Fecha y hora de la creación del registro';


--
-- TOC entry 2763 (class 0 OID 0)
-- Dependencies: 250
-- Name: COLUMN usuario.fe_actualizado; Type: COMMENT; Schema: pagos; Owner: -
--

COMMENT ON COLUMN pagos.usuario.fe_actualizado IS 'Fecha y hora de actualización del registro';


--
-- TOC entry 251 (class 1259 OID 19556)
-- Name: usuario_rol_id_usuario_rol_seq; Type: SEQUENCE; Schema: pagos; Owner: -
--

CREATE SEQUENCE pagos.usuario_rol_id_usuario_rol_seq
    START WITH 1
    INCREMENT BY 1
    NO MINVALUE
    NO MAXVALUE
    CACHE 1;


--
-- TOC entry 252 (class 1259 OID 19558)
-- Name: usuario_rol; Type: TABLE; Schema: pagos; Owner: -
--

CREATE TABLE pagos.usuario_rol (
    id_usuario_rol integer DEFAULT nextval('pagos.usuario_rol_id_usuario_rol_seq'::regclass) NOT NULL,
    id_usuario_r integer NOT NULL,
    id_rol integer NOT NULL,
    tx_especial character varying(30),
    tx_observaciones character varying(100) DEFAULT 'N/A'::character varying,
    id_usuario integer NOT NULL,
    id_status integer NOT NULL,
    fe_creado timestamp(0) without time zone,
    fe_actualizado timestamp(0) without time zone
);


--
-- TOC entry 253 (class 1259 OID 19563)
-- Name: vw_banco; Type: VIEW; Schema: pagos; Owner: -
--

CREATE VIEW pagos.vw_banco AS
 SELECT ba.id_banco,
    ba.nb_banco,
    ba.id_tipo_banco,
    tb.nb_tipo_banco,
    ba.id_grupo_banco,
    gb.nb_grupo_banco,
    ba.tx_observaciones,
    ba.id_usuario,
    btrim((((us.nb_nombre)::text || ' '::text) || (us.nb_apellido)::text)) AS nb_usuario,
    ba.id_status,
    st.nb_status,
    ba.fe_creado,
    ba.fe_actualizado
   FROM ((((pagos.banco ba
     JOIN pagos.tipo_banco tb ON ((tb.id_tipo_banco = ba.id_tipo_banco)))
     JOIN pagos.grupo_banco gb ON ((gb.id_grupo_banco = ba.id_grupo_banco)))
     JOIN pagos.usuario us ON ((us.id_usuario = ba.id_usuario)))
     JOIN pagos.status st ON ((st.id_status = ba.id_status)));


--
-- TOC entry 2766 (class 0 OID 0)
-- Dependencies: 253
-- Name: COLUMN vw_banco.id_banco; Type: COMMENT; Schema: pagos; Owner: -
--

COMMENT ON COLUMN pagos.vw_banco.id_banco IS 'BANCO';


--
-- TOC entry 2767 (class 0 OID 0)
-- Dependencies: 253
-- Name: COLUMN vw_banco.nb_banco; Type: COMMENT; Schema: pagos; Owner: -
--

COMMENT ON COLUMN pagos.vw_banco.nb_banco IS 'BANCO';


--
-- TOC entry 2768 (class 0 OID 0)
-- Dependencies: 253
-- Name: COLUMN vw_banco.id_tipo_banco; Type: COMMENT; Schema: pagos; Owner: -
--

COMMENT ON COLUMN pagos.vw_banco.id_tipo_banco IS 'TIPO BANCO';


--
-- TOC entry 2769 (class 0 OID 0)
-- Dependencies: 253
-- Name: COLUMN vw_banco.nb_tipo_banco; Type: COMMENT; Schema: pagos; Owner: -
--

COMMENT ON COLUMN pagos.vw_banco.nb_tipo_banco IS 'TIPO BANCO';


--
-- TOC entry 2770 (class 0 OID 0)
-- Dependencies: 253
-- Name: COLUMN vw_banco.id_grupo_banco; Type: COMMENT; Schema: pagos; Owner: -
--

COMMENT ON COLUMN pagos.vw_banco.id_grupo_banco IS 'GRUPO BANCO';


--
-- TOC entry 2771 (class 0 OID 0)
-- Dependencies: 253
-- Name: COLUMN vw_banco.nb_grupo_banco; Type: COMMENT; Schema: pagos; Owner: -
--

COMMENT ON COLUMN pagos.vw_banco.nb_grupo_banco IS 'GRUPO BANCO';


--
-- TOC entry 2772 (class 0 OID 0)
-- Dependencies: 253
-- Name: COLUMN vw_banco.tx_observaciones; Type: COMMENT; Schema: pagos; Owner: -
--

COMMENT ON COLUMN pagos.vw_banco.tx_observaciones IS 'OBSERVACIONES';


--
-- TOC entry 2773 (class 0 OID 0)
-- Dependencies: 253
-- Name: COLUMN vw_banco.id_usuario; Type: COMMENT; Schema: pagos; Owner: -
--

COMMENT ON COLUMN pagos.vw_banco.id_usuario IS 'USUARIO';


--
-- TOC entry 2774 (class 0 OID 0)
-- Dependencies: 253
-- Name: COLUMN vw_banco.nb_usuario; Type: COMMENT; Schema: pagos; Owner: -
--

COMMENT ON COLUMN pagos.vw_banco.nb_usuario IS 'USUARIO';


--
-- TOC entry 2775 (class 0 OID 0)
-- Dependencies: 253
-- Name: COLUMN vw_banco.id_status; Type: COMMENT; Schema: pagos; Owner: -
--

COMMENT ON COLUMN pagos.vw_banco.id_status IS 'STATUS';


--
-- TOC entry 2776 (class 0 OID 0)
-- Dependencies: 253
-- Name: COLUMN vw_banco.nb_status; Type: COMMENT; Schema: pagos; Owner: -
--

COMMENT ON COLUMN pagos.vw_banco.nb_status IS 'STATUS';


--
-- TOC entry 2777 (class 0 OID 0)
-- Dependencies: 253
-- Name: COLUMN vw_banco.fe_creado; Type: COMMENT; Schema: pagos; Owner: -
--

COMMENT ON COLUMN pagos.vw_banco.fe_creado IS 'CREADO';


--
-- TOC entry 2778 (class 0 OID 0)
-- Dependencies: 253
-- Name: COLUMN vw_banco.fe_actualizado; Type: COMMENT; Schema: pagos; Owner: -
--

COMMENT ON COLUMN pagos.vw_banco.fe_actualizado IS 'ACTUALIZADO';


--
-- TOC entry 254 (class 1259 OID 19568)
-- Name: vw_bitacora; Type: VIEW; Schema: pagos; Owner: -
--

CREATE VIEW pagos.vw_bitacora AS
 SELECT b.co_accion,
    b.tx_tabla,
    b.in_id_tabla,
    b.tx_old_valor,
    b.tx_new_valor,
    b.fe_accion,
    b.id_usuario,
    btrim((((u.nb_nombre)::text || ' '::text) || (u.nb_apellido)::text)) AS nb_usuario
   FROM (pagos.tr_bitacora b
     JOIN pagos.usuario u ON ((b.id_usuario = u.id_usuario)));


--
-- TOC entry 2780 (class 0 OID 0)
-- Dependencies: 254
-- Name: COLUMN vw_bitacora.co_accion; Type: COMMENT; Schema: pagos; Owner: -
--

COMMENT ON COLUMN pagos.vw_bitacora.co_accion IS 'BITACORA';


--
-- TOC entry 2781 (class 0 OID 0)
-- Dependencies: 254
-- Name: COLUMN vw_bitacora.tx_tabla; Type: COMMENT; Schema: pagos; Owner: -
--

COMMENT ON COLUMN pagos.vw_bitacora.tx_tabla IS 'TABLA';


--
-- TOC entry 2782 (class 0 OID 0)
-- Dependencies: 254
-- Name: COLUMN vw_bitacora.in_id_tabla; Type: COMMENT; Schema: pagos; Owner: -
--

COMMENT ON COLUMN pagos.vw_bitacora.in_id_tabla IS 'ID TABLA';


--
-- TOC entry 2783 (class 0 OID 0)
-- Dependencies: 254
-- Name: COLUMN vw_bitacora.tx_old_valor; Type: COMMENT; Schema: pagos; Owner: -
--

COMMENT ON COLUMN pagos.vw_bitacora.tx_old_valor IS 'VALORES ANTER';


--
-- TOC entry 2784 (class 0 OID 0)
-- Dependencies: 254
-- Name: COLUMN vw_bitacora.tx_new_valor; Type: COMMENT; Schema: pagos; Owner: -
--

COMMENT ON COLUMN pagos.vw_bitacora.tx_new_valor IS 'VALORES NUEVO';


--
-- TOC entry 2785 (class 0 OID 0)
-- Dependencies: 254
-- Name: COLUMN vw_bitacora.fe_accion; Type: COMMENT; Schema: pagos; Owner: -
--

COMMENT ON COLUMN pagos.vw_bitacora.fe_accion IS 'ACCION';


--
-- TOC entry 2786 (class 0 OID 0)
-- Dependencies: 254
-- Name: COLUMN vw_bitacora.id_usuario; Type: COMMENT; Schema: pagos; Owner: -
--

COMMENT ON COLUMN pagos.vw_bitacora.id_usuario IS 'USUARIO';


--
-- TOC entry 2787 (class 0 OID 0)
-- Dependencies: 254
-- Name: COLUMN vw_bitacora.nb_usuario; Type: COMMENT; Schema: pagos; Owner: -
--

COMMENT ON COLUMN pagos.vw_bitacora.nb_usuario IS 'USUARIO';


--
-- TOC entry 255 (class 1259 OID 19573)
-- Name: vw_ingreso; Type: VIEW; Schema: pagos; Owner: -
--

CREATE VIEW pagos.vw_ingreso AS
 SELECT i.mo_tasa,
    i.fe_ingreso,
    i.mo_ingreso,
    i.id_tipo_ingreso,
    ti.nb_tipo_ingreso,
    i.id_ente,
    e.nb_ente,
    i.id_moneda,
    m.nb_moneda,
    i.id_status,
    s.nb_status,
    (i.mo_ingreso * i.mo_tasa) AS mo_dolar
   FROM ((((pagos.ingreso i
     JOIN pagos.tipo_ingreso ti ON ((i.id_tipo_ingreso = ti.id_tipo_ingreso)))
     JOIN pagos.ente e ON ((i.id_ente = e.id_ente)))
     JOIN pagos.moneda m ON ((i.id_moneda = m.id_moneda)))
     JOIN pagos.status s ON ((i.id_status = s.id_status)));


--
-- TOC entry 2789 (class 0 OID 0)
-- Dependencies: 255
-- Name: COLUMN vw_ingreso.mo_tasa; Type: COMMENT; Schema: pagos; Owner: -
--

COMMENT ON COLUMN pagos.vw_ingreso.mo_tasa IS 'TASA';


--
-- TOC entry 2790 (class 0 OID 0)
-- Dependencies: 255
-- Name: COLUMN vw_ingreso.fe_ingreso; Type: COMMENT; Schema: pagos; Owner: -
--

COMMENT ON COLUMN pagos.vw_ingreso.fe_ingreso IS 'FECHA INGRESO';


--
-- TOC entry 2791 (class 0 OID 0)
-- Dependencies: 255
-- Name: COLUMN vw_ingreso.mo_ingreso; Type: COMMENT; Schema: pagos; Owner: -
--

COMMENT ON COLUMN pagos.vw_ingreso.mo_ingreso IS 'MTO INGRESO';


--
-- TOC entry 2792 (class 0 OID 0)
-- Dependencies: 255
-- Name: COLUMN vw_ingreso.id_tipo_ingreso; Type: COMMENT; Schema: pagos; Owner: -
--

COMMENT ON COLUMN pagos.vw_ingreso.id_tipo_ingreso IS 'TIPO INGRESO';


--
-- TOC entry 2793 (class 0 OID 0)
-- Dependencies: 255
-- Name: COLUMN vw_ingreso.nb_tipo_ingreso; Type: COMMENT; Schema: pagos; Owner: -
--

COMMENT ON COLUMN pagos.vw_ingreso.nb_tipo_ingreso IS 'TIPO INGRESO';


--
-- TOC entry 2794 (class 0 OID 0)
-- Dependencies: 255
-- Name: COLUMN vw_ingreso.id_ente; Type: COMMENT; Schema: pagos; Owner: -
--

COMMENT ON COLUMN pagos.vw_ingreso.id_ente IS 'ENTE RECEPTOR';


--
-- TOC entry 2795 (class 0 OID 0)
-- Dependencies: 255
-- Name: COLUMN vw_ingreso.nb_ente; Type: COMMENT; Schema: pagos; Owner: -
--

COMMENT ON COLUMN pagos.vw_ingreso.nb_ente IS 'ENTE RECEPTOR';


--
-- TOC entry 2796 (class 0 OID 0)
-- Dependencies: 255
-- Name: COLUMN vw_ingreso.id_moneda; Type: COMMENT; Schema: pagos; Owner: -
--

COMMENT ON COLUMN pagos.vw_ingreso.id_moneda IS 'MONEDA';


--
-- TOC entry 2797 (class 0 OID 0)
-- Dependencies: 255
-- Name: COLUMN vw_ingreso.nb_moneda; Type: COMMENT; Schema: pagos; Owner: -
--

COMMENT ON COLUMN pagos.vw_ingreso.nb_moneda IS 'MONEDA';


--
-- TOC entry 2798 (class 0 OID 0)
-- Dependencies: 255
-- Name: COLUMN vw_ingreso.id_status; Type: COMMENT; Schema: pagos; Owner: -
--

COMMENT ON COLUMN pagos.vw_ingreso.id_status IS 'STATUS';


--
-- TOC entry 2799 (class 0 OID 0)
-- Dependencies: 255
-- Name: COLUMN vw_ingreso.nb_status; Type: COMMENT; Schema: pagos; Owner: -
--

COMMENT ON COLUMN pagos.vw_ingreso.nb_status IS 'STATUS';


--
-- TOC entry 2800 (class 0 OID 0)
-- Dependencies: 255
-- Name: COLUMN vw_ingreso.mo_dolar; Type: COMMENT; Schema: pagos; Owner: -
--

COMMENT ON COLUMN pagos.vw_ingreso.mo_dolar IS 'MTO DOLARES';


--
-- TOC entry 256 (class 1259 OID 19578)
-- Name: vw_instruccion; Type: VIEW; Schema: pagos; Owner: -
--

CREATE VIEW pagos.vw_instruccion AS
 SELECT i.tx_concepto,
    i.tx_ofi_cta_mte,
    i.fe_instruccion,
    i.mo_instruccion,
    i.id_esquema,
    e.nb_esquema,
    i.nu_esquema,
    i.id_moneda,
    m.nb_moneda,
    i.id_status,
    s.nb_status
   FROM (((pagos.instruccion i
     JOIN pagos.esquema e ON ((i.id_esquema = e.id_esquema)))
     JOIN pagos.moneda m ON ((i.id_moneda = m.id_moneda)))
     JOIN pagos.status s ON ((i.id_status = s.id_status)));


--
-- TOC entry 2802 (class 0 OID 0)
-- Dependencies: 256
-- Name: COLUMN vw_instruccion.tx_concepto; Type: COMMENT; Schema: pagos; Owner: -
--

COMMENT ON COLUMN pagos.vw_instruccion.tx_concepto IS 'CONCEPTO';


--
-- TOC entry 2803 (class 0 OID 0)
-- Dependencies: 256
-- Name: COLUMN vw_instruccion.tx_ofi_cta_mte; Type: COMMENT; Schema: pagos; Owner: -
--

COMMENT ON COLUMN pagos.vw_instruccion.tx_ofi_cta_mte IS 'OFI CTA MDTE';


--
-- TOC entry 2804 (class 0 OID 0)
-- Dependencies: 256
-- Name: COLUMN vw_instruccion.fe_instruccion; Type: COMMENT; Schema: pagos; Owner: -
--

COMMENT ON COLUMN pagos.vw_instruccion.fe_instruccion IS 'FEC. INST';


--
-- TOC entry 2805 (class 0 OID 0)
-- Dependencies: 256
-- Name: COLUMN vw_instruccion.mo_instruccion; Type: COMMENT; Schema: pagos; Owner: -
--

COMMENT ON COLUMN pagos.vw_instruccion.mo_instruccion IS 'MTO. INSTRUCCION';


--
-- TOC entry 2806 (class 0 OID 0)
-- Dependencies: 256
-- Name: COLUMN vw_instruccion.id_esquema; Type: COMMENT; Schema: pagos; Owner: -
--

COMMENT ON COLUMN pagos.vw_instruccion.id_esquema IS 'ESQUEMA PAGO';


--
-- TOC entry 2807 (class 0 OID 0)
-- Dependencies: 256
-- Name: COLUMN vw_instruccion.nb_esquema; Type: COMMENT; Schema: pagos; Owner: -
--

COMMENT ON COLUMN pagos.vw_instruccion.nb_esquema IS 'ESQUEMA PAGO';


--
-- TOC entry 2808 (class 0 OID 0)
-- Dependencies: 256
-- Name: COLUMN vw_instruccion.nu_esquema; Type: COMMENT; Schema: pagos; Owner: -
--

COMMENT ON COLUMN pagos.vw_instruccion.nu_esquema IS 'NRO. ESQUEMA';


--
-- TOC entry 2809 (class 0 OID 0)
-- Dependencies: 256
-- Name: COLUMN vw_instruccion.id_moneda; Type: COMMENT; Schema: pagos; Owner: -
--

COMMENT ON COLUMN pagos.vw_instruccion.id_moneda IS 'MONEDA';


--
-- TOC entry 2810 (class 0 OID 0)
-- Dependencies: 256
-- Name: COLUMN vw_instruccion.nb_moneda; Type: COMMENT; Schema: pagos; Owner: -
--

COMMENT ON COLUMN pagos.vw_instruccion.nb_moneda IS 'MONEDA';


--
-- TOC entry 2811 (class 0 OID 0)
-- Dependencies: 256
-- Name: COLUMN vw_instruccion.id_status; Type: COMMENT; Schema: pagos; Owner: -
--

COMMENT ON COLUMN pagos.vw_instruccion.id_status IS 'STATUS';


--
-- TOC entry 2812 (class 0 OID 0)
-- Dependencies: 256
-- Name: COLUMN vw_instruccion.nb_status; Type: COMMENT; Schema: pagos; Owner: -
--

COMMENT ON COLUMN pagos.vw_instruccion.nb_status IS 'STATUS';


--
-- TOC entry 257 (class 1259 OID 19583)
-- Name: vw_segpago; Type: VIEW; Schema: pagos; Owner: -
--

CREATE VIEW pagos.vw_segpago AS
 SELECT s.tx_concepto,
    s.mo_solicitud,
    s.fe_solicitud,
    s.id_ente AS id_ente_solic,
    e.nb_ente AS nb_ente_solic,
    s.id_moneda AS id_moneda_solic,
    ( SELECT m_1.nb_moneda
           FROM pagos.moneda m_1
          WHERE (m_1.id_moneda = s.id_moneda)) AS nb_moneda_solic,
    s.id_status AS id_status_solic,
    ( SELECT st.nb_status
           FROM pagos.status st
          WHERE (st.id_status = s.id_status)) AS nb_status_solic,
    i.fe_instruccion,
    i.mo_instruccion,
    i.id_moneda AS id_moneda_inst,
    ( SELECT m_1.nb_moneda
           FROM pagos.moneda m_1
          WHERE (m_1.id_moneda = i.id_moneda)) AS nb_moneda_inst,
    i.id_status AS id_status_inst,
    ( SELECT s_1.nb_status
           FROM pagos.status s_1
          WHERE (s_1.id_status = i.id_status)) AS nb_status_inst,
    i.id_esquema AS id_esqma_inst,
    ( SELECT e_1.nb_esquema
           FROM pagos.esquema e_1
          WHERE (e_1.id_esquema = i.id_esquema)) AS nb_esqma_inst,
    i.nu_esquema,
    p.mo_tasa,
    p.mo_final_pago,
    p.fe_pago,
    p.id_banco AS id_banco_pago,
    ( SELECT b.nb_banco
           FROM pagos.banco b
          WHERE (b.id_banco = p.id_banco)) AS nb_banco_pago,
    p.id_moneda AS id_moneda_pago,
    ( SELECT m_1.nb_moneda
           FROM pagos.moneda m_1
          WHERE (m_1.id_moneda = p.id_moneda)) AS nb_moneda_pago,
    p.id_tipo_pago,
    ( SELECT tp.nb_tipo_pago
           FROM pagos.tipo_pago tp
          WHERE (tp.id_tipo_pago = p.id_tipo_pago)) AS nb_tipo_pago,
    p.id_status AS id_status_pago,
    ( SELECT s_1.nb_status
           FROM pagos.status s_1
          WHERE (s_1.id_status = p.id_status)) AS nb_status_pago,
    ep.id_banco AS id_bco_ejepag,
    ( SELECT b.nb_banco
           FROM pagos.banco b
          WHERE (b.id_banco = ep.id_banco)) AS nb_bco_ejepag,
    ep.id_etapa_envio,
    ( SELECT ee.nb_etapa_envio
           FROM pagos.etapa_envio ee
          WHERE (ee.id_etapa_envio = ep.id_etapa_envio)) AS nb_etapa_envio,
    ep.id_status AS id_status_ejp,
    ( SELECT s_1.nb_status
           FROM pagos.status s_1
          WHERE (s_1.id_status = ep.id_status)) AS nb_status_ejp
   FROM (((((pagos.solicitud s
     JOIN pagos.instruccion i ON ((s.id_solicitud = i.id_solicitud)))
     JOIN pagos.ente e ON ((s.id_ente = e.id_ente)))
     JOIN pagos.moneda m ON ((s.id_moneda = m.id_moneda)))
     JOIN pagos.pago p ON ((i.id_instruccion = p.id_instruccion)))
     JOIN pagos.ejecucion_pago ep ON ((p.id_pago = ep.id_pago)));


--
-- TOC entry 2814 (class 0 OID 0)
-- Dependencies: 257
-- Name: COLUMN vw_segpago.tx_concepto; Type: COMMENT; Schema: pagos; Owner: -
--

COMMENT ON COLUMN pagos.vw_segpago.tx_concepto IS 'CONCEPTO';


--
-- TOC entry 2815 (class 0 OID 0)
-- Dependencies: 257
-- Name: COLUMN vw_segpago.mo_solicitud; Type: COMMENT; Schema: pagos; Owner: -
--

COMMENT ON COLUMN pagos.vw_segpago.mo_solicitud IS 'MTO SOL';


--
-- TOC entry 2816 (class 0 OID 0)
-- Dependencies: 257
-- Name: COLUMN vw_segpago.fe_solicitud; Type: COMMENT; Schema: pagos; Owner: -
--

COMMENT ON COLUMN pagos.vw_segpago.fe_solicitud IS 'FECHA SOL';


--
-- TOC entry 2817 (class 0 OID 0)
-- Dependencies: 257
-- Name: COLUMN vw_segpago.id_ente_solic; Type: COMMENT; Schema: pagos; Owner: -
--

COMMENT ON COLUMN pagos.vw_segpago.id_ente_solic IS 'ENTE SOL';


--
-- TOC entry 2818 (class 0 OID 0)
-- Dependencies: 257
-- Name: COLUMN vw_segpago.nb_ente_solic; Type: COMMENT; Schema: pagos; Owner: -
--

COMMENT ON COLUMN pagos.vw_segpago.nb_ente_solic IS 'ENTE SOL';


--
-- TOC entry 2819 (class 0 OID 0)
-- Dependencies: 257
-- Name: COLUMN vw_segpago.id_moneda_solic; Type: COMMENT; Schema: pagos; Owner: -
--

COMMENT ON COLUMN pagos.vw_segpago.id_moneda_solic IS 'MONEDA SOL';


--
-- TOC entry 2820 (class 0 OID 0)
-- Dependencies: 257
-- Name: COLUMN vw_segpago.nb_moneda_solic; Type: COMMENT; Schema: pagos; Owner: -
--

COMMENT ON COLUMN pagos.vw_segpago.nb_moneda_solic IS 'MONEDA SOL';


--
-- TOC entry 2821 (class 0 OID 0)
-- Dependencies: 257
-- Name: COLUMN vw_segpago.id_status_solic; Type: COMMENT; Schema: pagos; Owner: -
--

COMMENT ON COLUMN pagos.vw_segpago.id_status_solic IS 'STATUS SOL';


--
-- TOC entry 2822 (class 0 OID 0)
-- Dependencies: 257
-- Name: COLUMN vw_segpago.nb_status_solic; Type: COMMENT; Schema: pagos; Owner: -
--

COMMENT ON COLUMN pagos.vw_segpago.nb_status_solic IS 'STATUS SOL';


--
-- TOC entry 2823 (class 0 OID 0)
-- Dependencies: 257
-- Name: COLUMN vw_segpago.fe_instruccion; Type: COMMENT; Schema: pagos; Owner: -
--

COMMENT ON COLUMN pagos.vw_segpago.fe_instruccion IS 'FECHA INST';


--
-- TOC entry 2824 (class 0 OID 0)
-- Dependencies: 257
-- Name: COLUMN vw_segpago.mo_instruccion; Type: COMMENT; Schema: pagos; Owner: -
--

COMMENT ON COLUMN pagos.vw_segpago.mo_instruccion IS 'MTO INST';


--
-- TOC entry 2825 (class 0 OID 0)
-- Dependencies: 257
-- Name: COLUMN vw_segpago.id_moneda_inst; Type: COMMENT; Schema: pagos; Owner: -
--

COMMENT ON COLUMN pagos.vw_segpago.id_moneda_inst IS 'MONEDA INST';


--
-- TOC entry 2826 (class 0 OID 0)
-- Dependencies: 257
-- Name: COLUMN vw_segpago.nb_moneda_inst; Type: COMMENT; Schema: pagos; Owner: -
--

COMMENT ON COLUMN pagos.vw_segpago.nb_moneda_inst IS 'MONEDA INST';


--
-- TOC entry 2827 (class 0 OID 0)
-- Dependencies: 257
-- Name: COLUMN vw_segpago.id_status_inst; Type: COMMENT; Schema: pagos; Owner: -
--

COMMENT ON COLUMN pagos.vw_segpago.id_status_inst IS 'STATUS INST';


--
-- TOC entry 2828 (class 0 OID 0)
-- Dependencies: 257
-- Name: COLUMN vw_segpago.nb_status_inst; Type: COMMENT; Schema: pagos; Owner: -
--

COMMENT ON COLUMN pagos.vw_segpago.nb_status_inst IS 'STATUS INST';


--
-- TOC entry 2829 (class 0 OID 0)
-- Dependencies: 257
-- Name: COLUMN vw_segpago.id_esqma_inst; Type: COMMENT; Schema: pagos; Owner: -
--

COMMENT ON COLUMN pagos.vw_segpago.id_esqma_inst IS 'ESQUEMA PAGO';


--
-- TOC entry 2830 (class 0 OID 0)
-- Dependencies: 257
-- Name: COLUMN vw_segpago.nb_esqma_inst; Type: COMMENT; Schema: pagos; Owner: -
--

COMMENT ON COLUMN pagos.vw_segpago.nb_esqma_inst IS 'ESQUEMA PAGO';


--
-- TOC entry 2831 (class 0 OID 0)
-- Dependencies: 257
-- Name: COLUMN vw_segpago.nu_esquema; Type: COMMENT; Schema: pagos; Owner: -
--

COMMENT ON COLUMN pagos.vw_segpago.nu_esquema IS 'NRO ESQ PAGO';


--
-- TOC entry 2832 (class 0 OID 0)
-- Dependencies: 257
-- Name: COLUMN vw_segpago.mo_tasa; Type: COMMENT; Schema: pagos; Owner: -
--

COMMENT ON COLUMN pagos.vw_segpago.mo_tasa IS 'MTO TASA';


--
-- TOC entry 2833 (class 0 OID 0)
-- Dependencies: 257
-- Name: COLUMN vw_segpago.mo_final_pago; Type: COMMENT; Schema: pagos; Owner: -
--

COMMENT ON COLUMN pagos.vw_segpago.mo_final_pago IS 'MONTO PAGO';


--
-- TOC entry 2834 (class 0 OID 0)
-- Dependencies: 257
-- Name: COLUMN vw_segpago.fe_pago; Type: COMMENT; Schema: pagos; Owner: -
--

COMMENT ON COLUMN pagos.vw_segpago.fe_pago IS 'FECHA PAGO';


--
-- TOC entry 2835 (class 0 OID 0)
-- Dependencies: 257
-- Name: COLUMN vw_segpago.id_banco_pago; Type: COMMENT; Schema: pagos; Owner: -
--

COMMENT ON COLUMN pagos.vw_segpago.id_banco_pago IS 'BANCO PAGO';


--
-- TOC entry 2836 (class 0 OID 0)
-- Dependencies: 257
-- Name: COLUMN vw_segpago.nb_banco_pago; Type: COMMENT; Schema: pagos; Owner: -
--

COMMENT ON COLUMN pagos.vw_segpago.nb_banco_pago IS 'BANCO PAGO';


--
-- TOC entry 2837 (class 0 OID 0)
-- Dependencies: 257
-- Name: COLUMN vw_segpago.id_moneda_pago; Type: COMMENT; Schema: pagos; Owner: -
--

COMMENT ON COLUMN pagos.vw_segpago.id_moneda_pago IS 'MONEDA PAGO';


--
-- TOC entry 2838 (class 0 OID 0)
-- Dependencies: 257
-- Name: COLUMN vw_segpago.nb_moneda_pago; Type: COMMENT; Schema: pagos; Owner: -
--

COMMENT ON COLUMN pagos.vw_segpago.nb_moneda_pago IS 'MONEDA PAGO';


--
-- TOC entry 2839 (class 0 OID 0)
-- Dependencies: 257
-- Name: COLUMN vw_segpago.id_tipo_pago; Type: COMMENT; Schema: pagos; Owner: -
--

COMMENT ON COLUMN pagos.vw_segpago.id_tipo_pago IS 'TIPO PAGO';


--
-- TOC entry 2840 (class 0 OID 0)
-- Dependencies: 257
-- Name: COLUMN vw_segpago.nb_tipo_pago; Type: COMMENT; Schema: pagos; Owner: -
--

COMMENT ON COLUMN pagos.vw_segpago.nb_tipo_pago IS 'TIPO PAGO';


--
-- TOC entry 2841 (class 0 OID 0)
-- Dependencies: 257
-- Name: COLUMN vw_segpago.id_status_pago; Type: COMMENT; Schema: pagos; Owner: -
--

COMMENT ON COLUMN pagos.vw_segpago.id_status_pago IS 'STATUS PAGO';


--
-- TOC entry 2842 (class 0 OID 0)
-- Dependencies: 257
-- Name: COLUMN vw_segpago.nb_status_pago; Type: COMMENT; Schema: pagos; Owner: -
--

COMMENT ON COLUMN pagos.vw_segpago.nb_status_pago IS 'STATUS PAGO';


--
-- TOC entry 2843 (class 0 OID 0)
-- Dependencies: 257
-- Name: COLUMN vw_segpago.id_bco_ejepag; Type: COMMENT; Schema: pagos; Owner: -
--

COMMENT ON COLUMN pagos.vw_segpago.id_bco_ejepag IS 'BANCO EJEC';


--
-- TOC entry 2844 (class 0 OID 0)
-- Dependencies: 257
-- Name: COLUMN vw_segpago.nb_bco_ejepag; Type: COMMENT; Schema: pagos; Owner: -
--

COMMENT ON COLUMN pagos.vw_segpago.nb_bco_ejepag IS 'BANCO EJEC';


--
-- TOC entry 2845 (class 0 OID 0)
-- Dependencies: 257
-- Name: COLUMN vw_segpago.id_etapa_envio; Type: COMMENT; Schema: pagos; Owner: -
--

COMMENT ON COLUMN pagos.vw_segpago.id_etapa_envio IS 'ETAPA PAGO';


--
-- TOC entry 2846 (class 0 OID 0)
-- Dependencies: 257
-- Name: COLUMN vw_segpago.nb_etapa_envio; Type: COMMENT; Schema: pagos; Owner: -
--

COMMENT ON COLUMN pagos.vw_segpago.nb_etapa_envio IS 'ETAPA PAGO';


--
-- TOC entry 2847 (class 0 OID 0)
-- Dependencies: 257
-- Name: COLUMN vw_segpago.id_status_ejp; Type: COMMENT; Schema: pagos; Owner: -
--

COMMENT ON COLUMN pagos.vw_segpago.id_status_ejp IS 'STATUS EJEC';


--
-- TOC entry 2848 (class 0 OID 0)
-- Dependencies: 257
-- Name: COLUMN vw_segpago.nb_status_ejp; Type: COMMENT; Schema: pagos; Owner: -
--

COMMENT ON COLUMN pagos.vw_segpago.nb_status_ejp IS 'STATUS EJEC';


--
-- TOC entry 258 (class 1259 OID 19588)
-- Name: vw_solicitud; Type: VIEW; Schema: pagos; Owner: -
--

CREATE VIEW pagos.vw_solicitud AS
 SELECT s.nu_solicitud,
    s.tx_concepto,
    s.mo_solicitud,
    s.fe_solicitud,
    s.id_ente,
    e.nb_ente,
    s.id_moneda,
    m.nb_moneda,
    s.id_categoria,
    c.nb_categoria,
    s.id_status,
    st.nb_status
   FROM ((((pagos.solicitud s
     JOIN pagos.ente e ON ((s.id_ente = e.id_ente)))
     JOIN pagos.moneda m ON ((s.id_moneda = m.id_moneda)))
     JOIN pagos.categoria c ON ((s.id_categoria = c.id_categoria)))
     JOIN pagos.status st ON ((s.id_status = st.id_status)));


--
-- TOC entry 2850 (class 0 OID 0)
-- Dependencies: 258
-- Name: COLUMN vw_solicitud.nu_solicitud; Type: COMMENT; Schema: pagos; Owner: -
--

COMMENT ON COLUMN pagos.vw_solicitud.nu_solicitud IS 'NRO SOL';


--
-- TOC entry 2851 (class 0 OID 0)
-- Dependencies: 258
-- Name: COLUMN vw_solicitud.tx_concepto; Type: COMMENT; Schema: pagos; Owner: -
--

COMMENT ON COLUMN pagos.vw_solicitud.tx_concepto IS 'CONCEPTO';


--
-- TOC entry 2852 (class 0 OID 0)
-- Dependencies: 258
-- Name: COLUMN vw_solicitud.mo_solicitud; Type: COMMENT; Schema: pagos; Owner: -
--

COMMENT ON COLUMN pagos.vw_solicitud.mo_solicitud IS 'MTO. SOLICITUD';


--
-- TOC entry 2853 (class 0 OID 0)
-- Dependencies: 258
-- Name: COLUMN vw_solicitud.fe_solicitud; Type: COMMENT; Schema: pagos; Owner: -
--

COMMENT ON COLUMN pagos.vw_solicitud.fe_solicitud IS 'FECHA SOLICITUD';


--
-- TOC entry 2854 (class 0 OID 0)
-- Dependencies: 258
-- Name: COLUMN vw_solicitud.id_ente; Type: COMMENT; Schema: pagos; Owner: -
--

COMMENT ON COLUMN pagos.vw_solicitud.id_ente IS 'ENTE';


--
-- TOC entry 2855 (class 0 OID 0)
-- Dependencies: 258
-- Name: COLUMN vw_solicitud.nb_ente; Type: COMMENT; Schema: pagos; Owner: -
--

COMMENT ON COLUMN pagos.vw_solicitud.nb_ente IS 'ENTE';


--
-- TOC entry 2856 (class 0 OID 0)
-- Dependencies: 258
-- Name: COLUMN vw_solicitud.id_moneda; Type: COMMENT; Schema: pagos; Owner: -
--

COMMENT ON COLUMN pagos.vw_solicitud.id_moneda IS 'MONEDA';


--
-- TOC entry 2857 (class 0 OID 0)
-- Dependencies: 258
-- Name: COLUMN vw_solicitud.nb_moneda; Type: COMMENT; Schema: pagos; Owner: -
--

COMMENT ON COLUMN pagos.vw_solicitud.nb_moneda IS 'MONEDA';


--
-- TOC entry 2858 (class 0 OID 0)
-- Dependencies: 258
-- Name: COLUMN vw_solicitud.id_categoria; Type: COMMENT; Schema: pagos; Owner: -
--

COMMENT ON COLUMN pagos.vw_solicitud.id_categoria IS 'CATEGORIA PAGO';


--
-- TOC entry 2859 (class 0 OID 0)
-- Dependencies: 258
-- Name: COLUMN vw_solicitud.nb_categoria; Type: COMMENT; Schema: pagos; Owner: -
--

COMMENT ON COLUMN pagos.vw_solicitud.nb_categoria IS 'CATEGORIA PAGO';


--
-- TOC entry 2860 (class 0 OID 0)
-- Dependencies: 258
-- Name: COLUMN vw_solicitud.id_status; Type: COMMENT; Schema: pagos; Owner: -
--

COMMENT ON COLUMN pagos.vw_solicitud.id_status IS 'STATUS';


--
-- TOC entry 2861 (class 0 OID 0)
-- Dependencies: 258
-- Name: COLUMN vw_solicitud.nb_status; Type: COMMENT; Schema: pagos; Owner: -
--

COMMENT ON COLUMN pagos.vw_solicitud.nb_status IS 'STATUS';


--
-- TOC entry 2247 (class 2604 OID 19593)
-- Name: ejecucion_pago id_ejecucion_pago; Type: DEFAULT; Schema: pagos; Owner: -
--

ALTER TABLE ONLY pagos.ejecucion_pago ALTER COLUMN id_ejecucion_pago SET DEFAULT nextval('pagos.ejecucion_pago_id_ejecucion_pago_seq'::regclass);


--
-- TOC entry 2270 (class 2604 OID 19594)
-- Name: movimiento id_movimiento; Type: DEFAULT; Schema: pagos; Owner: -
--

ALTER TABLE ONLY pagos.movimiento ALTER COLUMN id_movimiento SET DEFAULT nextval('pagos.movimiento_id_movimiento_seq'::regclass);


--
-- TOC entry 2273 (class 2604 OID 19595)
-- Name: permiso id_permiso; Type: DEFAULT; Schema: pagos; Owner: -
--

ALTER TABLE ONLY pagos.permiso ALTER COLUMN id_permiso SET DEFAULT nextval('pagos.permiso_id_permiso_seq'::regclass);


--
-- TOC entry 2275 (class 2604 OID 19596)
-- Name: rol id_rol; Type: DEFAULT; Schema: pagos; Owner: -
--

ALTER TABLE ONLY pagos.rol ALTER COLUMN id_rol SET DEFAULT nextval('pagos.rol_id_rol_seq'::regclass);


--
-- TOC entry 2290 (class 2604 OID 19597)
-- Name: tr_bitacora id_bitacora; Type: DEFAULT; Schema: pagos; Owner: -
--

ALTER TABLE ONLY pagos.tr_bitacora ALTER COLUMN id_bitacora SET DEFAULT nextval('pagos.tr_bitacora_id_bitacora_seq'::regclass);


--
-- TOC entry 2590 (class 0 OID 19337)
-- Dependencies: 187
-- Data for Name: banco; Type: TABLE DATA; Schema: pagos; Owner: -
--

INSERT INTO pagos.banco (id_banco, nb_banco, id_tipo_banco, tx_observaciones, id_usuario, id_status, fe_creado, fe_actualizado, id_grupo_banco, co_switf) VALUES (1, 'BANDES', 1, 'N/A', 1, 22, '2018-06-08 00:00:00', NULL, 4, NULL);
INSERT INTO pagos.banco (id_banco, nb_banco, id_tipo_banco, tx_observaciones, id_usuario, id_status, fe_creado, fe_actualizado, id_grupo_banco, co_switf) VALUES (4, 'FONDEN', 1, 'N/A', 1, 22, '2018-06-08 00:00:00', NULL, 4, NULL);
INSERT INTO pagos.banco (id_banco, nb_banco, id_tipo_banco, tx_observaciones, id_usuario, id_status, fe_creado, fe_actualizado, id_grupo_banco, co_switf) VALUES (6, 'BANCO DEL TESORO', 1, 'N/A', 1, 22, '2018-06-08 00:00:00', NULL, 4, NULL);
INSERT INTO pagos.banco (id_banco, nb_banco, id_tipo_banco, tx_observaciones, id_usuario, id_status, fe_creado, fe_actualizado, id_grupo_banco, co_switf) VALUES (7, 'BCV', 1, 'N/A', 1, 22, '2018-06-08 00:00:00', NULL, 4, NULL);
INSERT INTO pagos.banco (id_banco, nb_banco, id_tipo_banco, tx_observaciones, id_usuario, id_status, fe_creado, fe_actualizado, id_grupo_banco, co_switf) VALUES (8, 'NOVO BANCO', 2, 'N/A', 1, 22, '2018-06-08 00:00:00', NULL, 1, NULL);
INSERT INTO pagos.banco (id_banco, nb_banco, id_tipo_banco, tx_observaciones, id_usuario, id_status, fe_creado, fe_actualizado, id_grupo_banco, co_switf) VALUES (9, 'GAZPROM BANK', 2, 'N/A', 1, 22, '2018-06-08 00:00:00', NULL, 1, NULL);
INSERT INTO pagos.banco (id_banco, nb_banco, id_tipo_banco, tx_observaciones, id_usuario, id_status, fe_creado, fe_actualizado, id_grupo_banco, co_switf) VALUES (10, 'NOOR CAPITAL', 2, 'N/A', 1, 22, '2018-06-08 00:00:00', NULL, 1, NULL);
INSERT INTO pagos.banco (id_banco, nb_banco, id_tipo_banco, tx_observaciones, id_usuario, id_status, fe_creado, fe_actualizado, id_grupo_banco, co_switf) VALUES (11, 'ZIRAAT BANKASI', 2, 'N/A', 1, 22, '2018-06-08 00:00:00', NULL, 1, NULL);
INSERT INTO pagos.banco (id_banco, nb_banco, id_tipo_banco, tx_observaciones, id_usuario, id_status, fe_creado, fe_actualizado, id_grupo_banco, co_switf) VALUES (12, 'EVROFINANCE MOSNARBANK', 2, 'N/A', 1, 22, '2018-06-08 00:00:00', NULL, 1, NULL);
INSERT INTO pagos.banco (id_banco, nb_banco, id_tipo_banco, tx_observaciones, id_usuario, id_status, fe_creado, fe_actualizado, id_grupo_banco, co_switf) VALUES (13, 'BPM ', 2, 'N/A', 1, 22, '2018-06-08 00:00:00', NULL, 1, NULL);
INSERT INTO pagos.banco (id_banco, nb_banco, id_tipo_banco, tx_observaciones, id_usuario, id_status, fe_creado, fe_actualizado, id_grupo_banco, co_switf) VALUES (14, 'MONDIAL BANK', 2, 'N/A', 1, 22, '2018-06-08 00:00:00', NULL, 1, NULL);
INSERT INTO pagos.banco (id_banco, nb_banco, id_tipo_banco, tx_observaciones, id_usuario, id_status, fe_creado, fe_actualizado, id_grupo_banco, co_switf) VALUES (16, 'KUNLUN', 2, 'N/A', 1, 22, '2018-06-08 00:00:00', NULL, 1, NULL);
INSERT INTO pagos.banco (id_banco, nb_banco, id_tipo_banco, tx_observaciones, id_usuario, id_status, fe_creado, fe_actualizado, id_grupo_banco, co_switf) VALUES (5, 'BANCO DE VENEZUELA', 1, NULL, 1, 22, '2018-06-08 00:00:00', '2018-07-15 05:16:36', 4, NULL);
INSERT INTO pagos.banco (id_banco, nb_banco, id_tipo_banco, tx_observaciones, id_usuario, id_status, fe_creado, fe_actualizado, id_grupo_banco, co_switf) VALUES (15, 'FAISAL BANK', 2, 'N/A', 1, 22, '2018-06-08 00:00:00', '2018-07-15 05:17:22', 1, NULL);
INSERT INTO pagos.banco (id_banco, nb_banco, id_tipo_banco, tx_observaciones, id_usuario, id_status, fe_creado, fe_actualizado, id_grupo_banco, co_switf) VALUES (21, 'DANSKE BANK', 2, NULL, 1, 22, '2019-01-29 13:31:16', '2019-01-29 13:33:00', 1, NULL);
INSERT INTO pagos.banco (id_banco, nb_banco, id_tipo_banco, tx_observaciones, id_usuario, id_status, fe_creado, fe_actualizado, id_grupo_banco, co_switf) VALUES (22, 'BARCLAYS BANK', 2, NULL, 1, 22, '2019-01-29 13:46:11', '2019-01-29 13:46:11', 1, NULL);
INSERT INTO pagos.banco (id_banco, nb_banco, id_tipo_banco, tx_observaciones, id_usuario, id_status, fe_creado, fe_actualizado, id_grupo_banco, co_switf) VALUES (23, 'UNICREDIT BANK AG, ALEMANIA', 2, NULL, 1, 22, '2019-01-29 13:49:10', '2019-01-29 13:49:10', 1, NULL);
INSERT INTO pagos.banco (id_banco, nb_banco, id_tipo_banco, tx_observaciones, id_usuario, id_status, fe_creado, fe_actualizado, id_grupo_banco, co_switf) VALUES (27, 'UNICREDIT BANK AG', 2, NULL, 6, 22, '2019-02-13 15:08:42', '2019-02-13 15:08:42', 3, 'HYVEDEMMXXX');
INSERT INTO pagos.banco (id_banco, nb_banco, id_tipo_banco, tx_observaciones, id_usuario, id_status, fe_creado, fe_actualizado, id_grupo_banco, co_switf) VALUES (28, 'BANCA CARIGE SPA', 2, NULL, 6, 22, '2019-02-13 16:11:07', '2019-02-13 16:13:41', 1, 'CRGEITGGXXX');
INSERT INTO pagos.banco (id_banco, nb_banco, id_tipo_banco, tx_observaciones, id_usuario, id_status, fe_creado, fe_actualizado, id_grupo_banco, co_switf) VALUES (31, 'BANCA CARIGE', 2, NULL, 6, 22, '2019-02-13 16:30:42', '2019-02-13 16:30:42', 3, 'CRGEITGG');
INSERT INTO pagos.banco (id_banco, nb_banco, id_tipo_banco, tx_observaciones, id_usuario, id_status, fe_creado, fe_actualizado, id_grupo_banco, co_switf) VALUES (32, 'BANQUE DELUBAC & CIE', 2, NULL, 6, 22, '2019-02-20 12:12:43', '2019-02-20 12:12:43', 2, 'DELUFR22XXX');
INSERT INTO pagos.banco (id_banco, nb_banco, id_tipo_banco, tx_observaciones, id_usuario, id_status, fe_creado, fe_actualizado, id_grupo_banco, co_switf) VALUES (33, 'BANDES URUGUAY S.A.', 2, NULL, 6, 22, '2019-02-20 12:29:20', '2019-02-20 12:29:20', 2, 'CFACUYMMXXX');
INSERT INTO pagos.banco (id_banco, nb_banco, id_tipo_banco, tx_observaciones, id_usuario, id_status, fe_creado, fe_actualizado, id_grupo_banco, co_switf) VALUES (34, 'UNION BANK AG', 2, NULL, 6, 22, '2019-02-20 13:10:24', '2019-02-20 13:10:24', 2, 'UNIVLI22XXX');
INSERT INTO pagos.banco (id_banco, nb_banco, id_tipo_banco, tx_observaciones, id_usuario, id_status, fe_creado, fe_actualizado, id_grupo_banco, co_switf) VALUES (35, 'DBS BANK (HONG KONG) LIMITED', 2, NULL, 6, 22, '2019-02-20 14:00:43', '2019-02-20 14:00:43', 3, 'DHBKHKHHXXX');
INSERT INTO pagos.banco (id_banco, nb_banco, id_tipo_banco, tx_observaciones, id_usuario, id_status, fe_creado, fe_actualizado, id_grupo_banco, co_switf) VALUES (36, 'INVESTBANK BULGARIA', 2, NULL, 6, 22, '2019-02-21 14:25:17', '2019-02-21 14:25:17', 3, 'IORTBGSFXXX');
INSERT INTO pagos.banco (id_banco, nb_banco, id_tipo_banco, tx_observaciones, id_usuario, id_status, fe_creado, fe_actualizado, id_grupo_banco, co_switf) VALUES (37, 'NORTH INTERNATIONAL BANK', 2, NULL, 6, 22, '2019-02-21 22:32:43', '2019-02-21 22:32:43', 2, 'NOITAGAGXXX');


--
-- TOC entry 2592 (class 0 OID 19344)
-- Dependencies: 189
-- Data for Name: categoria; Type: TABLE DATA; Schema: pagos; Owner: -
--

INSERT INTO pagos.categoria (id_categoria, nb_categoria, tx_observaciones, id_usuario, id_status, fe_creado, fe_actualizado) VALUES (1, 'Alimentos', 'N/A', 1, 22, '2018-06-08 00:00:00', '2018-07-13 01:51:12');
INSERT INTO pagos.categoria (id_categoria, nb_categoria, tx_observaciones, id_usuario, id_status, fe_creado, fe_actualizado) VALUES (6, 'Salud y Medicamentos', 'N/A', 1, 22, '2018-06-08 00:00:00', NULL);
INSERT INTO pagos.categoria (id_categoria, nb_categoria, tx_observaciones, id_usuario, id_status, fe_creado, fe_actualizado) VALUES (4, 'Pago Deuda Externa', 'N/A', 1, 22, '2018-06-08 00:00:00', NULL);
INSERT INTO pagos.categoria (id_categoria, nb_categoria, tx_observaciones, id_usuario, id_status, fe_creado, fe_actualizado) VALUES (5, 'Papel Moneda', 'N/A', 1, 22, '2018-06-08 00:00:00', NULL);
INSERT INTO pagos.categoria (id_categoria, nb_categoria, tx_observaciones, id_usuario, id_status, fe_creado, fe_actualizado) VALUES (3, 'Defensa (FANB y GHP)', 'N/A', 1, 22, '2018-06-08 00:00:00', NULL);
INSERT INTO pagos.categoria (id_categoria, nb_categoria, tx_observaciones, id_usuario, id_status, fe_creado, fe_actualizado) VALUES (12, 'Agricultura', 'N/A', 1, 22, NULL, NULL);
INSERT INTO pagos.categoria (id_categoria, nb_categoria, tx_observaciones, id_usuario, id_status, fe_creado, fe_actualizado) VALUES (13, 'Compromisos Internacionales', 'N/A', 1, 22, NULL, NULL);
INSERT INTO pagos.categoria (id_categoria, nb_categoria, tx_observaciones, id_usuario, id_status, fe_creado, fe_actualizado) VALUES (11, 'Cancilleria y Organismos Multilaterales', 'N/A', 1, 22, '2018-10-17 02:02:27', '2018-10-17 02:02:27');
INSERT INTO pagos.categoria (id_categoria, nb_categoria, tx_observaciones, id_usuario, id_status, fe_creado, fe_actualizado) VALUES (14, 'Industria ', 'N/A', 1, 22, NULL, NULL);
INSERT INTO pagos.categoria (id_categoria, nb_categoria, tx_observaciones, id_usuario, id_status, fe_creado, fe_actualizado) VALUES (15, 'Esquema Empresas Productivas-Bandes ', 'N/A', 1, 22, NULL, NULL);
INSERT INTO pagos.categoria (id_categoria, nb_categoria, tx_observaciones, id_usuario, id_status, fe_creado, fe_actualizado) VALUES (16, 'Transporte ', 'N/A', 1, 22, NULL, NULL);
INSERT INTO pagos.categoria (id_categoria, nb_categoria, tx_observaciones, id_usuario, id_status, fe_creado, fe_actualizado) VALUES (18, 'Gastos propios BCV ', 'N/A', 1, 22, NULL, NULL);
INSERT INTO pagos.categoria (id_categoria, nb_categoria, tx_observaciones, id_usuario, id_status, fe_creado, fe_actualizado) VALUES (19, 'CNE', 'N/A', 1, 22, NULL, NULL);
INSERT INTO pagos.categoria (id_categoria, nb_categoria, tx_observaciones, id_usuario, id_status, fe_creado, fe_actualizado) VALUES (20, 'Obras Públicas', 'N/A', 1, 22, NULL, NULL);
INSERT INTO pagos.categoria (id_categoria, nb_categoria, tx_observaciones, id_usuario, id_status, fe_creado, fe_actualizado) VALUES (21, 'Educación ', 'N/A', 1, 22, NULL, NULL);
INSERT INTO pagos.categoria (id_categoria, nb_categoria, tx_observaciones, id_usuario, id_status, fe_creado, fe_actualizado) VALUES (22, 'Cultura y Comunicación Social ', 'N/A', 1, 22, NULL, NULL);
INSERT INTO pagos.categoria (id_categoria, nb_categoria, tx_observaciones, id_usuario, id_status, fe_creado, fe_actualizado) VALUES (23, 'Vivienda', 'N/A', 1, 22, NULL, NULL);
INSERT INTO pagos.categoria (id_categoria, nb_categoria, tx_observaciones, id_usuario, id_status, fe_creado, fe_actualizado) VALUES (26, 'Deporte', 'N/A', 1, 22, NULL, NULL);
INSERT INTO pagos.categoria (id_categoria, nb_categoria, tx_observaciones, id_usuario, id_status, fe_creado, fe_actualizado) VALUES (27, 'Remesas en Efectivo', 'N/A', 1, 22, NULL, NULL);
INSERT INTO pagos.categoria (id_categoria, nb_categoria, tx_observaciones, id_usuario, id_status, fe_creado, fe_actualizado) VALUES (28, 'Ciencia y Tecnología', 'N/A', 1, 22, NULL, NULL);
INSERT INTO pagos.categoria (id_categoria, nb_categoria, tx_observaciones, id_usuario, id_status, fe_creado, fe_actualizado) VALUES (30, 'Plataforma Tecnológica para la Banca Pública', 'N/A', 1, 22, NULL, NULL);
INSERT INTO pagos.categoria (id_categoria, nb_categoria, tx_observaciones, id_usuario, id_status, fe_creado, fe_actualizado) VALUES (32, 'Adquisición de Juguetes', 'N/A', 1, 22, NULL, NULL);
INSERT INTO pagos.categoria (id_categoria, nb_categoria, tx_observaciones, id_usuario, id_status, fe_creado, fe_actualizado) VALUES (33, 'Energía Eléctrica', 'N/A', 1, 22, NULL, NULL);
INSERT INTO pagos.categoria (id_categoria, nb_categoria, tx_observaciones, id_usuario, id_status, fe_creado, fe_actualizado) VALUES (35, 'Interior y Justicia', 'N/A', 1, 22, NULL, NULL);
INSERT INTO pagos.categoria (id_categoria, nb_categoria, tx_observaciones, id_usuario, id_status, fe_creado, fe_actualizado) VALUES (36, 'Turismo', 'N/A', 1, 22, NULL, NULL);
INSERT INTO pagos.categoria (id_categoria, nb_categoria, tx_observaciones, id_usuario, id_status, fe_creado, fe_actualizado) VALUES (37, 'Electrodomésticos', 'N/A', 1, 22, NULL, NULL);
INSERT INTO pagos.categoria (id_categoria, nb_categoria, tx_observaciones, id_usuario, id_status, fe_creado, fe_actualizado) VALUES (38, 'Saime Pasaportes', 'N/A', 1, 22, NULL, NULL);
INSERT INTO pagos.categoria (id_categoria, nb_categoria, tx_observaciones, id_usuario, id_status, fe_creado, fe_actualizado) VALUES (39, 'Electrodomesticos', NULL, 4, 23, '2019-02-21 15:01:48', '2019-02-21 15:11:18');
INSERT INTO pagos.categoria (id_categoria, nb_categoria, tx_observaciones, id_usuario, id_status, fe_creado, fe_actualizado) VALUES (40, 'PGR', NULL, 4, 22, '2019-02-22 01:45:19', '2019-02-22 01:45:19');


--
-- TOC entry 2594 (class 0 OID 19351)
-- Dependencies: 191
-- Data for Name: clase_ente; Type: TABLE DATA; Schema: pagos; Owner: -
--

INSERT INTO pagos.clase_ente (id_clase_ente, nb_clase_ente, tx_observaciones, id_usuario, id_status, fe_creado, fe_actualizado) VALUES (1, 'PUBLICO', 'N/A', 1, 22, '2018-06-08 00:00:00', NULL);
INSERT INTO pagos.clase_ente (id_clase_ente, nb_clase_ente, tx_observaciones, id_usuario, id_status, fe_creado, fe_actualizado) VALUES (2, 'PRIVADO', 'N/A', 1, 22, '2018-06-08 00:00:00', NULL);


--
-- TOC entry 2596 (class 0 OID 19358)
-- Dependencies: 193
-- Data for Name: cuenta; Type: TABLE DATA; Schema: pagos; Owner: -
--

INSERT INTO pagos.cuenta (id_cuenta, id_moneda, mo_disponible, mo_instruido, mo_aprobado, mo_total, tx_observaciones, id_usuario, id_status, fe_creado, fe_actualizado) VALUES (2, 2, 714921354.92, 139254419.86, 0.00, 714394354.92, NULL, 6, 1, '2019-01-25 15:33:00', '2019-02-27 12:14:01');


--
-- TOC entry 2598 (class 0 OID 19364)
-- Dependencies: 195
-- Data for Name: det_cuenta; Type: TABLE DATA; Schema: pagos; Owner: -
--



--
-- TOC entry 2599 (class 0 OID 19368)
-- Dependencies: 196
-- Data for Name: ejecucion_pago; Type: TABLE DATA; Schema: pagos; Owner: -
--

INSERT INTO pagos.ejecucion_pago (id_ejecucion_pago, id_pago, id_banco, fe_envio_inst, id_etapa_envio, tx_observaciones, id_usuario, id_status, fe_creado, fe_actualizado) VALUES (2, 2, 21, '2019-01-08 00:00:00', 3, NULL, 1, 31, '2019-01-29 13:34:36', '2019-01-29 13:34:36');
INSERT INTO pagos.ejecucion_pago (id_ejecucion_pago, id_pago, id_banco, fe_envio_inst, id_etapa_envio, tx_observaciones, id_usuario, id_status, fe_creado, fe_actualizado) VALUES (3, 3, 22, '2019-01-09 00:00:00', 3, NULL, 1, 31, '2019-01-29 13:46:50', '2019-01-29 13:46:50');
INSERT INTO pagos.ejecucion_pago (id_ejecucion_pago, id_pago, id_banco, fe_envio_inst, id_etapa_envio, tx_observaciones, id_usuario, id_status, fe_creado, fe_actualizado) VALUES (5, 4, 27, '2019-01-09 00:00:00', 3, 'Des 178 0786 BCV', 6, 31, '2019-02-13 16:01:36', '2019-02-13 16:01:36');
INSERT INTO pagos.ejecucion_pago (id_ejecucion_pago, id_pago, id_banco, fe_envio_inst, id_etapa_envio, tx_observaciones, id_usuario, id_status, fe_creado, fe_actualizado) VALUES (6, 5, 31, '2019-01-08 00:00:00', 3, NULL, 6, 31, '2019-02-13 16:32:14', '2019-02-13 16:32:14');
INSERT INTO pagos.ejecucion_pago (id_ejecucion_pago, id_pago, id_banco, fe_envio_inst, id_etapa_envio, tx_observaciones, id_usuario, id_status, fe_creado, fe_actualizado) VALUES (7, 6, 31, '2019-01-08 00:00:00', 3, NULL, 6, 31, '2019-02-13 16:33:12', '2019-02-13 16:33:12');
INSERT INTO pagos.ejecucion_pago (id_ejecucion_pago, id_pago, id_banco, fe_envio_inst, id_etapa_envio, tx_observaciones, id_usuario, id_status, fe_creado, fe_actualizado) VALUES (8, 8, 31, '2019-01-08 00:00:00', 3, NULL, 6, 31, '2019-02-13 16:34:43', '2019-02-13 16:34:43');
INSERT INTO pagos.ejecucion_pago (id_ejecucion_pago, id_pago, id_banco, fe_envio_inst, id_etapa_envio, tx_observaciones, id_usuario, id_status, fe_creado, fe_actualizado) VALUES (9, 7, 31, '2019-01-08 00:00:00', 3, NULL, 1, 27, '2019-02-13 16:35:01', '2019-02-13 22:53:43');
INSERT INTO pagos.ejecucion_pago (id_ejecucion_pago, id_pago, id_banco, fe_envio_inst, id_etapa_envio, tx_observaciones, id_usuario, id_status, fe_creado, fe_actualizado) VALUES (16, 17, 35, '2019-01-25 00:00:00', 3, NULL, 6, 31, '2019-02-20 15:16:20', '2019-02-20 15:16:20');
INSERT INTO pagos.ejecucion_pago (id_ejecucion_pago, id_pago, id_banco, fe_envio_inst, id_etapa_envio, tx_observaciones, id_usuario, id_status, fe_creado, fe_actualizado) VALUES (17, 15, 35, '2019-01-25 00:00:00', 3, NULL, 6, 31, '2019-02-20 15:17:03', '2019-02-20 15:17:03');
INSERT INTO pagos.ejecucion_pago (id_ejecucion_pago, id_pago, id_banco, fe_envio_inst, id_etapa_envio, tx_observaciones, id_usuario, id_status, fe_creado, fe_actualizado) VALUES (18, 18, 35, '2019-01-25 00:00:00', 3, NULL, 6, 31, '2019-02-20 15:17:30', '2019-02-20 15:17:30');
INSERT INTO pagos.ejecucion_pago (id_ejecucion_pago, id_pago, id_banco, fe_envio_inst, id_etapa_envio, tx_observaciones, id_usuario, id_status, fe_creado, fe_actualizado) VALUES (19, 14, 35, '2019-01-24 00:00:00', 3, NULL, 6, 31, '2019-02-20 15:18:01', '2019-02-20 15:18:01');
INSERT INTO pagos.ejecucion_pago (id_ejecucion_pago, id_pago, id_banco, fe_envio_inst, id_etapa_envio, tx_observaciones, id_usuario, id_status, fe_creado, fe_actualizado) VALUES (20, 13, 35, '2019-01-24 00:00:00', 3, NULL, 6, 31, '2019-02-20 15:18:39', '2019-02-20 15:18:39');
INSERT INTO pagos.ejecucion_pago (id_ejecucion_pago, id_pago, id_banco, fe_envio_inst, id_etapa_envio, tx_observaciones, id_usuario, id_status, fe_creado, fe_actualizado) VALUES (21, 16, 35, '2019-01-24 00:00:00', 3, NULL, 6, 31, '2019-02-20 15:19:27', '2019-02-20 15:19:27');
INSERT INTO pagos.ejecucion_pago (id_ejecucion_pago, id_pago, id_banco, fe_envio_inst, id_etapa_envio, tx_observaciones, id_usuario, id_status, fe_creado, fe_actualizado) VALUES (23, 22, 9, '2019-01-10 00:00:00', 3, NULL, 6, 31, '2019-02-20 19:37:41', '2019-02-20 19:37:41');
INSERT INTO pagos.ejecucion_pago (id_ejecucion_pago, id_pago, id_banco, fe_envio_inst, id_etapa_envio, tx_observaciones, id_usuario, id_status, fe_creado, fe_actualizado) VALUES (24, 21, 12, '2019-01-10 00:00:00', 3, NULL, 6, 31, '2019-02-20 19:38:26', '2019-02-20 19:38:26');
INSERT INTO pagos.ejecucion_pago (id_ejecucion_pago, id_pago, id_banco, fe_envio_inst, id_etapa_envio, tx_observaciones, id_usuario, id_status, fe_creado, fe_actualizado) VALUES (22, 20, 12, '2019-01-10 00:00:00', 3, NULL, 6, 31, '2019-02-20 19:36:43', '2019-02-20 19:40:06');
INSERT INTO pagos.ejecucion_pago (id_ejecucion_pago, id_pago, id_banco, fe_envio_inst, id_etapa_envio, tx_observaciones, id_usuario, id_status, fe_creado, fe_actualizado) VALUES (25, 26, 34, '2019-01-21 00:00:00', 3, NULL, 6, 31, '2019-02-20 19:40:58', '2019-02-20 19:40:58');
INSERT INTO pagos.ejecucion_pago (id_ejecucion_pago, id_pago, id_banco, fe_envio_inst, id_etapa_envio, tx_observaciones, id_usuario, id_status, fe_creado, fe_actualizado) VALUES (26, 25, 34, '2019-01-30 00:00:00', 3, NULL, 6, 31, '2019-02-20 19:41:24', '2019-02-20 19:41:24');
INSERT INTO pagos.ejecucion_pago (id_ejecucion_pago, id_pago, id_banco, fe_envio_inst, id_etapa_envio, tx_observaciones, id_usuario, id_status, fe_creado, fe_actualizado) VALUES (27, 31, 8, '2019-01-09 00:00:00', 3, NULL, 6, 31, '2019-02-20 19:42:41', '2019-02-20 19:42:41');
INSERT INTO pagos.ejecucion_pago (id_ejecucion_pago, id_pago, id_banco, fe_envio_inst, id_etapa_envio, tx_observaciones, id_usuario, id_status, fe_creado, fe_actualizado) VALUES (28, 32, 36, '2019-02-14 00:00:00', 3, NULL, 6, 30, '2019-02-21 14:26:27', '2019-02-21 14:26:27');
INSERT INTO pagos.ejecucion_pago (id_ejecucion_pago, id_pago, id_banco, fe_envio_inst, id_etapa_envio, tx_observaciones, id_usuario, id_status, fe_creado, fe_actualizado) VALUES (29, 34, 34, '2019-02-12 00:00:00', 3, NULL, 6, 31, '2019-02-21 14:43:11', '2019-02-21 14:43:11');
INSERT INTO pagos.ejecucion_pago (id_ejecucion_pago, id_pago, id_banco, fe_envio_inst, id_etapa_envio, tx_observaciones, id_usuario, id_status, fe_creado, fe_actualizado) VALUES (30, 35, 12, '2019-01-17 00:00:00', 3, NULL, 6, 31, '2019-02-21 14:46:33', '2019-02-21 14:59:32');
INSERT INTO pagos.ejecucion_pago (id_ejecucion_pago, id_pago, id_banco, fe_envio_inst, id_etapa_envio, tx_observaciones, id_usuario, id_status, fe_creado, fe_actualizado) VALUES (31, 28, 12, '2019-01-10 00:00:00', 3, NULL, 6, 31, '2019-02-21 15:01:55', '2019-02-21 15:01:55');
INSERT INTO pagos.ejecucion_pago (id_ejecucion_pago, id_pago, id_banco, fe_envio_inst, id_etapa_envio, tx_observaciones, id_usuario, id_status, fe_creado, fe_actualizado) VALUES (32, 37, 11, '2019-02-19 00:00:00', 1, 'NULO NO ESPECIFICA BENEFICIARIO FINAL (POLITICAS INTERNAS)', 6, 29, '2019-02-21 22:30:31', '2019-02-21 22:30:31');
INSERT INTO pagos.ejecucion_pago (id_ejecucion_pago, id_pago, id_banco, fe_envio_inst, id_etapa_envio, tx_observaciones, id_usuario, id_status, fe_creado, fe_actualizado) VALUES (33, 38, 37, '2019-01-17 00:00:00', 3, NULL, 6, 31, '2019-02-21 22:36:49', '2019-02-21 22:36:49');
INSERT INTO pagos.ejecucion_pago (id_ejecucion_pago, id_pago, id_banco, fe_envio_inst, id_etapa_envio, tx_observaciones, id_usuario, id_status, fe_creado, fe_actualizado) VALUES (34, 39, 36, '2019-02-12 00:00:00', 3, NULL, 6, 31, '2019-02-21 22:40:35', '2019-02-21 22:40:35');
INSERT INTO pagos.ejecucion_pago (id_ejecucion_pago, id_pago, id_banco, fe_envio_inst, id_etapa_envio, tx_observaciones, id_usuario, id_status, fe_creado, fe_actualizado) VALUES (35, 40, 28, '2019-01-08 00:00:00', 3, NULL, 6, 31, '2019-02-22 18:02:13', '2019-02-22 18:02:13');
INSERT INTO pagos.ejecucion_pago (id_ejecucion_pago, id_pago, id_banco, fe_envio_inst, id_etapa_envio, tx_observaciones, id_usuario, id_status, fe_creado, fe_actualizado) VALUES (36, 43, 32, '2019-01-22 00:00:00', 3, NULL, 6, 31, '2019-02-27 16:14:00', '2019-02-27 16:14:00');


--
-- TOC entry 2602 (class 0 OID 19375)
-- Dependencies: 199
-- Data for Name: ente; Type: TABLE DATA; Schema: pagos; Owner: -
--

INSERT INTO pagos.ente (id_ente, nb_ente, id_tipo_ente, id_grupo_ente, tx_observaciones, id_usuario, id_status, fe_creado, fe_actualizado) VALUES (22, 'PROOVEEDOR PRUEBA', 4, 6, NULL, 1, 22, '2019-01-18 14:31:47', '2019-01-28 17:44:59');
INSERT INTO pagos.ente (id_ente, nb_ente, id_tipo_ente, id_grupo_ente, tx_observaciones, id_usuario, id_status, fe_creado, fe_actualizado) VALUES (473, 'Corporación Venezolana de Minería', 1, 4, 'CVM', 4, 22, '2019-02-12 22:03:35', '2019-02-12 22:03:35');
INSERT INTO pagos.ente (id_ente, nb_ente, id_tipo_ente, id_grupo_ente, tx_observaciones, id_usuario, id_status, fe_creado, fe_actualizado) VALUES (2, 'CAF', 1, 4, NULL, 1, 22, NULL, NULL);
INSERT INTO pagos.ente (id_ente, nb_ente, id_tipo_ente, id_grupo_ente, tx_observaciones, id_usuario, id_status, fe_creado, fe_actualizado) VALUES (1, 'BANDES', 1, 4, NULL, 1, 22, NULL, NULL);
INSERT INTO pagos.ente (id_ente, nb_ente, id_tipo_ente, id_grupo_ente, tx_observaciones, id_usuario, id_status, fe_creado, fe_actualizado) VALUES (3, 'Fondos de Inversion', 1, 4, NULL, 1, 22, NULL, NULL);
INSERT INTO pagos.ente (id_ente, nb_ente, id_tipo_ente, id_grupo_ente, tx_observaciones, id_usuario, id_status, fe_creado, fe_actualizado) VALUES (18, 'CONSIGUA', 1, 4, NULL, 1, 22, NULL, NULL);
INSERT INTO pagos.ente (id_ente, nb_ente, id_tipo_ente, id_grupo_ente, tx_observaciones, id_usuario, id_status, fe_creado, fe_actualizado) VALUES (19, 'INEA', 1, 4, NULL, 1, 22, NULL, NULL);
INSERT INTO pagos.ente (id_ente, nb_ente, id_tipo_ente, id_grupo_ente, tx_observaciones, id_usuario, id_status, fe_creado, fe_actualizado) VALUES (20, 'SAPI', 1, 4, NULL, 1, 22, NULL, NULL);
INSERT INTO pagos.ente (id_ente, nb_ente, id_tipo_ente, id_grupo_ente, tx_observaciones, id_usuario, id_status, fe_creado, fe_actualizado) VALUES (17, 'CANCILLERIA', 1, 5, NULL, 1, 22, '2018-10-17 03:36:09', '2018-10-17 03:36:09');
INSERT INTO pagos.ente (id_ente, nb_ente, id_tipo_ente, id_grupo_ente, tx_observaciones, id_usuario, id_status, fe_creado, fe_actualizado) VALUES (5, 'PDVSA', 1, 4, NULL, 1, 22, NULL, NULL);
INSERT INTO pagos.ente (id_ente, nb_ente, id_tipo_ente, id_grupo_ente, tx_observaciones, id_usuario, id_status, fe_creado, fe_actualizado) VALUES (7, 'Ferrominera', 1, 4, NULL, 1, 22, NULL, NULL);
INSERT INTO pagos.ente (id_ente, nb_ente, id_tipo_ente, id_grupo_ente, tx_observaciones, id_usuario, id_status, fe_creado, fe_actualizado) VALUES (8, 'INAC', 1, 4, NULL, 1, 22, NULL, NULL);
INSERT INTO pagos.ente (id_ente, nb_ente, id_tipo_ente, id_grupo_ente, tx_observaciones, id_usuario, id_status, fe_creado, fe_actualizado) VALUES (10, 'MPP ECONOMIA Y FINANZAS', 1, 5, NULL, 1, 22, NULL, NULL);
INSERT INTO pagos.ente (id_ente, nb_ente, id_tipo_ente, id_grupo_ente, tx_observaciones, id_usuario, id_status, fe_creado, fe_actualizado) VALUES (13, 'MPP EDUCACION', 1, 5, NULL, 1, 22, NULL, NULL);
INSERT INTO pagos.ente (id_ente, nb_ente, id_tipo_ente, id_grupo_ente, tx_observaciones, id_usuario, id_status, fe_creado, fe_actualizado) VALUES (21, 'MPP ALIMENTACION', 1, 5, NULL, 1, 22, '2018-10-25 18:09:04', '2018-10-25 18:09:04');
INSERT INTO pagos.ente (id_ente, nb_ente, id_tipo_ente, id_grupo_ente, tx_observaciones, id_usuario, id_status, fe_creado, fe_actualizado) VALUES (23, 'AAS SIST AEROESPACIAL AVIACAO LDA', 4, 6, NULL, 1, 22, '2018-10-17 00:00:00', NULL);
INSERT INTO pagos.ente (id_ente, nb_ente, id_tipo_ente, id_grupo_ente, tx_observaciones, id_usuario, id_status, fe_creado, fe_actualizado) VALUES (27, 'ADQUISICION DE MATERIALES PARA AERONAVES', 4, 6, NULL, 1, 22, '2018-10-17 00:00:00', NULL);
INSERT INTO pagos.ente (id_ente, nb_ente, id_tipo_ente, id_grupo_ente, tx_observaciones, id_usuario, id_status, fe_creado, fe_actualizado) VALUES (28, 'ADR3 LLC', 4, 6, NULL, 1, 22, '2018-10-17 00:00:00', NULL);
INSERT INTO pagos.ente (id_ente, nb_ente, id_tipo_ente, id_grupo_ente, tx_observaciones, id_usuario, id_status, fe_creado, fe_actualizado) VALUES (29, 'ADUCARGA EXPRESS SA', 4, 6, NULL, 1, 22, '2018-10-17 00:00:00', NULL);
INSERT INTO pagos.ente (id_ente, nb_ente, id_tipo_ente, id_grupo_ente, tx_observaciones, id_usuario, id_status, fe_creado, fe_actualizado) VALUES (32, 'AGREGADURIA DE DEFENSA DE LA REPUBLICA BOLIVARIANA DE VENEZUELA', 4, 6, NULL, 1, 22, '2018-10-17 00:00:00', NULL);
INSERT INTO pagos.ente (id_ente, nb_ente, id_tipo_ente, id_grupo_ente, tx_observaciones, id_usuario, id_status, fe_creado, fe_actualizado) VALUES (33, 'AGREGADURIA MILITAR NAVAL Y AEREA DE LA EMBAJADA DE LA REPUBLICA BOLIVARIANA DE VENEZUELA EN BELARUS', 4, 6, NULL, 1, 22, '2018-10-17 00:00:00', NULL);
INSERT INTO pagos.ente (id_ente, nb_ente, id_tipo_ente, id_grupo_ente, tx_observaciones, id_usuario, id_status, fe_creado, fe_actualizado) VALUES (34, 'AGREMVE-COMPENSACIONES', 4, 6, NULL, 1, 22, '2018-10-17 00:00:00', NULL);
INSERT INTO pagos.ente (id_ente, nb_ente, id_tipo_ente, id_grupo_ente, tx_observaciones, id_usuario, id_status, fe_creado, fe_actualizado) VALUES (35, 'AGRICARNITEC SANTINI E.C.SRL', 4, 6, NULL, 1, 22, '2018-10-17 00:00:00', NULL);
INSERT INTO pagos.ente (id_ente, nb_ente, id_tipo_ente, id_grupo_ente, tx_observaciones, id_usuario, id_status, fe_creado, fe_actualizado) VALUES (36, 'AGUILERA ESTELLER SERGIO ALEXIS RAMON', 4, 6, NULL, 1, 22, '2018-10-17 00:00:00', NULL);
INSERT INTO pagos.ente (id_ente, nb_ente, id_tipo_ente, id_grupo_ente, tx_observaciones, id_usuario, id_status, fe_creado, fe_actualizado) VALUES (39, 'ALAIN PELLET', 4, 6, NULL, 1, 22, '2018-10-17 00:00:00', NULL);
INSERT INTO pagos.ente (id_ente, nb_ente, id_tipo_ente, id_grupo_ente, tx_observaciones, id_usuario, id_status, fe_creado, fe_actualizado) VALUES (40, 'ALASO USA CORP', 4, 6, NULL, 1, 22, '2018-10-17 00:00:00', NULL);
INSERT INTO pagos.ente (id_ente, nb_ente, id_tipo_ente, id_grupo_ente, tx_observaciones, id_usuario, id_status, fe_creado, fe_actualizado) VALUES (469, 'BAER', 4, 6, 'Bolivariana de Aeropuertos, S.A', 1, 22, '2019-01-25 19:36:44', '2019-01-25 19:36:44');
INSERT INTO pagos.ente (id_ente, nb_ente, id_tipo_ente, id_grupo_ente, tx_observaciones, id_usuario, id_status, fe_creado, fe_actualizado) VALUES (202, 'FORZA INTERNATIONAL SUPPLY CORP C/O ZWETAN ZANEV', 4, 6, NULL, 1, 22, '2018-10-17 00:00:00', NULL);
INSERT INTO pagos.ente (id_ente, nb_ente, id_tipo_ente, id_grupo_ente, tx_observaciones, id_usuario, id_status, fe_creado, fe_actualizado) VALUES (199, 'FONDO DE DESARROLLO NACIONAL FONDEN, S.A.', 4, 6, NULL, 1, 22, '2018-10-17 00:00:00', NULL);
INSERT INTO pagos.ente (id_ente, nb_ente, id_tipo_ente, id_grupo_ente, tx_observaciones, id_usuario, id_status, fe_creado, fe_actualizado) VALUES (203, 'FR EQUIPMENT AND TECHNOLOGY CORP', 4, 6, NULL, 1, 22, '2018-10-17 00:00:00', NULL);
INSERT INTO pagos.ente (id_ente, nb_ente, id_tipo_ente, id_grupo_ente, tx_observaciones, id_usuario, id_status, fe_creado, fe_actualizado) VALUES (204, 'FREZO INTERNATIONAL TRADING CORPORATION', 4, 6, NULL, 1, 22, '2018-10-17 00:00:00', NULL);
INSERT INTO pagos.ente (id_ente, nb_ente, id_tipo_ente, id_grupo_ente, tx_observaciones, id_usuario, id_status, fe_creado, fe_actualizado) VALUES (205, 'GENETICS SPANISH,S.L.', 4, 6, NULL, 1, 22, '2018-10-17 00:00:00', NULL);
INSERT INTO pagos.ente (id_ente, nb_ente, id_tipo_ente, id_grupo_ente, tx_observaciones, id_usuario, id_status, fe_creado, fe_actualizado) VALUES (206, 'GENTEC,S.A.', 4, 6, NULL, 1, 22, '2018-10-17 00:00:00', NULL);
INSERT INTO pagos.ente (id_ente, nb_ente, id_tipo_ente, id_grupo_ente, tx_observaciones, id_usuario, id_status, fe_creado, fe_actualizado) VALUES (207, 'GEORGIAN REINSURANCE BROKERS LTD', 4, 6, NULL, 1, 22, '2018-10-17 00:00:00', NULL);
INSERT INTO pagos.ente (id_ente, nb_ente, id_tipo_ente, id_grupo_ente, tx_observaciones, id_usuario, id_status, fe_creado, fe_actualizado) VALUES (209, 'GLOBAL FINANCIAL CORPORATION', 4, 6, NULL, 1, 22, '2018-10-17 00:00:00', NULL);
INSERT INTO pagos.ente (id_ente, nb_ente, id_tipo_ente, id_grupo_ente, tx_observaciones, id_usuario, id_status, fe_creado, fe_actualizado) VALUES (210, 'GLOBAL INVESTMENTS 1411 LTD', 4, 6, NULL, 1, 22, '2018-10-17 00:00:00', NULL);
INSERT INTO pagos.ente (id_ente, nb_ente, id_tipo_ente, id_grupo_ente, tx_observaciones, id_usuario, id_status, fe_creado, fe_actualizado) VALUES (211, 'GLOBAL SUPPLIES CORPORATION S.A', 4, 6, NULL, 1, 22, '2018-10-17 00:00:00', NULL);
INSERT INTO pagos.ente (id_ente, nb_ente, id_tipo_ente, id_grupo_ente, tx_observaciones, id_usuario, id_status, fe_creado, fe_actualizado) VALUES (212, 'GLOBE INGREDIENTS BV', 4, 6, NULL, 1, 22, '2018-10-17 00:00:00', NULL);
INSERT INTO pagos.ente (id_ente, nb_ente, id_tipo_ente, id_grupo_ente, tx_observaciones, id_usuario, id_status, fe_creado, fe_actualizado) VALUES (213, 'GLOBENET CABOS SUBMARINOS BERMUDA LTD', 4, 6, NULL, 1, 22, '2018-10-17 00:00:00', NULL);
INSERT INTO pagos.ente (id_ente, nb_ente, id_tipo_ente, id_grupo_ente, tx_observaciones, id_usuario, id_status, fe_creado, fe_actualizado) VALUES (214, 'GLOBOAVES SAO PAULO AGROAVICOLA LTDA', 4, 6, NULL, 1, 22, '2018-10-17 00:00:00', NULL);
INSERT INTO pagos.ente (id_ente, nb_ente, id_tipo_ente, id_grupo_ente, tx_observaciones, id_usuario, id_status, fe_creado, fe_actualizado) VALUES (215, 'GO GROUP HOLDINGS INC', 4, 6, NULL, 1, 22, '2018-10-17 00:00:00', NULL);
INSERT INTO pagos.ente (id_ente, nb_ente, id_tipo_ente, id_grupo_ente, tx_observaciones, id_usuario, id_status, fe_creado, fe_actualizado) VALUES (216, 'GOBERNACION DEL ESTADO VARGAS', 4, 6, NULL, 1, 22, '2018-10-17 00:00:00', NULL);
INSERT INTO pagos.ente (id_ente, nb_ente, id_tipo_ente, id_grupo_ente, tx_observaciones, id_usuario, id_status, fe_creado, fe_actualizado) VALUES (217, 'GODAR FINANCIAL CORPORATION', 4, 6, NULL, 1, 22, '2018-10-17 00:00:00', NULL);
INSERT INTO pagos.ente (id_ente, nb_ente, id_tipo_ente, id_grupo_ente, tx_observaciones, id_usuario, id_status, fe_creado, fe_actualizado) VALUES (218, 'GOLD RESERVE INC', 4, 6, NULL, 1, 22, '2018-10-17 00:00:00', NULL);
INSERT INTO pagos.ente (id_ente, nb_ente, id_tipo_ente, id_grupo_ente, tx_observaciones, id_usuario, id_status, fe_creado, fe_actualizado) VALUES (219, 'GRUPO HGM TECNOLOGIAS SUBMARINAS,S.L', 4, 6, NULL, 1, 22, '2018-10-17 00:00:00', NULL);
INSERT INTO pagos.ente (id_ente, nb_ente, id_tipo_ente, id_grupo_ente, tx_observaciones, id_usuario, id_status, fe_creado, fe_actualizado) VALUES (220, 'GUANGDONG CHIGO AIR CONDITIONING CO.,LTD.', 4, 6, NULL, 1, 22, '2018-10-17 00:00:00', NULL);
INSERT INTO pagos.ente (id_ente, nb_ente, id_tipo_ente, id_grupo_ente, tx_observaciones, id_usuario, id_status, fe_creado, fe_actualizado) VALUES (221, 'HEADLINE LLC,LTD / ZWETAN ZANEV ART 30 BA', 4, 6, NULL, 1, 22, '2018-10-17 00:00:00', NULL);
INSERT INTO pagos.ente (id_ente, nb_ente, id_tipo_ente, id_grupo_ente, tx_observaciones, id_usuario, id_status, fe_creado, fe_actualizado) VALUES (222, 'HEFEI HUALING CO.,LTD', 4, 6, NULL, 1, 22, '2018-10-17 00:00:00', NULL);
INSERT INTO pagos.ente (id_ente, nb_ente, id_tipo_ente, id_grupo_ente, tx_observaciones, id_usuario, id_status, fe_creado, fe_actualizado) VALUES (223, 'HENDRIX GENETICS LTDA', 4, 6, NULL, 1, 22, '2018-10-17 00:00:00', NULL);
INSERT INTO pagos.ente (id_ente, nb_ente, id_tipo_ente, id_grupo_ente, tx_observaciones, id_usuario, id_status, fe_creado, fe_actualizado) VALUES (224, 'HK SHANS INT L GROUP LIMITED', 4, 6, NULL, 1, 22, '2018-10-17 00:00:00', NULL);
INSERT INTO pagos.ente (id_ente, nb_ente, id_tipo_ente, id_grupo_ente, tx_observaciones, id_usuario, id_status, fe_creado, fe_actualizado) VALUES (225, 'HOSPITAL SIRIO LIBANES', 4, 6, NULL, 1, 22, '2018-10-17 00:00:00', NULL);
INSERT INTO pagos.ente (id_ente, nb_ente, id_tipo_ente, id_grupo_ente, tx_observaciones, id_usuario, id_status, fe_creado, fe_actualizado) VALUES (226, 'HUAL TECHNOLOGIES S.A C/O ZWETAN ZANEV', 4, 6, NULL, 1, 22, '2018-10-17 00:00:00', NULL);
INSERT INTO pagos.ente (id_ente, nb_ente, id_tipo_ente, id_grupo_ente, tx_observaciones, id_usuario, id_status, fe_creado, fe_actualizado) VALUES (227, 'HYR TRADE LIMITED C/O ZWETAN ZANEV', 4, 6, NULL, 1, 22, '2018-10-17 00:00:00', NULL);
INSERT INTO pagos.ente (id_ente, nb_ente, id_tipo_ente, id_grupo_ente, tx_observaciones, id_usuario, id_status, fe_creado, fe_actualizado) VALUES (228, 'IBM WORL TRADE CORPORATION', 4, 6, NULL, 1, 22, '2018-10-17 00:00:00', NULL);
INSERT INTO pagos.ente (id_ente, nb_ente, id_tipo_ente, id_grupo_ente, tx_observaciones, id_usuario, id_status, fe_creado, fe_actualizado) VALUES (229, 'IBRAQUIM TECN LDA-SUCURSAL PORTUGAL', 4, 6, NULL, 1, 22, '2018-10-17 00:00:00', NULL);
INSERT INTO pagos.ente (id_ente, nb_ente, id_tipo_ente, id_grupo_ente, tx_observaciones, id_usuario, id_status, fe_creado, fe_actualizado) VALUES (230, 'IBRAQUIM TECOLOGIA LTDA', 4, 6, NULL, 1, 22, '2018-10-17 00:00:00', NULL);
INSERT INTO pagos.ente (id_ente, nb_ente, id_tipo_ente, id_grupo_ente, tx_observaciones, id_usuario, id_status, fe_creado, fe_actualizado) VALUES (231, 'IDA S.R.L.', 4, 6, NULL, 1, 22, '2018-10-17 00:00:00', NULL);
INSERT INTO pagos.ente (id_ente, nb_ente, id_tipo_ente, id_grupo_ente, tx_observaciones, id_usuario, id_status, fe_creado, fe_actualizado) VALUES (232, 'IDE-CESEM INSTITUTO DE DIRECTIVOS EMPRESARIALES', 4, 6, NULL, 1, 22, '2018-10-17 00:00:00', NULL);
INSERT INTO pagos.ente (id_ente, nb_ente, id_tipo_ente, id_grupo_ente, tx_observaciones, id_usuario, id_status, fe_creado, fe_actualizado) VALUES (233, 'IMPORT AND EXPORT Y COM LTD', 4, 6, NULL, 1, 22, '2018-10-17 00:00:00', NULL);
INSERT INTO pagos.ente (id_ente, nb_ente, id_tipo_ente, id_grupo_ente, tx_observaciones, id_usuario, id_status, fe_creado, fe_actualizado) VALUES (234, 'INCLAM,S.A.', 4, 6, NULL, 1, 22, '2018-10-17 00:00:00', NULL);
INSERT INTO pagos.ente (id_ente, nb_ente, id_tipo_ente, id_grupo_ente, tx_observaciones, id_usuario, id_status, fe_creado, fe_actualizado) VALUES (236, 'INORCA CONSULTORES,S.L.', 4, 6, NULL, 1, 22, '2018-10-17 00:00:00', NULL);
INSERT INTO pagos.ente (id_ente, nb_ente, id_tipo_ente, id_grupo_ente, tx_observaciones, id_usuario, id_status, fe_creado, fe_actualizado) VALUES (237, 'INSIGNA INTERNATIONAL TRADING CO., LIMITED', 4, 6, NULL, 1, 22, '2018-10-17 00:00:00', NULL);
INSERT INTO pagos.ente (id_ente, nb_ente, id_tipo_ente, id_grupo_ente, tx_observaciones, id_usuario, id_status, fe_creado, fe_actualizado) VALUES (238, 'INSTITUCION FERIAL DE MADRID', 4, 6, NULL, 1, 22, '2018-10-17 00:00:00', NULL);
INSERT INTO pagos.ente (id_ente, nb_ente, id_tipo_ente, id_grupo_ente, tx_observaciones, id_usuario, id_status, fe_creado, fe_actualizado) VALUES (239, 'INSTITUTO DE DIRECTIVOS DE EMPRESA, S.L.', 4, 6, NULL, 1, 22, '2018-10-17 00:00:00', NULL);
INSERT INTO pagos.ente (id_ente, nb_ente, id_tipo_ente, id_grupo_ente, tx_observaciones, id_usuario, id_status, fe_creado, fe_actualizado) VALUES (240, 'INSTITUTO NACIONAL DE AERONAUTICA CIVIL (INAC)', 4, 6, NULL, 1, 22, '2018-10-17 00:00:00', NULL);
INSERT INTO pagos.ente (id_ente, nb_ente, id_tipo_ente, id_grupo_ente, tx_observaciones, id_usuario, id_status, fe_creado, fe_actualizado) VALUES (241, 'INTEGRAL EMERGENCY SOLUTIONS INC', 4, 6, NULL, 1, 22, '2018-10-17 00:00:00', NULL);
INSERT INTO pagos.ente (id_ente, nb_ente, id_tipo_ente, id_grupo_ente, tx_observaciones, id_usuario, id_status, fe_creado, fe_actualizado) VALUES (242, 'INTELSAT GLOBAL SALES AND MARKETING LTD', 4, 6, NULL, 1, 22, '2018-10-17 00:00:00', NULL);
INSERT INTO pagos.ente (id_ente, nb_ente, id_tipo_ente, id_grupo_ente, tx_observaciones, id_usuario, id_status, fe_creado, fe_actualizado) VALUES (243, 'INTERLUDE COMPANY SERVICES S.A.', 4, 6, NULL, 1, 22, '2018-10-17 00:00:00', NULL);
INSERT INTO pagos.ente (id_ente, nb_ente, id_tipo_ente, id_grupo_ente, tx_observaciones, id_usuario, id_status, fe_creado, fe_actualizado) VALUES (244, 'INTERNACIONAL CHAMBER OF COMMERCE', 4, 6, NULL, 1, 22, '2018-10-17 00:00:00', NULL);
INSERT INTO pagos.ente (id_ente, nb_ente, id_tipo_ente, id_grupo_ente, tx_observaciones, id_usuario, id_status, fe_creado, fe_actualizado) VALUES (245, 'INTERNATIONAL PHARMA TRADE', 4, 6, NULL, 1, 22, '2018-10-17 00:00:00', NULL);
INSERT INTO pagos.ente (id_ente, nb_ente, id_tipo_ente, id_grupo_ente, tx_observaciones, id_usuario, id_status, fe_creado, fe_actualizado) VALUES (474, 'Instituto Nacional de Canalizaciones', 1, 4, 'INC', 4, 22, '2019-02-12 22:06:21', '2019-02-12 22:06:21');
INSERT INTO pagos.ente (id_ente, nb_ente, id_tipo_ente, id_grupo_ente, tx_observaciones, id_usuario, id_status, fe_creado, fe_actualizado) VALUES (470, 'Gastos Propios BCV', 4, 6, 'Instrucciones aprobadas para BCV- gastos por funcionamiento, papel moneda, rescate de notas.', 1, 22, '2019-01-25 22:32:04', '2019-01-25 22:32:04');
INSERT INTO pagos.ente (id_ente, nb_ente, id_tipo_ente, id_grupo_ente, tx_observaciones, id_usuario, id_status, fe_creado, fe_actualizado) VALUES (41, 'ALBAID CORP', 4, 6, NULL, 1, 22, '2018-10-17 00:00:00', NULL);
INSERT INTO pagos.ente (id_ente, nb_ente, id_tipo_ente, id_grupo_ente, tx_observaciones, id_usuario, id_status, fe_creado, fe_actualizado) VALUES (42, 'ALEJANDRA JHONAY DE JESUS BENITEZ ROMERO', 4, 6, NULL, 1, 22, '2018-10-17 00:00:00', NULL);
INSERT INTO pagos.ente (id_ente, nb_ente, id_tipo_ente, id_grupo_ente, tx_observaciones, id_usuario, id_status, fe_creado, fe_actualizado) VALUES (246, 'INTERTEKNICA INTERNACIONAL DE TECNOLOGIA SL', 4, 6, NULL, 1, 22, '2018-10-17 00:00:00', NULL);
INSERT INTO pagos.ente (id_ente, nb_ente, id_tipo_ente, id_grupo_ente, tx_observaciones, id_usuario, id_status, fe_creado, fe_actualizado) VALUES (247, 'INVERSIONES ALFAMAQ C.A.', 4, 6, NULL, 1, 22, '2018-10-17 00:00:00', NULL);
INSERT INTO pagos.ente (id_ente, nb_ente, id_tipo_ente, id_grupo_ente, tx_observaciones, id_usuario, id_status, fe_creado, fe_actualizado) VALUES (275, 'LANDSCAPE VISION CORPORATION SA', 4, 6, NULL, 1, 22, '2018-10-17 00:00:00', NULL);
INSERT INTO pagos.ente (id_ente, nb_ente, id_tipo_ente, id_grupo_ente, tx_observaciones, id_usuario, id_status, fe_creado, fe_actualizado) VALUES (249, 'INVERSIONES RAMAJA LIMITADA', 4, 6, NULL, 1, 22, '2018-10-17 00:00:00', NULL);
INSERT INTO pagos.ente (id_ente, nb_ente, id_tipo_ente, id_grupo_ente, tx_observaciones, id_usuario, id_status, fe_creado, fe_actualizado) VALUES (250, 'IRON CORP', 4, 6, NULL, 1, 22, '2018-10-17 00:00:00', NULL);
INSERT INTO pagos.ente (id_ente, nb_ente, id_tipo_ente, id_grupo_ente, tx_observaciones, id_usuario, id_status, fe_creado, fe_actualizado) VALUES (251, 'ISACES LTD', 4, 6, NULL, 1, 22, '2018-10-17 00:00:00', NULL);
INSERT INTO pagos.ente (id_ente, nb_ente, id_tipo_ente, id_grupo_ente, tx_observaciones, id_usuario, id_status, fe_creado, fe_actualizado) VALUES (252, 'ITALPAST S.R.L.', 4, 6, NULL, 1, 22, '2018-10-17 00:00:00', NULL);
INSERT INTO pagos.ente (id_ente, nb_ente, id_tipo_ente, id_grupo_ente, tx_observaciones, id_usuario, id_status, fe_creado, fe_actualizado) VALUES (253, 'ITAU UNIBANCO S.A', 4, 6, NULL, 1, 22, '2018-10-17 00:00:00', NULL);
INSERT INTO pagos.ente (id_ente, nb_ente, id_tipo_ente, id_grupo_ente, tx_observaciones, id_usuario, id_status, fe_creado, fe_actualizado) VALUES (254, 'J AND B INTERNATIONAL TRAD', 4, 6, NULL, 1, 22, '2018-10-17 00:00:00', NULL);
INSERT INTO pagos.ente (id_ente, nb_ente, id_tipo_ente, id_grupo_ente, tx_observaciones, id_usuario, id_status, fe_creado, fe_actualizado) VALUES (255, 'J FALKEN S.A.C', 4, 6, NULL, 1, 22, '2018-10-17 00:00:00', NULL);
INSERT INTO pagos.ente (id_ente, nb_ente, id_tipo_ente, id_grupo_ente, tx_observaciones, id_usuario, id_status, fe_creado, fe_actualizado) VALUES (256, 'JEPPESEN GMBH', 4, 6, NULL, 1, 22, '2018-10-17 00:00:00', NULL);
INSERT INTO pagos.ente (id_ente, nb_ente, id_tipo_ente, id_grupo_ente, tx_observaciones, id_usuario, id_status, fe_creado, fe_actualizado) VALUES (257, 'JETSKY TRADING LIMITED', 4, 6, NULL, 1, 22, '2018-10-17 00:00:00', NULL);
INSERT INTO pagos.ente (id_ente, nb_ente, id_tipo_ente, id_grupo_ente, tx_observaciones, id_usuario, id_status, fe_creado, fe_actualizado) VALUES (258, 'JIANGSU YAWEI MACHINE TOOL CO LTD', 4, 6, NULL, 1, 22, '2018-10-17 00:00:00', NULL);
INSERT INTO pagos.ente (id_ente, nb_ente, id_tipo_ente, id_grupo_ente, tx_observaciones, id_usuario, id_status, fe_creado, fe_actualizado) VALUES (259, 'JNFX LTD', 4, 6, NULL, 1, 22, '2018-10-17 00:00:00', NULL);
INSERT INTO pagos.ente (id_ente, nb_ente, id_tipo_ente, id_grupo_ente, tx_observaciones, id_usuario, id_status, fe_creado, fe_actualizado) VALUES (260, 'JNKX LTD', 4, 6, NULL, 1, 22, '2018-10-17 00:00:00', NULL);
INSERT INTO pagos.ente (id_ente, nb_ente, id_tipo_ente, id_grupo_ente, tx_observaciones, id_usuario, id_status, fe_creado, fe_actualizado) VALUES (261, 'JSV BELZARUBEZHSTROY SA', 4, 6, NULL, 1, 22, '2018-10-17 00:00:00', NULL);
INSERT INTO pagos.ente (id_ente, nb_ente, id_tipo_ente, id_grupo_ente, tx_observaciones, id_usuario, id_status, fe_creado, fe_actualizado) VALUES (262, 'JUAN CARLOS LATASSA PEDROZA', 4, 6, NULL, 1, 22, '2018-10-17 00:00:00', NULL);
INSERT INTO pagos.ente (id_ente, nb_ente, id_tipo_ente, id_grupo_ente, tx_observaciones, id_usuario, id_status, fe_creado, fe_actualizado) VALUES (263, 'JUAN CARLOS ZAMBRANO PACHECO', 4, 6, NULL, 1, 22, '2018-10-17 00:00:00', NULL);
INSERT INTO pagos.ente (id_ente, nb_ente, id_tipo_ente, id_grupo_ente, tx_observaciones, id_usuario, id_status, fe_creado, fe_actualizado) VALUES (264, 'JWPB 2102 GRUPO COMERCIAL SA DE CV', 4, 6, NULL, 1, 22, '2018-10-17 00:00:00', NULL);
INSERT INTO pagos.ente (id_ente, nb_ente, id_tipo_ente, id_grupo_ente, tx_observaciones, id_usuario, id_status, fe_creado, fe_actualizado) VALUES (265, 'KAI BASSEN LANDMASCHINEN', 4, 6, NULL, 1, 22, '2018-10-17 00:00:00', NULL);
INSERT INTO pagos.ente (id_ente, nb_ente, id_tipo_ente, id_grupo_ente, tx_observaciones, id_usuario, id_status, fe_creado, fe_actualizado) VALUES (266, 'KBA NOTASYS S.A', 4, 6, NULL, 1, 22, '2018-10-17 00:00:00', NULL);
INSERT INTO pagos.ente (id_ente, nb_ente, id_tipo_ente, id_grupo_ente, tx_observaciones, id_usuario, id_status, fe_creado, fe_actualizado) VALUES (267, 'KLAUD CARRIER DATA CENTER SA DE CV', 4, 6, NULL, 1, 22, '2018-10-17 00:00:00', NULL);
INSERT INTO pagos.ente (id_ente, nb_ente, id_tipo_ente, id_grupo_ente, tx_observaciones, id_usuario, id_status, fe_creado, fe_actualizado) VALUES (268, 'KOREA OCEAN ENGINERRING AND CONSULTANTS CO LTD', 4, 6, NULL, 1, 22, '2018-10-17 00:00:00', NULL);
INSERT INTO pagos.ente (id_ente, nb_ente, id_tipo_ente, id_grupo_ente, tx_observaciones, id_usuario, id_status, fe_creado, fe_actualizado) VALUES (269, 'KSR,SA', 4, 6, NULL, 1, 22, '2018-10-17 00:00:00', NULL);
INSERT INTO pagos.ente (id_ente, nb_ente, id_tipo_ente, id_grupo_ente, tx_observaciones, id_usuario, id_status, fe_creado, fe_actualizado) VALUES (270, 'LA GUARDIA TRADING GROUP CORP', 4, 6, NULL, 1, 22, '2018-10-17 00:00:00', NULL);
INSERT INTO pagos.ente (id_ente, nb_ente, id_tipo_ente, id_grupo_ente, tx_observaciones, id_usuario, id_status, fe_creado, fe_actualizado) VALUES (271, 'LA NUEVA TELEVISION DEL SUR CA', 4, 6, NULL, 1, 22, '2018-10-17 00:00:00', NULL);
INSERT INTO pagos.ente (id_ente, nb_ente, id_tipo_ente, id_grupo_ente, tx_observaciones, id_usuario, id_status, fe_creado, fe_actualizado) VALUES (272, 'LABORATORIOS HIPRA,S.A.', 4, 6, NULL, 1, 22, '2018-10-17 00:00:00', NULL);
INSERT INTO pagos.ente (id_ente, nb_ente, id_tipo_ente, id_grupo_ente, tx_observaciones, id_usuario, id_status, fe_creado, fe_actualizado) VALUES (273, 'LACNIC', 4, 6, NULL, 1, 22, '2018-10-17 00:00:00', NULL);
INSERT INTO pagos.ente (id_ente, nb_ente, id_tipo_ente, id_grupo_ente, tx_observaciones, id_usuario, id_status, fe_creado, fe_actualizado) VALUES (276, 'LANDUCCI S.R.L', 4, 6, NULL, 1, 22, '2018-10-17 00:00:00', NULL);
INSERT INTO pagos.ente (id_ente, nb_ente, id_tipo_ente, id_grupo_ente, tx_observaciones, id_usuario, id_status, fe_creado, fe_actualizado) VALUES (277, 'LANZ VALDIVIA ISABEL ANGELICA', 4, 6, NULL, 1, 22, '2018-10-17 00:00:00', NULL);
INSERT INTO pagos.ente (id_ente, nb_ente, id_tipo_ente, id_grupo_ente, tx_observaciones, id_usuario, id_status, fe_creado, fe_actualizado) VALUES (278, 'LAVINCORP', 4, 6, NULL, 1, 22, '2018-10-17 00:00:00', NULL);
INSERT INTO pagos.ente (id_ente, nb_ente, id_tipo_ente, id_grupo_ente, tx_observaciones, id_usuario, id_status, fe_creado, fe_actualizado) VALUES (279, 'LEFITUR SA', 4, 6, NULL, 1, 22, '2018-10-17 00:00:00', NULL);
INSERT INTO pagos.ente (id_ente, nb_ente, id_tipo_ente, id_grupo_ente, tx_observaciones, id_usuario, id_status, fe_creado, fe_actualizado) VALUES (280, 'LENA ENGENHARIA E CONSTRUCOES S.A', 4, 6, NULL, 1, 22, '2018-10-17 00:00:00', NULL);
INSERT INTO pagos.ente (id_ente, nb_ente, id_tipo_ente, id_grupo_ente, tx_observaciones, id_usuario, id_status, fe_creado, fe_actualizado) VALUES (281, 'LESOD INTERNATIONAL TRADE (SHANGHAI) LIMITED', 4, 6, NULL, 1, 22, '2018-10-17 00:00:00', NULL);
INSERT INTO pagos.ente (id_ente, nb_ente, id_tipo_ente, id_grupo_ente, tx_observaciones, id_usuario, id_status, fe_creado, fe_actualizado) VALUES (282, 'LETAFET TURIZM TICARET LIMITED SIRKETI', 4, 6, NULL, 1, 22, '2018-10-17 00:00:00', NULL);
INSERT INTO pagos.ente (id_ente, nb_ente, id_tipo_ente, id_grupo_ente, tx_observaciones, id_usuario, id_status, fe_creado, fe_actualizado) VALUES (283, 'LGE CORAL HOLDCO LTD', 4, 6, NULL, 1, 22, '2018-10-17 00:00:00', NULL);
INSERT INTO pagos.ente (id_ente, nb_ente, id_tipo_ente, id_grupo_ente, tx_observaciones, id_usuario, id_status, fe_creado, fe_actualizado) VALUES (284, 'LIDO INTERNACIONAL, S.A', 4, 6, NULL, 1, 22, '2018-10-17 00:00:00', NULL);
INSERT INTO pagos.ente (id_ente, nb_ente, id_tipo_ente, id_grupo_ente, tx_observaciones, id_usuario, id_status, fe_creado, fe_actualizado) VALUES (285, 'LIFT EQUIPMENTS INC', 4, 6, NULL, 1, 22, '2018-10-17 00:00:00', NULL);
INSERT INTO pagos.ente (id_ente, nb_ente, id_tipo_ente, id_grupo_ente, tx_observaciones, id_usuario, id_status, fe_creado, fe_actualizado) VALUES (286, 'LINCO FOOD SYSTEMS A/S', 4, 6, NULL, 1, 22, '2018-10-17 00:00:00', NULL);
INSERT INTO pagos.ente (id_ente, nb_ente, id_tipo_ente, id_grupo_ente, tx_observaciones, id_usuario, id_status, fe_creado, fe_actualizado) VALUES (287, 'LOHMANN TIERZUCHT GMBH', 4, 6, NULL, 1, 22, '2018-10-17 00:00:00', NULL);
INSERT INTO pagos.ente (id_ente, nb_ente, id_tipo_ente, id_grupo_ente, tx_observaciones, id_usuario, id_status, fe_creado, fe_actualizado) VALUES (288, 'LUCAS DE VALENZUELA LUQUE', 4, 6, NULL, 1, 22, '2018-10-17 00:00:00', NULL);
INSERT INTO pagos.ente (id_ente, nb_ente, id_tipo_ente, id_grupo_ente, tx_observaciones, id_usuario, id_status, fe_creado, fe_actualizado) VALUES (289, 'LUCK FORTUNE INTERNATIONAL TRADING LIMITED', 4, 6, NULL, 1, 22, '2018-10-17 00:00:00', NULL);
INSERT INTO pagos.ente (id_ente, nb_ente, id_tipo_ente, id_grupo_ente, tx_observaciones, id_usuario, id_status, fe_creado, fe_actualizado) VALUES (290, 'LUIGI GIULIANO', 4, 6, NULL, 1, 22, '2018-10-17 00:00:00', NULL);
INSERT INTO pagos.ente (id_ente, nb_ente, id_tipo_ente, id_grupo_ente, tx_observaciones, id_usuario, id_status, fe_creado, fe_actualizado) VALUES (291, 'LUSHAN WIN TONE ENGINEERING TECHNOLOGY CO.,LTD', 4, 6, NULL, 1, 22, '2018-10-17 00:00:00', NULL);
INSERT INTO pagos.ente (id_ente, nb_ente, id_tipo_ente, id_grupo_ente, tx_observaciones, id_usuario, id_status, fe_creado, fe_actualizado) VALUES (292, 'LVBP', 4, 6, NULL, 1, 22, '2018-10-17 00:00:00', NULL);
INSERT INTO pagos.ente (id_ente, nb_ente, id_tipo_ente, id_grupo_ente, tx_observaciones, id_usuario, id_status, fe_creado, fe_actualizado) VALUES (293, 'M AND S GENERAL SUPPLY, S.A', 4, 6, NULL, 1, 22, '2018-10-17 00:00:00', NULL);
INSERT INTO pagos.ente (id_ente, nb_ente, id_tipo_ente, id_grupo_ente, tx_observaciones, id_usuario, id_status, fe_creado, fe_actualizado) VALUES (295, 'MALAKUT INSURANCE BROKERS (ASIA) LTD', 4, 6, NULL, 1, 22, '2018-10-17 00:00:00', NULL);
INSERT INTO pagos.ente (id_ente, nb_ente, id_tipo_ente, id_grupo_ente, tx_observaciones, id_usuario, id_status, fe_creado, fe_actualizado) VALUES (296, 'MANCINI S.P.A.', 4, 6, NULL, 1, 22, '2018-10-17 00:00:00', NULL);
INSERT INTO pagos.ente (id_ente, nb_ente, id_tipo_ente, id_grupo_ente, tx_observaciones, id_usuario, id_status, fe_creado, fe_actualizado) VALUES (297, 'MANUCHAR', 4, 6, NULL, 1, 22, '2018-10-17 00:00:00', NULL);
INSERT INTO pagos.ente (id_ente, nb_ente, id_tipo_ente, id_grupo_ente, tx_observaciones, id_usuario, id_status, fe_creado, fe_actualizado) VALUES (294, 'MAJESTICK ARCH TECHNOLOGY INC.', 4, 6, NULL, 1, 22, '2018-10-17 00:00:00', NULL);
INSERT INTO pagos.ente (id_ente, nb_ente, id_tipo_ente, id_grupo_ente, tx_observaciones, id_usuario, id_status, fe_creado, fe_actualizado) VALUES (298, 'MAREL STORK POULTRY PROCESSING B.V', 4, 6, NULL, 1, 22, '2018-10-17 00:00:00', NULL);
INSERT INTO pagos.ente (id_ente, nb_ente, id_tipo_ente, id_grupo_ente, tx_observaciones, id_usuario, id_status, fe_creado, fe_actualizado) VALUES (299, 'MARINE SCIENCE EXPOMETAL S.L.', 4, 6, NULL, 1, 22, '2018-10-17 00:00:00', NULL);
INSERT INTO pagos.ente (id_ente, nb_ente, id_tipo_ente, id_grupo_ente, tx_observaciones, id_usuario, id_status, fe_creado, fe_actualizado) VALUES (300, 'MASS JOY INDUSTRIES LIMITED', 4, 6, NULL, 1, 22, '2018-10-17 00:00:00', NULL);
INSERT INTO pagos.ente (id_ente, nb_ente, id_tipo_ente, id_grupo_ente, tx_observaciones, id_usuario, id_status, fe_creado, fe_actualizado) VALUES (301, 'MASTER WORLD INTERNATIONAL LIMITED', 4, 6, NULL, 1, 22, '2018-10-17 00:00:00', NULL);
INSERT INTO pagos.ente (id_ente, nb_ente, id_tipo_ente, id_grupo_ente, tx_observaciones, id_usuario, id_status, fe_creado, fe_actualizado) VALUES (302, 'MASTERCARD INTERNATIONAL', 4, 6, NULL, 1, 22, '2018-10-17 00:00:00', NULL);
INSERT INTO pagos.ente (id_ente, nb_ente, id_tipo_ente, id_grupo_ente, tx_observaciones, id_usuario, id_status, fe_creado, fe_actualizado) VALUES (303, 'MAX POWR ENGINEERING LTD', 4, 6, NULL, 1, 22, '2018-10-17 00:00:00', NULL);
INSERT INTO pagos.ente (id_ente, nb_ente, id_tipo_ente, id_grupo_ente, tx_observaciones, id_usuario, id_status, fe_creado, fe_actualizado) VALUES (304, 'MAXATLANTIC INVESTMENTS SLU', 4, 6, NULL, 1, 22, '2018-10-17 00:00:00', NULL);
INSERT INTO pagos.ente (id_ente, nb_ente, id_tipo_ente, id_grupo_ente, tx_observaciones, id_usuario, id_status, fe_creado, fe_actualizado) VALUES (305, 'MAYVENJOR S.A.C', 4, 6, NULL, 1, 22, '2018-10-17 00:00:00', NULL);
INSERT INTO pagos.ente (id_ente, nb_ente, id_tipo_ente, id_grupo_ente, tx_observaciones, id_usuario, id_status, fe_creado, fe_actualizado) VALUES (307, 'MILLION RISE INDUSTRIES LIMITED', 4, 6, NULL, 1, 22, '2018-10-17 00:00:00', NULL);
INSERT INTO pagos.ente (id_ente, nb_ente, id_tipo_ente, id_grupo_ente, tx_observaciones, id_usuario, id_status, fe_creado, fe_actualizado) VALUES (309, 'MINISTERIO PARA EL COMERCIO EXTERIOR Y LA INVERSION EXTRANJERA Y LA COLABORACION ECONOMICA (MINCEX)', 4, 6, NULL, 1, 22, '2018-10-17 00:00:00', NULL);
INSERT INTO pagos.ente (id_ente, nb_ente, id_tipo_ente, id_grupo_ente, tx_observaciones, id_usuario, id_status, fe_creado, fe_actualizado) VALUES (312, 'MK KRAYEM GIYIM TEKSTIL ITHAT TICARET LIMITED SIRKETI', 4, 6, NULL, 1, 22, '2018-10-17 00:00:00', NULL);
INSERT INTO pagos.ente (id_ente, nb_ente, id_tipo_ente, id_grupo_ente, tx_observaciones, id_usuario, id_status, fe_creado, fe_actualizado) VALUES (310, 'MINITUB GMBH', 4, 6, NULL, 1, 22, '2018-10-17 00:00:00', NULL);
INSERT INTO pagos.ente (id_ente, nb_ente, id_tipo_ente, id_grupo_ente, tx_observaciones, id_usuario, id_status, fe_creado, fe_actualizado) VALUES (311, 'MK KRAYEM GIYIM TEKSTIL ITHALAT IHRACAT LTD.STI', 4, 6, NULL, 1, 22, '2018-10-17 00:00:00', NULL);
INSERT INTO pagos.ente (id_ente, nb_ente, id_tipo_ente, id_grupo_ente, tx_observaciones, id_usuario, id_status, fe_creado, fe_actualizado) VALUES (308, 'MINISTERIO DEL PODER POPULAR PARA LA ECONOMIA Y FINANZAS', 4, 6, NULL, 1, 22, '2018-10-17 00:00:00', NULL);
INSERT INTO pagos.ente (id_ente, nb_ente, id_tipo_ente, id_grupo_ente, tx_observaciones, id_usuario, id_status, fe_creado, fe_actualizado) VALUES (313, 'MOBA B.V', 4, 6, NULL, 1, 22, '2018-10-17 00:00:00', NULL);
INSERT INTO pagos.ente (id_ente, nb_ente, id_tipo_ente, id_grupo_ente, tx_observaciones, id_usuario, id_status, fe_creado, fe_actualizado) VALUES (314, 'MOLITECNICA,S.R.L.', 4, 6, NULL, 1, 22, '2018-10-17 00:00:00', NULL);
INSERT INTO pagos.ente (id_ente, nb_ente, id_tipo_ente, id_grupo_ente, tx_observaciones, id_usuario, id_status, fe_creado, fe_actualizado) VALUES (315, 'MORGAN STANLEY SMITH BARNEY LLC', 4, 6, NULL, 1, 22, '2018-10-17 00:00:00', NULL);
INSERT INTO pagos.ente (id_ente, nb_ente, id_tipo_ente, id_grupo_ente, tx_observaciones, id_usuario, id_status, fe_creado, fe_actualizado) VALUES (316, 'MORICHAL CORP', 4, 6, NULL, 1, 22, '2018-10-17 00:00:00', NULL);
INSERT INTO pagos.ente (id_ente, nb_ente, id_tipo_ente, id_grupo_ente, tx_observaciones, id_usuario, id_status, fe_creado, fe_actualizado) VALUES (317, 'MPCONSTRUCCIONES DEL DUCA PAGLIARI CA', 4, 6, NULL, 1, 22, '2018-10-17 00:00:00', NULL);
INSERT INTO pagos.ente (id_ente, nb_ente, id_tipo_ente, id_grupo_ente, tx_observaciones, id_usuario, id_status, fe_creado, fe_actualizado) VALUES (318, 'MULBERRY PROJE YATIRIM AS C/O ZWETAN ZANEV ART.39 BA', 4, 6, NULL, 1, 22, '2018-10-17 00:00:00', NULL);
INSERT INTO pagos.ente (id_ente, nb_ente, id_tipo_ente, id_grupo_ente, tx_observaciones, id_usuario, id_status, fe_creado, fe_actualizado) VALUES (319, 'NICCOLAI TRAFILE S.R.L', 4, 6, NULL, 1, 22, '2018-10-17 00:00:00', NULL);
INSERT INTO pagos.ente (id_ente, nb_ente, id_tipo_ente, id_grupo_ente, tx_observaciones, id_usuario, id_status, fe_creado, fe_actualizado) VALUES (320, 'NINGBO LESLI IMPORT AND EXPORTCOLTD', 4, 6, NULL, 1, 22, '2018-10-17 00:00:00', NULL);
INSERT INTO pagos.ente (id_ente, nb_ente, id_tipo_ente, id_grupo_ente, tx_observaciones, id_usuario, id_status, fe_creado, fe_actualizado) VALUES (321, 'NOOR CAPITAL PSC', 4, 6, NULL, 1, 22, '2018-10-17 00:00:00', NULL);
INSERT INTO pagos.ente (id_ente, nb_ente, id_tipo_ente, id_grupo_ente, tx_observaciones, id_usuario, id_status, fe_creado, fe_actualizado) VALUES (322, 'NORTECA INTERNATIONAL LIMITED C/O ZWETAN ZANEV', 4, 6, NULL, 1, 22, '2018-10-17 00:00:00', NULL);
INSERT INTO pagos.ente (id_ente, nb_ente, id_tipo_ente, id_grupo_ente, tx_observaciones, id_usuario, id_status, fe_creado, fe_actualizado) VALUES (471, 'Banco Central de Venezuela', 1, 5, 'Gastos propios por funcionamiento del Banco Central de Venezuela', 4, 22, '2019-01-25 22:35:14', '2019-02-13 18:45:04');
INSERT INTO pagos.ente (id_ente, nb_ente, id_tipo_ente, id_grupo_ente, tx_observaciones, id_usuario, id_status, fe_creado, fe_actualizado) VALUES (44, 'ALTOPACK S.P.A', 4, 6, NULL, 1, 22, '2018-10-17 00:00:00', NULL);
INSERT INTO pagos.ente (id_ente, nb_ente, id_tipo_ente, id_grupo_ente, tx_observaciones, id_usuario, id_status, fe_creado, fe_actualizado) VALUES (170, 'EMDOM C.A', 4, 6, NULL, 1, 22, '2018-10-17 00:00:00', NULL);
INSERT INTO pagos.ente (id_ente, nb_ente, id_tipo_ente, id_grupo_ente, tx_observaciones, id_usuario, id_status, fe_creado, fe_actualizado) VALUES (323, 'NORTH INTERNATIONAL BANK', 4, 6, NULL, 1, 22, '2018-10-17 00:00:00', NULL);
INSERT INTO pagos.ente (id_ente, nb_ente, id_tipo_ente, id_grupo_ente, tx_observaciones, id_usuario, id_status, fe_creado, fe_actualizado) VALUES (324, 'NOVATECH INTERNATIONAL LLC', 4, 6, NULL, 1, 22, '2018-10-17 00:00:00', NULL);
INSERT INTO pagos.ente (id_ente, nb_ente, id_tipo_ente, id_grupo_ente, tx_observaciones, id_usuario, id_status, fe_creado, fe_actualizado) VALUES (325, 'NOVAX GROUP SA', 4, 6, NULL, 1, 22, '2018-10-17 00:00:00', NULL);
INSERT INTO pagos.ente (id_ente, nb_ente, id_tipo_ente, id_grupo_ente, tx_observaciones, id_usuario, id_status, fe_creado, fe_actualizado) VALUES (326, 'NUCTECH COMPANY LIMITED', 4, 6, NULL, 1, 22, '2018-10-17 00:00:00', NULL);
INSERT INTO pagos.ente (id_ente, nb_ente, id_tipo_ente, id_grupo_ente, tx_observaciones, id_usuario, id_status, fe_creado, fe_actualizado) VALUES (327, 'NVAYO LIMITED', 4, 6, NULL, 1, 22, '2018-10-17 00:00:00', NULL);
INSERT INTO pagos.ente (id_ente, nb_ente, id_tipo_ente, id_grupo_ente, tx_observaciones, id_usuario, id_status, fe_creado, fe_actualizado) VALUES (330, 'O.P.U.M.A.TRADING S.N.C', 4, 6, NULL, 1, 22, '2018-10-17 00:00:00', NULL);
INSERT INTO pagos.ente (id_ente, nb_ente, id_tipo_ente, id_grupo_ente, tx_observaciones, id_usuario, id_status, fe_creado, fe_actualizado) VALUES (331, 'OBA FOOD GIDA SANAYI TIC.A.S.', 4, 6, NULL, 1, 22, '2018-10-17 00:00:00', NULL);
INSERT INTO pagos.ente (id_ente, nb_ente, id_tipo_ente, id_grupo_ente, tx_observaciones, id_usuario, id_status, fe_creado, fe_actualizado) VALUES (332, 'OCEANICA DE SEGUROS, C.A.', 4, 6, NULL, 1, 22, '2018-10-17 00:00:00', NULL);
INSERT INTO pagos.ente (id_ente, nb_ente, id_tipo_ente, id_grupo_ente, tx_observaciones, id_usuario, id_status, fe_creado, fe_actualizado) VALUES (399, 'SIGOS NV', 4, 6, NULL, 1, 22, '2018-10-17 00:00:00', NULL);
INSERT INTO pagos.ente (id_ente, nb_ente, id_tipo_ente, id_grupo_ente, tx_observaciones, id_usuario, id_status, fe_creado, fe_actualizado) VALUES (334, 'OFICINA DE INTEGRACION CHILE', 4, 6, NULL, 1, 22, '2018-10-17 00:00:00', NULL);
INSERT INTO pagos.ente (id_ente, nb_ente, id_tipo_ente, id_grupo_ente, tx_observaciones, id_usuario, id_status, fe_creado, fe_actualizado) VALUES (336, 'OIPC-INTERPOL', 4, 6, NULL, 1, 22, '2018-10-17 00:00:00', NULL);
INSERT INTO pagos.ente (id_ente, nb_ente, id_tipo_ente, id_grupo_ente, tx_observaciones, id_usuario, id_status, fe_creado, fe_actualizado) VALUES (335, 'OFICINA NACIONAL DEL TESORO DE VENEZUELA', 4, 6, NULL, 1, 22, '2018-10-17 00:00:00', NULL);
INSERT INTO pagos.ente (id_ente, nb_ente, id_tipo_ente, id_grupo_ente, tx_observaciones, id_usuario, id_status, fe_creado, fe_actualizado) VALUES (337, 'OLS,CO', 4, 6, NULL, 1, 22, '2018-10-17 00:00:00', NULL);
INSERT INTO pagos.ente (id_ente, nb_ente, id_tipo_ente, id_grupo_ente, tx_observaciones, id_usuario, id_status, fe_creado, fe_actualizado) VALUES (338, 'OMEGA TECHNOLOGY INC', 4, 6, NULL, 1, 22, '2018-10-17 00:00:00', NULL);
INSERT INTO pagos.ente (id_ente, nb_ente, id_tipo_ente, id_grupo_ente, tx_observaciones, id_usuario, id_status, fe_creado, fe_actualizado) VALUES (339, 'OPERADORA DHO 22 C.A', 4, 6, NULL, 1, 22, '2018-10-17 00:00:00', NULL);
INSERT INTO pagos.ente (id_ente, nb_ente, id_tipo_ente, id_grupo_ente, tx_observaciones, id_usuario, id_status, fe_creado, fe_actualizado) VALUES (340, 'ORBIT GLOBAL TRANDING CORPORATION', 4, 6, NULL, 1, 22, '2018-10-17 00:00:00', NULL);
INSERT INTO pagos.ente (id_ente, nb_ente, id_tipo_ente, id_grupo_ente, tx_observaciones, id_usuario, id_status, fe_creado, fe_actualizado) VALUES (341, 'ORFFA ADDITIVES B.V.', 4, 6, NULL, 1, 22, '2018-10-17 00:00:00', NULL);
INSERT INTO pagos.ente (id_ente, nb_ente, id_tipo_ente, id_grupo_ente, tx_observaciones, id_usuario, id_status, fe_creado, fe_actualizado) VALUES (343, 'OTTEVANGER MILLING ENGINEERS B.V', 4, 6, NULL, 1, 22, '2018-10-17 00:00:00', NULL);
INSERT INTO pagos.ente (id_ente, nb_ente, id_tipo_ente, id_grupo_ente, tx_observaciones, id_usuario, id_status, fe_creado, fe_actualizado) VALUES (344, 'OVD KINEGRAM AG', 4, 6, NULL, 1, 22, '2018-10-17 00:00:00', NULL);
INSERT INTO pagos.ente (id_ente, nb_ente, id_tipo_ente, id_grupo_ente, tx_observaciones, id_usuario, id_status, fe_creado, fe_actualizado) VALUES (345, 'P.D.E.X.USA LLC', 4, 6, NULL, 1, 22, '2018-10-17 00:00:00', NULL);
INSERT INTO pagos.ente (id_ente, nb_ente, id_tipo_ente, id_grupo_ente, tx_observaciones, id_usuario, id_status, fe_creado, fe_actualizado) VALUES (346, 'PAVAN S.P.A.', 4, 6, NULL, 1, 22, '2018-10-17 00:00:00', NULL);
INSERT INTO pagos.ente (id_ente, nb_ente, id_tipo_ente, id_grupo_ente, tx_observaciones, id_usuario, id_status, fe_creado, fe_actualizado) VALUES (347, 'PEREZ ROTONDARO PABLO', 4, 6, NULL, 1, 22, '2018-10-17 00:00:00', NULL);
INSERT INTO pagos.ente (id_ente, nb_ente, id_tipo_ente, id_grupo_ente, tx_observaciones, id_usuario, id_status, fe_creado, fe_actualizado) VALUES (348, 'PETKEM EUROPE TRADING E SERVICOS LDA', 4, 6, NULL, 1, 22, '2018-10-17 00:00:00', NULL);
INSERT INTO pagos.ente (id_ente, nb_ente, id_tipo_ente, id_grupo_ente, tx_observaciones, id_usuario, id_status, fe_creado, fe_actualizado) VALUES (357, 'POLY-CLIP SYSTEM GMBH AND CO., KG', 4, 6, NULL, 1, 22, '2018-10-17 00:00:00', NULL);
INSERT INTO pagos.ente (id_ente, nb_ente, id_tipo_ente, id_grupo_ente, tx_observaciones, id_usuario, id_status, fe_creado, fe_actualizado) VALUES (349, 'PETROLEOS DE VENEZUELA, S.A.', 4, 6, NULL, 1, 22, '2018-10-17 00:00:00', NULL);
INSERT INTO pagos.ente (id_ente, nb_ente, id_tipo_ente, id_grupo_ente, tx_observaciones, id_usuario, id_status, fe_creado, fe_actualizado) VALUES (351, 'PIKE AVIATION S.A', 4, 6, NULL, 1, 22, '2018-10-17 00:00:00', NULL);
INSERT INTO pagos.ente (id_ente, nb_ente, id_tipo_ente, id_grupo_ente, tx_observaciones, id_usuario, id_status, fe_creado, fe_actualizado) VALUES (352, 'PLATINO CARGO CORP', 4, 6, NULL, 1, 22, '2018-10-17 00:00:00', NULL);
INSERT INTO pagos.ente (id_ente, nb_ente, id_tipo_ente, id_grupo_ente, tx_observaciones, id_usuario, id_status, fe_creado, fe_actualizado) VALUES (353, 'PLUS ADVISORS PANAMA CORPORATION', 4, 6, NULL, 1, 22, '2018-10-17 00:00:00', NULL);
INSERT INTO pagos.ente (id_ente, nb_ente, id_tipo_ente, id_grupo_ente, tx_observaciones, id_usuario, id_status, fe_creado, fe_actualizado) VALUES (354, 'PMS INTERNATIONAL, S.L.', 4, 6, NULL, 1, 22, '2018-10-17 00:00:00', NULL);
INSERT INTO pagos.ente (id_ente, nb_ente, id_tipo_ente, id_grupo_ente, tx_observaciones, id_usuario, id_status, fe_creado, fe_actualizado) VALUES (355, 'POLARIS SUPPLIES SOCIEDADE UNIPERSSOAL LDA', 4, 6, NULL, 1, 22, '2018-10-17 00:00:00', NULL);
INSERT INTO pagos.ente (id_ente, nb_ente, id_tipo_ente, id_grupo_ente, tx_observaciones, id_usuario, id_status, fe_creado, fe_actualizado) VALUES (356, 'POLIGAL PORTUGAL, UNIPESSOAL, LDA', 4, 6, NULL, 1, 22, '2018-10-17 00:00:00', NULL);
INSERT INTO pagos.ente (id_ente, nb_ente, id_tipo_ente, id_grupo_ente, tx_observaciones, id_usuario, id_status, fe_creado, fe_actualizado) VALUES (350, 'PETROQUIMICA DE VENEZUELA SA PEQUIVEN', 4, 6, NULL, 1, 22, '2018-10-17 00:00:00', NULL);
INSERT INTO pagos.ente (id_ente, nb_ente, id_tipo_ente, id_grupo_ente, tx_observaciones, id_usuario, id_status, fe_creado, fe_actualizado) VALUES (358, 'PRODUCTOS SWISSAGRO C.A.', 4, 6, NULL, 1, 22, '2018-10-17 00:00:00', NULL);
INSERT INTO pagos.ente (id_ente, nb_ente, id_tipo_ente, id_grupo_ente, tx_observaciones, id_usuario, id_status, fe_creado, fe_actualizado) VALUES (359, 'PROFIT CORPORATION CA', 4, 6, NULL, 1, 22, '2018-10-17 00:00:00', NULL);
INSERT INTO pagos.ente (id_ente, nb_ente, id_tipo_ente, id_grupo_ente, tx_observaciones, id_usuario, id_status, fe_creado, fe_actualizado) VALUES (360, 'PROJECTINA AG', 4, 6, NULL, 1, 22, '2018-10-17 00:00:00', NULL);
INSERT INTO pagos.ente (id_ente, nb_ente, id_tipo_ente, id_grupo_ente, tx_observaciones, id_usuario, id_status, fe_creado, fe_actualizado) VALUES (361, 'PROMIVI FRANCE SAS', 4, 6, NULL, 1, 22, '2018-10-17 00:00:00', NULL);
INSERT INTO pagos.ente (id_ente, nb_ente, id_tipo_ente, id_grupo_ente, tx_observaciones, id_usuario, id_status, fe_creado, fe_actualizado) VALUES (362, 'PRYDWIN GROUP S.R.L', 4, 6, NULL, 1, 22, '2018-10-17 00:00:00', NULL);
INSERT INTO pagos.ente (id_ente, nb_ente, id_tipo_ente, id_grupo_ente, tx_observaciones, id_usuario, id_status, fe_creado, fe_actualizado) VALUES (363, 'PULIDO VALERO CESAR AUGUSTO', 4, 6, NULL, 1, 22, '2018-10-17 00:00:00', NULL);
INSERT INTO pagos.ente (id_ente, nb_ente, id_tipo_ente, id_grupo_ente, tx_observaciones, id_usuario, id_status, fe_creado, fe_actualizado) VALUES (364, 'PX INDUSTRIA E COMERCIO DE MAQUINAS LTDA EPP', 4, 6, NULL, 1, 22, '2018-10-17 00:00:00', NULL);
INSERT INTO pagos.ente (id_ente, nb_ente, id_tipo_ente, id_grupo_ente, tx_observaciones, id_usuario, id_status, fe_creado, fe_actualizado) VALUES (366, 'RAPRESENTANZA PERMANENTE DELLA REPUBLICA BOLIVARIANA DE VENEZUELA PRESSO LA FAO', 4, 6, NULL, 1, 22, '2018-10-17 00:00:00', NULL);
INSERT INTO pagos.ente (id_ente, nb_ente, id_tipo_ente, id_grupo_ente, tx_observaciones, id_usuario, id_status, fe_creado, fe_actualizado) VALUES (367, 'REED EXHIBITIONS LIMITED', 4, 6, NULL, 1, 22, '2018-10-17 00:00:00', NULL);
INSERT INTO pagos.ente (id_ente, nb_ente, id_tipo_ente, id_grupo_ente, tx_observaciones, id_usuario, id_status, fe_creado, fe_actualizado) VALUES (368, 'REGAL SKY INC', 4, 6, NULL, 1, 22, '2018-10-17 00:00:00', NULL);
INSERT INTO pagos.ente (id_ente, nb_ente, id_tipo_ente, id_grupo_ente, tx_observaciones, id_usuario, id_status, fe_creado, fe_actualizado) VALUES (369, 'REINALDO JESUS NAVAS BOLIVAR', 4, 6, NULL, 1, 22, '2018-10-17 00:00:00', NULL);
INSERT INTO pagos.ente (id_ente, nb_ente, id_tipo_ente, id_grupo_ente, tx_observaciones, id_usuario, id_status, fe_creado, fe_actualizado) VALUES (370, 'RESI INFORMATICA SPA', 4, 6, NULL, 1, 22, '2018-10-17 00:00:00', NULL);
INSERT INTO pagos.ente (id_ente, nb_ente, id_tipo_ente, id_grupo_ente, tx_observaciones, id_usuario, id_status, fe_creado, fe_actualizado) VALUES (371, 'RETAILNOVA LLC', 4, 6, NULL, 1, 22, '2018-10-17 00:00:00', NULL);
INSERT INTO pagos.ente (id_ente, nb_ente, id_tipo_ente, id_grupo_ente, tx_observaciones, id_usuario, id_status, fe_creado, fe_actualizado) VALUES (372, 'RHENOCHEM AG', 4, 6, NULL, 1, 22, '2018-10-17 00:00:00', NULL);
INSERT INTO pagos.ente (id_ente, nb_ente, id_tipo_ente, id_grupo_ente, tx_observaciones, id_usuario, id_status, fe_creado, fe_actualizado) VALUES (373, 'RICCIARELLI S.P.A.', 4, 6, NULL, 1, 22, '2018-10-17 00:00:00', NULL);
INSERT INTO pagos.ente (id_ente, nb_ente, id_tipo_ente, id_grupo_ente, tx_observaciones, id_usuario, id_status, fe_creado, fe_actualizado) VALUES (374, 'RICH GRAND ENGINEERING LTD', 4, 6, NULL, 1, 22, '2018-10-17 00:00:00', NULL);
INSERT INTO pagos.ente (id_ente, nb_ente, id_tipo_ente, id_grupo_ente, tx_observaciones, id_usuario, id_status, fe_creado, fe_actualizado) VALUES (375, 'ROC INTERNATIONAL FZC', 4, 6, NULL, 1, 22, '2018-10-17 00:00:00', NULL);
INSERT INTO pagos.ente (id_ente, nb_ente, id_tipo_ente, id_grupo_ente, tx_observaciones, id_usuario, id_status, fe_creado, fe_actualizado) VALUES (376, 'RUSORO MINING LTD', 4, 6, NULL, 1, 22, '2018-10-17 00:00:00', NULL);
INSERT INTO pagos.ente (id_ente, nb_ente, id_tipo_ente, id_grupo_ente, tx_observaciones, id_usuario, id_status, fe_creado, fe_actualizado) VALUES (377, 'SAFRA NATIONAL BANK OF NY', 4, 6, NULL, 1, 22, '2018-10-17 00:00:00', NULL);
INSERT INTO pagos.ente (id_ente, nb_ente, id_tipo_ente, id_grupo_ente, tx_observaciones, id_usuario, id_status, fe_creado, fe_actualizado) VALUES (378, 'SAN RAMON SERVICIOS LOGISTICOS LIMITED C/O', 4, 6, NULL, 1, 22, '2018-10-17 00:00:00', NULL);
INSERT INTO pagos.ente (id_ente, nb_ente, id_tipo_ente, id_grupo_ente, tx_observaciones, id_usuario, id_status, fe_creado, fe_actualizado) VALUES (379, 'SANCOR COOPERATIVAS UNIDAS LIMITADA', 4, 6, NULL, 1, 22, '2018-10-17 00:00:00', NULL);
INSERT INTO pagos.ente (id_ente, nb_ente, id_tipo_ente, id_grupo_ente, tx_observaciones, id_usuario, id_status, fe_creado, fe_actualizado) VALUES (380, 'SANY AUTOMOBILE MANUFACTURING CO LTD', 4, 6, NULL, 1, 22, '2018-10-17 00:00:00', NULL);
INSERT INTO pagos.ente (id_ente, nb_ente, id_tipo_ente, id_grupo_ente, tx_observaciones, id_usuario, id_status, fe_creado, fe_actualizado) VALUES (381, 'SASU TEAM R', 4, 6, NULL, 1, 22, '2018-10-17 00:00:00', NULL);
INSERT INTO pagos.ente (id_ente, nb_ente, id_tipo_ente, id_grupo_ente, tx_observaciones, id_usuario, id_status, fe_creado, fe_actualizado) VALUES (382, 'SAVANE INTERNATIONAL CORP.', 4, 6, NULL, 1, 22, '2018-10-17 00:00:00', NULL);
INSERT INTO pagos.ente (id_ente, nb_ente, id_tipo_ente, id_grupo_ente, tx_observaciones, id_usuario, id_status, fe_creado, fe_actualizado) VALUES (383, 'SCHUTTE AND BUNEMANN GMBH AND CO. KG, BREMEN', 4, 6, NULL, 1, 22, '2018-10-17 00:00:00', NULL);
INSERT INTO pagos.ente (id_ente, nb_ente, id_tipo_ente, id_grupo_ente, tx_observaciones, id_usuario, id_status, fe_creado, fe_actualizado) VALUES (387, 'SERGIO AGUILERA', 4, 6, NULL, 1, 22, '2018-10-17 00:00:00', NULL);
INSERT INTO pagos.ente (id_ente, nb_ente, id_tipo_ente, id_grupo_ente, tx_observaciones, id_usuario, id_status, fe_creado, fe_actualizado) VALUES (385, 'SELEMATIC SPA', 4, 6, NULL, 1, 22, '2018-10-17 00:00:00', NULL);
INSERT INTO pagos.ente (id_ente, nb_ente, id_tipo_ente, id_grupo_ente, tx_observaciones, id_usuario, id_status, fe_creado, fe_actualizado) VALUES (386, 'SELEX ES GmBH', 4, 6, NULL, 1, 22, '2018-10-17 00:00:00', NULL);
INSERT INTO pagos.ente (id_ente, nb_ente, id_tipo_ente, id_grupo_ente, tx_observaciones, id_usuario, id_status, fe_creado, fe_actualizado) VALUES (384, 'SEGUROS HORIZONTE', 4, 6, NULL, 1, 22, '2018-10-17 00:00:00', NULL);
INSERT INTO pagos.ente (id_ente, nb_ente, id_tipo_ente, id_grupo_ente, tx_observaciones, id_usuario, id_status, fe_creado, fe_actualizado) VALUES (388, 'SERVICIOS INTEGRALES GANADEROS Y AGROALIMENTARIOS S.L.', 4, 6, NULL, 1, 22, '2018-10-17 00:00:00', NULL);
INSERT INTO pagos.ente (id_ente, nb_ente, id_tipo_ente, id_grupo_ente, tx_observaciones, id_usuario, id_status, fe_creado, fe_actualizado) VALUES (389, 'SEVEN INTERNATIONAL CORP', 4, 6, NULL, 1, 22, '2018-10-17 00:00:00', NULL);
INSERT INTO pagos.ente (id_ente, nb_ente, id_tipo_ente, id_grupo_ente, tx_observaciones, id_usuario, id_status, fe_creado, fe_actualizado) VALUES (390, 'SF VG VERONESE GROUP SA', 4, 6, NULL, 1, 22, '2018-10-17 00:00:00', NULL);
INSERT INTO pagos.ente (id_ente, nb_ente, id_tipo_ente, id_grupo_ente, tx_observaciones, id_usuario, id_status, fe_creado, fe_actualizado) VALUES (391, 'SHANDONG INSPUR IMPORT AND EXPORT CO LTD', 4, 6, NULL, 1, 22, '2018-10-17 00:00:00', NULL);
INSERT INTO pagos.ente (id_ente, nb_ente, id_tipo_ente, id_grupo_ente, tx_observaciones, id_usuario, id_status, fe_creado, fe_actualizado) VALUES (393, 'SHENZHEN QIYUE OPTRONICS CO.,LTD', 4, 6, NULL, 1, 22, '2018-10-17 00:00:00', NULL);
INSERT INTO pagos.ente (id_ente, nb_ente, id_tipo_ente, id_grupo_ente, tx_observaciones, id_usuario, id_status, fe_creado, fe_actualizado) VALUES (394, 'SHINNING CAPITAL INTERNATIONAL LIMITED', 4, 6, NULL, 1, 22, '2018-10-17 00:00:00', NULL);
INSERT INTO pagos.ente (id_ente, nb_ente, id_tipo_ente, id_grupo_ente, tx_observaciones, id_usuario, id_status, fe_creado, fe_actualizado) VALUES (395, 'SICPA, S.A.', 4, 6, NULL, 1, 22, '2018-10-17 00:00:00', NULL);
INSERT INTO pagos.ente (id_ente, nb_ente, id_tipo_ente, id_grupo_ente, tx_observaciones, id_usuario, id_status, fe_creado, fe_actualizado) VALUES (396, 'SIGA, S.L.', 4, 6, NULL, 1, 22, '2018-10-17 00:00:00', NULL);
INSERT INTO pagos.ente (id_ente, nb_ente, id_tipo_ente, id_grupo_ente, tx_observaciones, id_usuario, id_status, fe_creado, fe_actualizado) VALUES (397, 'SIGMA INDUSTRIAL SUPPLY INC', 4, 6, NULL, 1, 22, '2018-10-17 00:00:00', NULL);
INSERT INTO pagos.ente (id_ente, nb_ente, id_tipo_ente, id_grupo_ente, tx_observaciones, id_usuario, id_status, fe_creado, fe_actualizado) VALUES (398, 'SIGMA INTERNATIONAL SERVICES INC', 4, 6, NULL, 1, 22, '2018-10-17 00:00:00', NULL);
INSERT INTO pagos.ente (id_ente, nb_ente, id_tipo_ente, id_grupo_ente, tx_observaciones, id_usuario, id_status, fe_creado, fe_actualizado) VALUES (400, 'SIPPOR INTERNATIONAL LIMITED', 4, 6, NULL, 1, 22, '2018-10-17 00:00:00', NULL);
INSERT INTO pagos.ente (id_ente, nb_ente, id_tipo_ente, id_grupo_ente, tx_observaciones, id_usuario, id_status, fe_creado, fe_actualizado) VALUES (401, 'SISTEMAS Y REDES ROTUX SA DE CV', 4, 6, NULL, 1, 22, '2018-10-17 00:00:00', NULL);
INSERT INTO pagos.ente (id_ente, nb_ente, id_tipo_ente, id_grupo_ente, tx_observaciones, id_usuario, id_status, fe_creado, fe_actualizado) VALUES (402, 'SKY NICE INTERNATIONAL TRADING LIMITED', 4, 6, NULL, 1, 22, '2018-10-17 00:00:00', NULL);
INSERT INTO pagos.ente (id_ente, nb_ente, id_tipo_ente, id_grupo_ente, tx_observaciones, id_usuario, id_status, fe_creado, fe_actualizado) VALUES (403, 'SMX SERVICES AND CONSULTING INC', 4, 6, NULL, 1, 22, '2018-10-17 00:00:00', NULL);
INSERT INTO pagos.ente (id_ente, nb_ente, id_tipo_ente, id_grupo_ente, tx_observaciones, id_usuario, id_status, fe_creado, fe_actualizado) VALUES (404, 'SOCIEDAD COMERCIAL NARPECA', 4, 6, NULL, 1, 22, '2018-10-17 00:00:00', NULL);
INSERT INTO pagos.ente (id_ente, nb_ente, id_tipo_ente, id_grupo_ente, tx_observaciones, id_usuario, id_status, fe_creado, fe_actualizado) VALUES (472, 'CORPOVEX', 1, 5, NULL, 4, 22, '2019-01-25 23:06:05', '2019-02-13 18:43:41');
INSERT INTO pagos.ente (id_ente, nb_ente, id_tipo_ente, id_grupo_ente, tx_observaciones, id_usuario, id_status, fe_creado, fe_actualizado) VALUES (45, 'ALVARO LIBRAN LANDABURO', 4, 6, NULL, 1, 22, '2018-10-17 00:00:00', NULL);
INSERT INTO pagos.ente (id_ente, nb_ente, id_tipo_ente, id_grupo_ente, tx_observaciones, id_usuario, id_status, fe_creado, fe_actualizado) VALUES (46, 'AMBASCIANA DEL VENEZUELA IN ITALIA', 4, 6, NULL, 1, 22, '2018-10-17 00:00:00', NULL);
INSERT INTO pagos.ente (id_ente, nb_ente, id_tipo_ente, id_grupo_ente, tx_observaciones, id_usuario, id_status, fe_creado, fe_actualizado) VALUES (405, 'SOLINEX EUROPE SL', 4, 6, NULL, 1, 22, '2018-10-17 00:00:00', NULL);
INSERT INTO pagos.ente (id_ente, nb_ente, id_tipo_ente, id_grupo_ente, tx_observaciones, id_usuario, id_status, fe_creado, fe_actualizado) VALUES (406, 'SOLUCIONES INTEGRALES BFOR S.L.', 4, 6, NULL, 1, 22, '2018-10-17 00:00:00', NULL);
INSERT INTO pagos.ente (id_ente, nb_ente, id_tipo_ente, id_grupo_ente, tx_observaciones, id_usuario, id_status, fe_creado, fe_actualizado) VALUES (407, 'SONECA LLC', 4, 6, NULL, 1, 22, '2018-10-17 00:00:00', NULL);
INSERT INTO pagos.ente (id_ente, nb_ente, id_tipo_ente, id_grupo_ente, tx_observaciones, id_usuario, id_status, fe_creado, fe_actualizado) VALUES (408, 'SOUTH AMERICAN INTERNATIONAL BANK CURACAO N.V', 4, 6, NULL, 1, 22, '2018-10-17 00:00:00', NULL);
INSERT INTO pagos.ente (id_ente, nb_ente, id_tipo_ente, id_grupo_ente, tx_observaciones, id_usuario, id_status, fe_creado, fe_actualizado) VALUES (409, 'SOUTH PACIFIC FINANCIAL', 4, 6, NULL, 1, 22, '2018-10-17 00:00:00', NULL);
INSERT INTO pagos.ente (id_ente, nb_ente, id_tipo_ente, id_grupo_ente, tx_observaciones, id_usuario, id_status, fe_creado, fe_actualizado) VALUES (411, 'STAR DEFENCE LOGISTIC', 4, 6, NULL, 1, 22, '2018-10-17 00:00:00', NULL);
INSERT INTO pagos.ente (id_ente, nb_ente, id_tipo_ente, id_grupo_ente, tx_observaciones, id_usuario, id_status, fe_creado, fe_actualizado) VALUES (412, 'STR TACTICAL CONSULTING GROUP INTERNATIONAL SRL', 4, 6, NULL, 1, 22, '2018-10-17 00:00:00', NULL);
INSERT INTO pagos.ente (id_ente, nb_ente, id_tipo_ente, id_grupo_ente, tx_observaciones, id_usuario, id_status, fe_creado, fe_actualizado) VALUES (413, 'SUNFLOWER EXTRA LTD', 4, 6, NULL, 1, 22, '2018-10-17 00:00:00', NULL);
INSERT INTO pagos.ente (id_ente, nb_ente, id_tipo_ente, id_grupo_ente, tx_observaciones, id_usuario, id_status, fe_creado, fe_actualizado) VALUES (414, 'SUPLICOM LLC', 4, 6, NULL, 1, 22, '2018-10-17 00:00:00', NULL);
INSERT INTO pagos.ente (id_ente, nb_ente, id_tipo_ente, id_grupo_ente, tx_observaciones, id_usuario, id_status, fe_creado, fe_actualizado) VALUES (415, 'SUPPLY ROMOR GROUP SL', 4, 6, NULL, 1, 22, '2018-10-17 00:00:00', NULL);
INSERT INTO pagos.ente (id_ente, nb_ente, id_tipo_ente, id_grupo_ente, tx_observaciones, id_usuario, id_status, fe_creado, fe_actualizado) VALUES (416, 'SWD TRADING LIMITED', 4, 6, NULL, 1, 22, '2018-10-17 00:00:00', NULL);
INSERT INTO pagos.ente (id_ente, nb_ente, id_tipo_ente, id_grupo_ente, tx_observaciones, id_usuario, id_status, fe_creado, fe_actualizado) VALUES (417, 'SWISS LATAM AG C/O ZWETAN ZANEV, ART 39', 4, 6, NULL, 1, 22, '2018-10-17 00:00:00', NULL);
INSERT INTO pagos.ente (id_ente, nb_ente, id_tipo_ente, id_grupo_ente, tx_observaciones, id_usuario, id_status, fe_creado, fe_actualizado) VALUES (165, 'EMBAJADA DE LA REPUBLICA BOLIVARIANA DE VENEZUELA', 4, 6, NULL, 1, 22, '2018-10-17 00:00:00', NULL);
INSERT INTO pagos.ente (id_ente, nb_ente, id_tipo_ente, id_grupo_ente, tx_observaciones, id_usuario, id_status, fe_creado, fe_actualizado) VALUES (166, 'EMBAJADA DE LA REPUBLICA BOLIVARIANA DE VENEZUELA EN LA FEDERACION RUSA', 4, 6, NULL, 1, 22, '2018-10-17 00:00:00', NULL);
INSERT INTO pagos.ente (id_ente, nb_ente, id_tipo_ente, id_grupo_ente, tx_observaciones, id_usuario, id_status, fe_creado, fe_actualizado) VALUES (208, 'GIESECKE DEVRIENT CURRENCY TECHNOLOGY GMBH', 4, 6, NULL, 1, 22, '2018-10-17 00:00:00', NULL);
INSERT INTO pagos.ente (id_ente, nb_ente, id_tipo_ente, id_grupo_ente, tx_observaciones, id_usuario, id_status, fe_creado, fe_actualizado) VALUES (235, 'INGLEWOOD SOCIEDADE DE SERVICOS INTERNACIONAIS LDA', 4, 6, NULL, 1, 22, '2018-10-17 00:00:00', NULL);
INSERT INTO pagos.ente (id_ente, nb_ente, id_tipo_ente, id_grupo_ente, tx_observaciones, id_usuario, id_status, fe_creado, fe_actualizado) VALUES (248, 'INVERSIONES OPORTUNIDADES Y NEGOCIOS SL', 4, 6, NULL, 1, 22, '2018-10-17 00:00:00', NULL);
INSERT INTO pagos.ente (id_ente, nb_ente, id_tipo_ente, id_grupo_ente, tx_observaciones, id_usuario, id_status, fe_creado, fe_actualizado) VALUES (274, 'LAMFORT KOZMETIK TEMIZLIK MEDIKAL SAN.VE TIC.LTD.STL', 4, 6, NULL, 1, 22, '2018-10-17 00:00:00', NULL);
INSERT INTO pagos.ente (id_ente, nb_ente, id_tipo_ente, id_grupo_ente, tx_observaciones, id_usuario, id_status, fe_creado, fe_actualizado) VALUES (306, 'MESTRE MUNDO INTERNACIONAL LIMITADA', 4, 6, NULL, 1, 22, '2018-10-17 00:00:00', NULL);
INSERT INTO pagos.ente (id_ente, nb_ente, id_tipo_ente, id_grupo_ente, tx_observaciones, id_usuario, id_status, fe_creado, fe_actualizado) VALUES (328, 'O AND M ENTERPRISE LIMITED C/O ZWETAN ZANEV ART. 39 BA', 4, 6, NULL, 1, 22, '2018-10-17 00:00:00', NULL);
INSERT INTO pagos.ente (id_ente, nb_ente, id_tipo_ente, id_grupo_ente, tx_observaciones, id_usuario, id_status, fe_creado, fe_actualizado) VALUES (333, 'OFICINA ADJUNTA DE GASTOS ESPECIALES A LA EMBAJADA', 4, 6, NULL, 1, 22, '2018-10-17 00:00:00', NULL);
INSERT INTO pagos.ente (id_ente, nb_ente, id_tipo_ente, id_grupo_ente, tx_observaciones, id_usuario, id_status, fe_creado, fe_actualizado) VALUES (342, 'ORGANIZACION PANAMERICANA DE LA SALUD OPS', 4, 6, NULL, 1, 22, '2018-10-17 00:00:00', NULL);
INSERT INTO pagos.ente (id_ente, nb_ente, id_tipo_ente, id_grupo_ente, tx_observaciones, id_usuario, id_status, fe_creado, fe_actualizado) VALUES (365, 'RAPPRESENTANZA PERMANENTE BOLIVARIANA DE VENEZUELA CO LA FAO', 4, 6, NULL, 1, 22, '2018-10-17 00:00:00', NULL);
INSERT INTO pagos.ente (id_ente, nb_ente, id_tipo_ente, id_grupo_ente, tx_observaciones, id_usuario, id_status, fe_creado, fe_actualizado) VALUES (392, 'SHENZHEN LILLY AND ASSOCIATES INTERNATIONAL TRANSPORTATION AND LOGISTICS CO LTD', 4, 6, NULL, 1, 22, '2018-10-17 00:00:00', NULL);
INSERT INTO pagos.ente (id_ente, nb_ente, id_tipo_ente, id_grupo_ente, tx_observaciones, id_usuario, id_status, fe_creado, fe_actualizado) VALUES (418, 'SYGMA INTERNATIONAL SERVICES INC', 4, 6, NULL, 1, 22, '2018-10-17 00:00:00', NULL);
INSERT INTO pagos.ente (id_ente, nb_ente, id_tipo_ente, id_grupo_ente, tx_observaciones, id_usuario, id_status, fe_creado, fe_actualizado) VALUES (419, 'SYMAGA, S.A.U', 4, 6, NULL, 1, 22, '2018-10-17 00:00:00', NULL);
INSERT INTO pagos.ente (id_ente, nb_ente, id_tipo_ente, id_grupo_ente, tx_observaciones, id_usuario, id_status, fe_creado, fe_actualizado) VALUES (420, 'SYNGENTA AGRO URUGUAY SA', 4, 6, NULL, 1, 22, '2018-10-17 00:00:00', NULL);
INSERT INTO pagos.ente (id_ente, nb_ente, id_tipo_ente, id_grupo_ente, tx_observaciones, id_usuario, id_status, fe_creado, fe_actualizado) VALUES (421, 'SYNIVERSE TECHNOLOGIES LLC', 4, 6, NULL, 1, 22, '2018-10-17 00:00:00', NULL);
INSERT INTO pagos.ente (id_ente, nb_ente, id_tipo_ente, id_grupo_ente, tx_observaciones, id_usuario, id_status, fe_creado, fe_actualizado) VALUES (422, 'SYSTEME L AEROSPATIALE ET L AVIATION', 4, 6, NULL, 1, 22, '2018-10-17 00:00:00', NULL);
INSERT INTO pagos.ente (id_ente, nb_ente, id_tipo_ente, id_grupo_ente, tx_observaciones, id_usuario, id_status, fe_creado, fe_actualizado) VALUES (423, 'TAIZHONGHE TRADE (SHENZEN) CO.LTD', 4, 6, NULL, 1, 22, '2018-10-17 00:00:00', NULL);
INSERT INTO pagos.ente (id_ente, nb_ente, id_tipo_ente, id_grupo_ente, tx_observaciones, id_usuario, id_status, fe_creado, fe_actualizado) VALUES (424, 'TBILISI GE', 4, 6, NULL, 1, 22, '2018-10-17 00:00:00', NULL);
INSERT INTO pagos.ente (id_ente, nb_ente, id_tipo_ente, id_grupo_ente, tx_observaciones, id_usuario, id_status, fe_creado, fe_actualizado) VALUES (425, 'TCL HOME APPLIANCES (HK) CO.,LTD', 4, 6, NULL, 1, 22, '2018-10-17 00:00:00', NULL);
INSERT INTO pagos.ente (id_ente, nb_ente, id_tipo_ente, id_grupo_ente, tx_observaciones, id_usuario, id_status, fe_creado, fe_actualizado) VALUES (426, 'TECNICAS E INGENIERIA DE PROTECCION S.A.', 4, 6, NULL, 1, 22, '2018-10-17 00:00:00', NULL);
INSERT INTO pagos.ente (id_ente, nb_ente, id_tipo_ente, id_grupo_ente, tx_observaciones, id_usuario, id_status, fe_creado, fe_actualizado) VALUES (427, 'TELECOM ITALIA SPARKLE SPA', 4, 6, NULL, 1, 22, '2018-10-17 00:00:00', NULL);
INSERT INTO pagos.ente (id_ente, nb_ente, id_tipo_ente, id_grupo_ente, tx_observaciones, id_usuario, id_status, fe_creado, fe_actualizado) VALUES (428, 'TELIA CARRIER AB', 4, 6, NULL, 1, 22, '2018-10-17 00:00:00', NULL);
INSERT INTO pagos.ente (id_ente, nb_ente, id_tipo_ente, id_grupo_ente, tx_observaciones, id_usuario, id_status, fe_creado, fe_actualizado) VALUES (429, 'TETRA PAK GLOBAL DISTRIBUTION S.A', 4, 6, NULL, 1, 22, '2018-10-17 00:00:00', NULL);
INSERT INTO pagos.ente (id_ente, nb_ente, id_tipo_ente, id_grupo_ente, tx_observaciones, id_usuario, id_status, fe_creado, fe_actualizado) VALUES (430, 'THALASSA LIMITED', 4, 6, NULL, 1, 22, '2018-10-17 00:00:00', NULL);
INSERT INTO pagos.ente (id_ente, nb_ente, id_tipo_ente, id_grupo_ente, tx_observaciones, id_usuario, id_status, fe_creado, fe_actualizado) VALUES (431, 'THE EMBASSY OF VENEZUELA IN TRINIDAD AND TOBAGO', 4, 6, NULL, 1, 22, '2018-10-17 00:00:00', NULL);
INSERT INTO pagos.ente (id_ente, nb_ente, id_tipo_ente, id_grupo_ente, tx_observaciones, id_usuario, id_status, fe_creado, fe_actualizado) VALUES (440, 'UNION INTERNACIONAL DE TELECOMUNICACIONES', 4, 6, NULL, 1, 22, '2018-10-17 00:00:00', NULL);
INSERT INTO pagos.ente (id_ente, nb_ente, id_tipo_ente, id_grupo_ente, tx_observaciones, id_usuario, id_status, fe_creado, fe_actualizado) VALUES (433, 'THINQ PHARMA CRO LIMITED', 4, 6, NULL, 1, 22, '2018-10-17 00:00:00', NULL);
INSERT INTO pagos.ente (id_ente, nb_ente, id_tipo_ente, id_grupo_ente, tx_observaciones, id_usuario, id_status, fe_creado, fe_actualizado) VALUES (434, 'TOPIGS NORSVIN INTERNATIONAL B.V.', 4, 6, NULL, 1, 22, '2018-10-17 00:00:00', NULL);
INSERT INTO pagos.ente (id_ente, nb_ente, id_tipo_ente, id_grupo_ente, tx_observaciones, id_usuario, id_status, fe_creado, fe_actualizado) VALUES (435, 'TOTAL DE SUPRIMENTOS 7174,LDA', 4, 6, NULL, 1, 22, '2018-10-17 00:00:00', NULL);
INSERT INTO pagos.ente (id_ente, nb_ente, id_tipo_ente, id_grupo_ente, tx_observaciones, id_usuario, id_status, fe_creado, fe_actualizado) VALUES (432, 'THE STATE BANK FOR FOREIGN ECONOMICOF TURMENISTAN', 4, 6, NULL, 1, 22, '2018-10-17 00:00:00', NULL);
INSERT INTO pagos.ente (id_ente, nb_ente, id_tipo_ente, id_grupo_ente, tx_observaciones, id_usuario, id_status, fe_creado, fe_actualizado) VALUES (436, 'TRIUM BANK AND TRUST LTD', 4, 6, NULL, 1, 22, '2018-10-17 00:00:00', NULL);
INSERT INTO pagos.ente (id_ente, nb_ente, id_tipo_ente, id_grupo_ente, tx_observaciones, id_usuario, id_status, fe_creado, fe_actualizado) VALUES (437, 'TSX TRUST COMPANY', 4, 6, NULL, 1, 22, '2018-10-17 00:00:00', NULL);
INSERT INTO pagos.ente (id_ente, nb_ente, id_tipo_ente, id_grupo_ente, tx_observaciones, id_usuario, id_status, fe_creado, fe_actualizado) VALUES (438, 'TURBO CHINA TECHNOLOGY LIMITED', 4, 6, NULL, 1, 22, '2018-10-17 00:00:00', NULL);
INSERT INTO pagos.ente (id_ente, nb_ente, id_tipo_ente, id_grupo_ente, tx_observaciones, id_usuario, id_status, fe_creado, fe_actualizado) VALUES (439, 'ULTRA DIVISION DIGITAL SA DE CV', 4, 6, NULL, 1, 22, '2018-10-17 00:00:00', NULL);
INSERT INTO pagos.ente (id_ente, nb_ente, id_tipo_ente, id_grupo_ente, tx_observaciones, id_usuario, id_status, fe_creado, fe_actualizado) VALUES (441, 'UNITED HARDWARE CORP', 4, 6, NULL, 1, 22, '2018-10-17 00:00:00', NULL);
INSERT INTO pagos.ente (id_ente, nb_ente, id_tipo_ente, id_grupo_ente, tx_observaciones, id_usuario, id_status, fe_creado, fe_actualizado) VALUES (442, 'UNITED NATIONS GENERAL FUND', 4, 6, NULL, 1, 22, '2018-10-17 00:00:00', NULL);
INSERT INTO pagos.ente (id_ente, nb_ente, id_tipo_ente, id_grupo_ente, tx_observaciones, id_usuario, id_status, fe_creado, fe_actualizado) VALUES (443, 'USHEBTI LOGISTICS SA', 4, 6, NULL, 1, 22, '2018-10-17 00:00:00', NULL);
INSERT INTO pagos.ente (id_ente, nb_ente, id_tipo_ente, id_grupo_ente, tx_observaciones, id_usuario, id_status, fe_creado, fe_actualizado) VALUES (444, 'V.I.E.N. TECHNOLOGIE HANDELS GMBH', 4, 6, NULL, 1, 22, '2018-10-17 00:00:00', NULL);
INSERT INTO pagos.ente (id_ente, nb_ente, id_tipo_ente, id_grupo_ente, tx_observaciones, id_usuario, id_status, fe_creado, fe_actualizado) VALUES (445, 'VALOR DEL CAMPO SA DE CV', 4, 6, NULL, 1, 22, '2018-10-17 00:00:00', NULL);
INSERT INTO pagos.ente (id_ente, nb_ente, id_tipo_ente, id_grupo_ente, tx_observaciones, id_usuario, id_status, fe_creado, fe_actualizado) VALUES (446, 'VAN BAEL AND BELLIS', 4, 6, NULL, 1, 22, '2018-10-17 00:00:00', NULL);
INSERT INTO pagos.ente (id_ente, nb_ente, id_tipo_ente, id_grupo_ente, tx_observaciones, id_usuario, id_status, fe_creado, fe_actualizado) VALUES (447, 'VASQUEZ CORNACCHIA ORIANA ESTEFANIA', 4, 6, NULL, 1, 22, '2018-10-17 00:00:00', NULL);
INSERT INTO pagos.ente (id_ente, nb_ente, id_tipo_ente, id_grupo_ente, tx_observaciones, id_usuario, id_status, fe_creado, fe_actualizado) VALUES (448, 'VENPROCA VENEZOLANA DE PROYECTOS CA', 4, 6, NULL, 1, 22, '2018-10-17 00:00:00', NULL);
INSERT INTO pagos.ente (id_ente, nb_ente, id_tipo_ente, id_grupo_ente, tx_observaciones, id_usuario, id_status, fe_creado, fe_actualizado) VALUES (449, 'VEOLIA WATER SYSTEMS IBERICA S.L', 4, 6, NULL, 1, 22, '2018-10-17 00:00:00', NULL);
INSERT INTO pagos.ente (id_ente, nb_ente, id_tipo_ente, id_grupo_ente, tx_observaciones, id_usuario, id_status, fe_creado, fe_actualizado) VALUES (450, 'VERIDOS GMBH', 4, 6, NULL, 1, 22, '2018-10-17 00:00:00', NULL);
INSERT INTO pagos.ente (id_ente, nb_ente, id_tipo_ente, id_grupo_ente, tx_observaciones, id_usuario, id_status, fe_creado, fe_actualizado) VALUES (451, 'VERLIMAX SA', 4, 6, NULL, 1, 22, '2018-10-17 00:00:00', NULL);
INSERT INTO pagos.ente (id_ente, nb_ente, id_tipo_ente, id_grupo_ente, tx_observaciones, id_usuario, id_status, fe_creado, fe_actualizado) VALUES (452, 'VG VERONESE GROUP SA', 4, 6, NULL, 1, 22, '2018-10-17 00:00:00', NULL);
INSERT INTO pagos.ente (id_ente, nb_ente, id_tipo_ente, id_grupo_ente, tx_observaciones, id_usuario, id_status, fe_creado, fe_actualizado) VALUES (453, 'W G RUSSEL AND COMPANY (LONDON) LIMITED', 4, 6, NULL, 1, 22, '2018-10-17 00:00:00', NULL);
INSERT INTO pagos.ente (id_ente, nb_ente, id_tipo_ente, id_grupo_ente, tx_observaciones, id_usuario, id_status, fe_creado, fe_actualizado) VALUES (454, 'WAIKATO MILKING SYSTEMS LIMITED PARTNERSHIPTNERSHIP', 4, 6, NULL, 1, 22, '2018-10-17 00:00:00', NULL);
INSERT INTO pagos.ente (id_ente, nb_ente, id_tipo_ente, id_grupo_ente, tx_observaciones, id_usuario, id_status, fe_creado, fe_actualizado) VALUES (455, 'WATERLINE INTERNATIONAL MARITIME LOGISTICS,LDA', 4, 6, NULL, 1, 22, '2018-10-17 00:00:00', NULL);
INSERT INTO pagos.ente (id_ente, nb_ente, id_tipo_ente, id_grupo_ente, tx_observaciones, id_usuario, id_status, fe_creado, fe_actualizado) VALUES (456, 'WEYERSBERG KIRSCHBAUM', 4, 6, NULL, 1, 22, '2018-10-17 00:00:00', NULL);
INSERT INTO pagos.ente (id_ente, nb_ente, id_tipo_ente, id_grupo_ente, tx_observaciones, id_usuario, id_status, fe_creado, fe_actualizado) VALUES (457, 'WILL SUPPLY SA', 4, 6, NULL, 1, 22, '2018-10-17 00:00:00', NULL);
INSERT INTO pagos.ente (id_ente, nb_ente, id_tipo_ente, id_grupo_ente, tx_observaciones, id_usuario, id_status, fe_creado, fe_actualizado) VALUES (458, 'WINCOR NIXDORF INTERNATIONAL GMBH', 4, 6, NULL, 1, 22, '2018-10-17 00:00:00', NULL);
INSERT INTO pagos.ente (id_ente, nb_ente, id_tipo_ente, id_grupo_ente, tx_observaciones, id_usuario, id_status, fe_creado, fe_actualizado) VALUES (459, 'WORLDWIDE FOOD LLC S.A/ ZWETAN ZANEV ART', 4, 6, NULL, 1, 22, '2018-10-17 00:00:00', NULL);
INSERT INTO pagos.ente (id_ente, nb_ente, id_tipo_ente, id_grupo_ente, tx_observaciones, id_usuario, id_status, fe_creado, fe_actualizado) VALUES (460, 'XIANG XIN INTERNATIONAL TRADING COMPANY LIMITED', 4, 6, NULL, 1, 22, '2018-10-17 00:00:00', NULL);
INSERT INTO pagos.ente (id_ente, nb_ente, id_tipo_ente, id_grupo_ente, tx_observaciones, id_usuario, id_status, fe_creado, fe_actualizado) VALUES (461, 'YOUTSU,ACE', 4, 6, NULL, 1, 22, '2018-10-17 00:00:00', NULL);
INSERT INTO pagos.ente (id_ente, nb_ente, id_tipo_ente, id_grupo_ente, tx_observaciones, id_usuario, id_status, fe_creado, fe_actualizado) VALUES (462, 'ZACKET GROUP S.A.', 4, 6, NULL, 1, 22, '2018-10-17 00:00:00', NULL);
INSERT INTO pagos.ente (id_ente, nb_ente, id_tipo_ente, id_grupo_ente, tx_observaciones, id_usuario, id_status, fe_creado, fe_actualizado) VALUES (463, 'ZHEJIANG JINGHUI COSMETICS SHARE CO LTD', 4, 6, NULL, 1, 22, '2018-10-17 00:00:00', NULL);
INSERT INTO pagos.ente (id_ente, nb_ente, id_tipo_ente, id_grupo_ente, tx_observaciones, id_usuario, id_status, fe_creado, fe_actualizado) VALUES (464, 'ZHUHAI CHENGFENG ELECTRONICS CO.,LTD', 4, 6, NULL, 1, 22, '2018-10-17 00:00:00', NULL);
INSERT INTO pagos.ente (id_ente, nb_ente, id_tipo_ente, id_grupo_ente, tx_observaciones, id_usuario, id_status, fe_creado, fe_actualizado) VALUES (465, 'ZOUPING YIJIA IMP.AND.EXP.COL.,LTD', 4, 6, NULL, 1, 22, '2018-10-17 00:00:00', NULL);
INSERT INTO pagos.ente (id_ente, nb_ente, id_tipo_ente, id_grupo_ente, tx_observaciones, id_usuario, id_status, fe_creado, fe_actualizado) VALUES (47, 'AMBASSADE DU VENEZUELA', 4, 6, NULL, 1, 22, '2018-10-17 00:00:00', NULL);
INSERT INTO pagos.ente (id_ente, nb_ente, id_tipo_ente, id_grupo_ente, tx_observaciones, id_usuario, id_status, fe_creado, fe_actualizado) VALUES (129, 'CORPORACION INDUSTRIAS DEL SUR SRL', 4, 6, NULL, 1, 22, '2018-10-17 00:00:00', NULL);
INSERT INTO pagos.ente (id_ente, nb_ente, id_tipo_ente, id_grupo_ente, tx_observaciones, id_usuario, id_status, fe_creado, fe_actualizado) VALUES (60, 'AVIATION SUPPLY COMPANY INTERNATIONAL LIMITED', 4, 6, NULL, 1, 22, '2018-10-17 00:00:00', NULL);
INSERT INTO pagos.ente (id_ente, nb_ente, id_tipo_ente, id_grupo_ente, tx_observaciones, id_usuario, id_status, fe_creado, fe_actualizado) VALUES (61, 'BACKBONE INVESTMENTS S.L', 4, 6, NULL, 1, 22, '2018-10-17 00:00:00', NULL);
INSERT INTO pagos.ente (id_ente, nb_ente, id_tipo_ente, id_grupo_ente, tx_observaciones, id_usuario, id_status, fe_creado, fe_actualizado) VALUES (62, 'BANCO BICENTENARIO DEL PUEBLO', 4, 6, NULL, 1, 22, '2018-10-17 00:00:00', NULL);
INSERT INTO pagos.ente (id_ente, nb_ente, id_tipo_ente, id_grupo_ente, tx_observaciones, id_usuario, id_status, fe_creado, fe_actualizado) VALUES (63, 'BANCO CENTRAL DE NICARAGUA', 4, 6, NULL, 1, 22, '2018-10-17 00:00:00', NULL);
INSERT INTO pagos.ente (id_ente, nb_ente, id_tipo_ente, id_grupo_ente, tx_observaciones, id_usuario, id_status, fe_creado, fe_actualizado) VALUES (64, 'BANCO DE COMERCIO EXTERIOR DE VENEZUELA, BANCOEX', 4, 6, NULL, 1, 22, '2018-10-17 00:00:00', NULL);
INSERT INTO pagos.ente (id_ente, nb_ente, id_tipo_ente, id_grupo_ente, tx_observaciones, id_usuario, id_status, fe_creado, fe_actualizado) VALUES (65, 'BANCO DE DESARROLLO ECONOMICO Y SOCIAL DE VENEZUELA', 4, 6, NULL, 1, 22, '2018-10-17 00:00:00', NULL);
INSERT INTO pagos.ente (id_ente, nb_ente, id_tipo_ente, id_grupo_ente, tx_observaciones, id_usuario, id_status, fe_creado, fe_actualizado) VALUES (66, 'BANCO DE VENEZUELA, S.A. BANCO UNIVERSAL', 4, 6, NULL, 1, 22, '2018-10-17 00:00:00', NULL);
INSERT INTO pagos.ente (id_ente, nb_ente, id_tipo_ente, id_grupo_ente, tx_observaciones, id_usuario, id_status, fe_creado, fe_actualizado) VALUES (73, 'BENSHI CORPORATION LTD C/O ZWETAN Z', 4, 6, NULL, 1, 22, '2018-10-17 00:00:00', NULL);
INSERT INTO pagos.ente (id_ente, nb_ente, id_tipo_ente, id_grupo_ente, tx_observaciones, id_usuario, id_status, fe_creado, fe_actualizado) VALUES (74, 'BIG DUTCHMAN INTERNATIONAL GMBH', 4, 6, NULL, 1, 22, '2018-10-17 00:00:00', NULL);
INSERT INTO pagos.ente (id_ente, nb_ente, id_tipo_ente, id_grupo_ente, tx_observaciones, id_usuario, id_status, fe_creado, fe_actualizado) VALUES (75, 'BILAL SABUNCU TEMIZLIK MADDELERI PAZARLAMA A.S', 4, 6, NULL, 1, 22, '2018-10-17 00:00:00', NULL);
INSERT INTO pagos.ente (id_ente, nb_ente, id_tipo_ente, id_grupo_ente, tx_observaciones, id_usuario, id_status, fe_creado, fe_actualizado) VALUES (67, 'BANCO DEL TESORO, C.A. BANCO UNIVERSAL', 4, 6, NULL, 1, 22, '2018-10-17 00:00:00', NULL);
INSERT INTO pagos.ente (id_ente, nb_ente, id_tipo_ente, id_grupo_ente, tx_observaciones, id_usuario, id_status, fe_creado, fe_actualizado) VALUES (68, 'BANCO PRODEM S.A.', 4, 6, NULL, 1, 22, '2018-10-17 00:00:00', NULL);
INSERT INTO pagos.ente (id_ente, nb_ente, id_tipo_ente, id_grupo_ente, tx_observaciones, id_usuario, id_status, fe_creado, fe_actualizado) VALUES (69, 'BANDES URUGUAY S.A', 4, 6, NULL, 1, 22, '2018-10-17 00:00:00', NULL);
INSERT INTO pagos.ente (id_ente, nb_ente, id_tipo_ente, id_grupo_ente, tx_observaciones, id_usuario, id_status, fe_creado, fe_actualizado) VALUES (70, 'BARREDORAS INDUSTRIAL S.L', 4, 6, NULL, 1, 22, '2018-10-17 00:00:00', NULL);
INSERT INTO pagos.ente (id_ente, nb_ente, id_tipo_ente, id_grupo_ente, tx_observaciones, id_usuario, id_status, fe_creado, fe_actualizado) VALUES (76, 'BIS BUSINESS INVESMENT SERVICES CORP', 4, 6, NULL, 1, 22, '2018-10-17 00:00:00', NULL);
INSERT INTO pagos.ente (id_ente, nb_ente, id_tipo_ente, id_grupo_ente, tx_observaciones, id_usuario, id_status, fe_creado, fe_actualizado) VALUES (77, 'BOEKIMED GROUP LTD', 4, 6, NULL, 1, 22, '2018-10-17 00:00:00', NULL);
INSERT INTO pagos.ente (id_ente, nb_ente, id_tipo_ente, id_grupo_ente, tx_observaciones, id_usuario, id_status, fe_creado, fe_actualizado) VALUES (78, 'BOMBAGUA DE CR SA', 4, 6, NULL, 1, 22, '2018-10-17 00:00:00', NULL);
INSERT INTO pagos.ente (id_ente, nb_ente, id_tipo_ente, id_grupo_ente, tx_observaciones, id_usuario, id_status, fe_creado, fe_actualizado) VALUES (79, 'BOTSCHAFT DER BOLIVARISCHEN REPUBLIK VENEZUELA', 4, 6, NULL, 1, 22, '2018-10-17 00:00:00', NULL);
INSERT INTO pagos.ente (id_ente, nb_ente, id_tipo_ente, id_grupo_ente, tx_observaciones, id_usuario, id_status, fe_creado, fe_actualizado) VALUES (30, 'AGENCIA ATLAS,S.A.', 4, 6, NULL, 1, 22, '2018-10-17 00:00:00', NULL);
INSERT INTO pagos.ente (id_ente, nb_ente, id_tipo_ente, id_grupo_ente, tx_observaciones, id_usuario, id_status, fe_creado, fe_actualizado) VALUES (24, 'ADBELL INTERNATIONAL LIMITED EURO CLIENTS ACCOUNT', 4, 6, NULL, 1, 22, '2018-10-17 00:00:00', NULL);
INSERT INTO pagos.ente (id_ente, nb_ente, id_tipo_ente, id_grupo_ente, tx_observaciones, id_usuario, id_status, fe_creado, fe_actualizado) VALUES (25, 'ADISSEO FRANCE', 4, 6, NULL, 1, 22, '2018-10-17 00:00:00', NULL);
INSERT INTO pagos.ente (id_ente, nb_ente, id_tipo_ente, id_grupo_ente, tx_observaciones, id_usuario, id_status, fe_creado, fe_actualizado) VALUES (26, 'ADON TRADING FZE C/O ZWETAN ZANEV ART 39 BA', 4, 6, NULL, 1, 22, '2018-10-17 00:00:00', NULL);
INSERT INTO pagos.ente (id_ente, nb_ente, id_tipo_ente, id_grupo_ente, tx_observaciones, id_usuario, id_status, fe_creado, fe_actualizado) VALUES (31, 'AGREGADURIA A LA EMBAJADA DE LA REPUBLICA BOLIVARIANA DE VENEZUELA', 4, 6, NULL, 1, 22, '2018-10-17 00:00:00', NULL);
INSERT INTO pagos.ente (id_ente, nb_ente, id_tipo_ente, id_grupo_ente, tx_observaciones, id_usuario, id_status, fe_creado, fe_actualizado) VALUES (37, 'AIRBORNE TECHNOLOGIES GMBH', 4, 6, NULL, 1, 22, '2018-10-17 00:00:00', NULL);
INSERT INTO pagos.ente (id_ente, nb_ente, id_tipo_ente, id_grupo_ente, tx_observaciones, id_usuario, id_status, fe_creado, fe_actualizado) VALUES (38, 'AIS WORLD LTD', 4, 6, NULL, 1, 22, '2018-10-17 00:00:00', NULL);
INSERT INTO pagos.ente (id_ente, nb_ente, id_tipo_ente, id_grupo_ente, tx_observaciones, id_usuario, id_status, fe_creado, fe_actualizado) VALUES (43, 'ALESCO RISK MANAGEMENT SERVICES LIMITED', 4, 6, NULL, 1, 22, '2018-10-17 00:00:00', NULL);
INSERT INTO pagos.ente (id_ente, nb_ente, id_tipo_ente, id_grupo_ente, tx_observaciones, id_usuario, id_status, fe_creado, fe_actualizado) VALUES (71, 'BDV BEHRENS GMBH', 4, 6, NULL, 1, 22, '2018-10-17 00:00:00', NULL);
INSERT INTO pagos.ente (id_ente, nb_ente, id_tipo_ente, id_grupo_ente, tx_observaciones, id_usuario, id_status, fe_creado, fe_actualizado) VALUES (72, 'BENOIST ASSETS INC C/O ZWETAN ZANEV ART 39B', 4, 6, NULL, 1, 22, '2018-10-17 00:00:00', NULL);
INSERT INTO pagos.ente (id_ente, nb_ente, id_tipo_ente, id_grupo_ente, tx_observaciones, id_usuario, id_status, fe_creado, fe_actualizado) VALUES (149, 'DONGFANG ELECTRIC MACHINERY CO,.LTD', 4, 6, NULL, 1, 22, '2018-10-17 00:00:00', NULL);
INSERT INTO pagos.ente (id_ente, nb_ente, id_tipo_ente, id_grupo_ente, tx_observaciones, id_usuario, id_status, fe_creado, fe_actualizado) VALUES (150, 'DOPPELMAYR SEILBAHNEN GMBH', 4, 6, NULL, 1, 22, '2018-10-17 00:00:00', NULL);
INSERT INTO pagos.ente (id_ente, nb_ente, id_tipo_ente, id_grupo_ente, tx_observaciones, id_usuario, id_status, fe_creado, fe_actualizado) VALUES (151, 'DOUBLE YU CO., LIMITED', 4, 6, NULL, 1, 22, '2018-10-17 00:00:00', NULL);
INSERT INTO pagos.ente (id_ente, nb_ente, id_tipo_ente, id_grupo_ente, tx_observaciones, id_usuario, id_status, fe_creado, fe_actualizado) VALUES (152, 'DRES S.A.', 4, 6, NULL, 1, 22, '2018-10-17 00:00:00', NULL);
INSERT INTO pagos.ente (id_ente, nb_ente, id_tipo_ente, id_grupo_ente, tx_observaciones, id_usuario, id_status, fe_creado, fe_actualizado) VALUES (153, 'DROMEX INTERNATIONAL S.L.', 4, 6, NULL, 1, 22, '2018-10-17 00:00:00', NULL);
INSERT INTO pagos.ente (id_ente, nb_ente, id_tipo_ente, id_grupo_ente, tx_observaciones, id_usuario, id_status, fe_creado, fe_actualizado) VALUES (154, 'DSM NUTRITIONAL PRODUCTS MEXICO, SA DE CV', 4, 6, NULL, 1, 22, '2018-10-17 00:00:00', NULL);
INSERT INTO pagos.ente (id_ente, nb_ente, id_tipo_ente, id_grupo_ente, tx_observaciones, id_usuario, id_status, fe_creado, fe_actualizado) VALUES (155, 'DUMA ENGINEERING GROUP SPRL', 4, 6, NULL, 1, 22, '2018-10-17 00:00:00', NULL);
INSERT INTO pagos.ente (id_ente, nb_ente, id_tipo_ente, id_grupo_ente, tx_observaciones, id_usuario, id_status, fe_creado, fe_actualizado) VALUES (156, 'EANA S.E', 4, 6, NULL, 1, 22, '2018-10-17 00:00:00', NULL);
INSERT INTO pagos.ente (id_ente, nb_ente, id_tipo_ente, id_grupo_ente, tx_observaciones, id_usuario, id_status, fe_creado, fe_actualizado) VALUES (158, 'ECUATORIANA DE ARTEFACTOS SA ECASA', 4, 6, NULL, 1, 22, '2018-10-17 00:00:00', NULL);
INSERT INTO pagos.ente (id_ente, nb_ente, id_tipo_ente, id_grupo_ente, tx_observaciones, id_usuario, id_status, fe_creado, fe_actualizado) VALUES (159, 'EIRCSSON AB', 4, 6, NULL, 1, 22, '2018-10-17 00:00:00', NULL);
INSERT INTO pagos.ente (id_ente, nb_ente, id_tipo_ente, id_grupo_ente, tx_observaciones, id_usuario, id_status, fe_creado, fe_actualizado) VALUES (160, 'E-KUANTIA', 4, 6, NULL, 1, 22, '2018-10-17 00:00:00', NULL);
INSERT INTO pagos.ente (id_ente, nb_ente, id_tipo_ente, id_grupo_ente, tx_observaciones, id_usuario, id_status, fe_creado, fe_actualizado) VALUES (161, 'ELECTRONICS FORENSIC TECNOLOGHY INC', 4, 6, NULL, 1, 22, '2018-10-17 00:00:00', NULL);
INSERT INTO pagos.ente (id_ente, nb_ente, id_tipo_ente, id_grupo_ente, tx_observaciones, id_usuario, id_status, fe_creado, fe_actualizado) VALUES (82, 'BRINTINO SA', 4, 6, NULL, 1, 22, '2018-10-17 00:00:00', NULL);
INSERT INTO pagos.ente (id_ente, nb_ente, id_tipo_ente, id_grupo_ente, tx_observaciones, id_usuario, id_status, fe_creado, fe_actualizado) VALUES (83, 'BRIO INTERNACIONAL LIMITED', 4, 6, NULL, 1, 22, '2018-10-17 00:00:00', NULL);
INSERT INTO pagos.ente (id_ente, nb_ente, id_tipo_ente, id_grupo_ente, tx_observaciones, id_usuario, id_status, fe_creado, fe_actualizado) VALUES (84, 'BRODITEC S.A', 4, 6, NULL, 1, 22, '2018-10-17 00:00:00', NULL);
INSERT INTO pagos.ente (id_ente, nb_ente, id_tipo_ente, id_grupo_ente, tx_observaciones, id_usuario, id_status, fe_creado, fe_actualizado) VALUES (85, 'BROKERS RE GROUPE LP', 4, 6, NULL, 1, 22, '2018-10-17 00:00:00', NULL);
INSERT INTO pagos.ente (id_ente, nb_ente, id_tipo_ente, id_grupo_ente, tx_observaciones, id_usuario, id_status, fe_creado, fe_actualizado) VALUES (86, 'BTRD BUSINESS TRAVEL S.R.L.', 4, 6, NULL, 1, 22, '2018-10-17 00:00:00', NULL);
INSERT INTO pagos.ente (id_ente, nb_ente, id_tipo_ente, id_grupo_ente, tx_observaciones, id_usuario, id_status, fe_creado, fe_actualizado) VALUES (87, 'BUHLER AG', 4, 6, NULL, 1, 22, '2018-10-17 00:00:00', NULL);
INSERT INTO pagos.ente (id_ente, nb_ente, id_tipo_ente, id_grupo_ente, tx_observaciones, id_usuario, id_status, fe_creado, fe_actualizado) VALUES (88, 'BUHLER GMBH', 4, 6, NULL, 1, 22, '2018-10-17 00:00:00', NULL);
INSERT INTO pagos.ente (id_ente, nb_ente, id_tipo_ente, id_grupo_ente, tx_observaciones, id_usuario, id_status, fe_creado, fe_actualizado) VALUES (89, 'BUTTON CORAL SA', 4, 6, NULL, 1, 22, '2018-10-17 00:00:00', NULL);
INSERT INTO pagos.ente (id_ente, nb_ente, id_tipo_ente, id_grupo_ente, tx_observaciones, id_usuario, id_status, fe_creado, fe_actualizado) VALUES (91, 'C Y M INTERNATIONAL GROUP LLC', 4, 6, NULL, 1, 22, '2018-10-17 00:00:00', NULL);
INSERT INTO pagos.ente (id_ente, nb_ente, id_tipo_ente, id_grupo_ente, tx_observaciones, id_usuario, id_status, fe_creado, fe_actualizado) VALUES (92, 'CAMBRIDGE MERCANTILE CORP', 4, 6, NULL, 1, 22, '2018-10-17 00:00:00', NULL);
INSERT INTO pagos.ente (id_ente, nb_ente, id_tipo_ente, id_grupo_ente, tx_observaciones, id_usuario, id_status, fe_creado, fe_actualizado) VALUES (93, 'CAPITAL GARANTIES OF AMERICA, S.A C/O ZWETAN ZANEV', 4, 6, NULL, 1, 22, '2018-10-17 00:00:00', NULL);
INSERT INTO pagos.ente (id_ente, nb_ente, id_tipo_ente, id_grupo_ente, tx_observaciones, id_usuario, id_status, fe_creado, fe_actualizado) VALUES (94, 'CASA DA MOEDA DO BRASIL', 4, 6, NULL, 1, 22, '2018-10-17 00:00:00', NULL);
INSERT INTO pagos.ente (id_ente, nb_ente, id_tipo_ente, id_grupo_ente, tx_observaciones, id_usuario, id_status, fe_creado, fe_actualizado) VALUES (95, 'CASANOVA INTERNATIONAL,LLC', 4, 6, NULL, 1, 22, '2018-10-17 00:00:00', NULL);
INSERT INTO pagos.ente (id_ente, nb_ente, id_tipo_ente, id_grupo_ente, tx_observaciones, id_usuario, id_status, fe_creado, fe_actualizado) VALUES (96, 'CASCADES MARKETING CORP', 4, 6, NULL, 1, 22, '2018-10-17 00:00:00', NULL);
INSERT INTO pagos.ente (id_ente, nb_ente, id_tipo_ente, id_grupo_ente, tx_observaciones, id_usuario, id_status, fe_creado, fe_actualizado) VALUES (97, 'CASILLO COMMODITIES ITALIA S.P.A.', 4, 6, NULL, 1, 22, '2018-10-17 00:00:00', NULL);
INSERT INTO pagos.ente (id_ente, nb_ente, id_tipo_ente, id_grupo_ente, tx_observaciones, id_usuario, id_status, fe_creado, fe_actualizado) VALUES (98, 'CATTANEO MACCANICA SPA', 4, 6, NULL, 1, 22, '2018-10-17 00:00:00', NULL);
INSERT INTO pagos.ente (id_ente, nb_ente, id_tipo_ente, id_grupo_ente, tx_observaciones, id_usuario, id_status, fe_creado, fe_actualizado) VALUES (99, 'CAVE BLOCKCHAIN GROUP C.A.', 4, 6, NULL, 1, 22, '2018-10-17 00:00:00', NULL);
INSERT INTO pagos.ente (id_ente, nb_ente, id_tipo_ente, id_grupo_ente, tx_observaciones, id_usuario, id_status, fe_creado, fe_actualizado) VALUES (100, 'CEIEC', 4, 6, NULL, 1, 22, '2018-10-17 00:00:00', NULL);
INSERT INTO pagos.ente (id_ente, nb_ente, id_tipo_ente, id_grupo_ente, tx_observaciones, id_usuario, id_status, fe_creado, fe_actualizado) VALUES (101, 'CEKNOL SA', 4, 6, NULL, 1, 22, '2018-10-17 00:00:00', NULL);
INSERT INTO pagos.ente (id_ente, nb_ente, id_tipo_ente, id_grupo_ente, tx_observaciones, id_usuario, id_status, fe_creado, fe_actualizado) VALUES (102, 'CGSI INTERNATIONAL, LLC.', 4, 6, NULL, 1, 22, '2018-10-17 00:00:00', NULL);
INSERT INTO pagos.ente (id_ente, nb_ente, id_tipo_ente, id_grupo_ente, tx_observaciones, id_usuario, id_status, fe_creado, fe_actualizado) VALUES (103, 'CHALLENGE IBEROAMERICANA TRADING S.A', 4, 6, NULL, 1, 22, '2018-10-17 00:00:00', NULL);
INSERT INTO pagos.ente (id_ente, nb_ente, id_tipo_ente, id_grupo_ente, tx_observaciones, id_usuario, id_status, fe_creado, fe_actualizado) VALUES (104, 'CHINA PORFIT TRANDING LTD', 4, 6, NULL, 1, 22, '2018-10-17 00:00:00', NULL);
INSERT INTO pagos.ente (id_ente, nb_ente, id_tipo_ente, id_grupo_ente, tx_observaciones, id_usuario, id_status, fe_creado, fe_actualizado) VALUES (105, 'CHR OLESEN LATIN AMERICA A/S', 4, 6, NULL, 1, 22, '2018-10-17 00:00:00', NULL);
INSERT INTO pagos.ente (id_ente, nb_ente, id_tipo_ente, id_grupo_ente, tx_observaciones, id_usuario, id_status, fe_creado, fe_actualizado) VALUES (107, 'CNL-CWC NETWORKS INC', 4, 6, NULL, 1, 22, '2018-10-17 00:00:00', NULL);
INSERT INTO pagos.ente (id_ente, nb_ente, id_tipo_ente, id_grupo_ente, tx_observaciones, id_usuario, id_status, fe_creado, fe_actualizado) VALUES (108, 'COLOMBIANA KIMBERLY COLPAPEL,S.A.', 4, 6, NULL, 1, 22, '2018-10-17 00:00:00', NULL);
INSERT INTO pagos.ente (id_ente, nb_ente, id_tipo_ente, id_grupo_ente, tx_observaciones, id_usuario, id_status, fe_creado, fe_actualizado) VALUES (109, 'COLWIDE EUROPE S.R.L.', 4, 6, NULL, 1, 22, '2018-10-17 00:00:00', NULL);
INSERT INTO pagos.ente (id_ente, nb_ente, id_tipo_ente, id_grupo_ente, tx_observaciones, id_usuario, id_status, fe_creado, fe_actualizado) VALUES (110, 'COMERCIALIZADORA KABUCO S.A.', 4, 6, NULL, 1, 22, '2018-10-17 00:00:00', NULL);
INSERT INTO pagos.ente (id_ente, nb_ente, id_tipo_ente, id_grupo_ente, tx_observaciones, id_usuario, id_status, fe_creado, fe_actualizado) VALUES (111, 'COMMONWEALTH BANK AND TRUST LTD', 4, 6, NULL, 1, 22, '2018-10-17 00:00:00', NULL);
INSERT INTO pagos.ente (id_ente, nb_ente, id_tipo_ente, id_grupo_ente, tx_observaciones, id_usuario, id_status, fe_creado, fe_actualizado) VALUES (112, 'COMPANIA EUROPEA DE COSPELES S.A.', 4, 6, NULL, 1, 22, '2018-10-17 00:00:00', NULL);
INSERT INTO pagos.ente (id_ente, nb_ente, id_tipo_ente, id_grupo_ente, tx_observaciones, id_usuario, id_status, fe_creado, fe_actualizado) VALUES (113, 'COMPLEMENTOS DE PIENSOS COMPUESTOS S.A.', 4, 6, NULL, 1, 22, '2018-10-17 00:00:00', NULL);
INSERT INTO pagos.ente (id_ente, nb_ente, id_tipo_ente, id_grupo_ente, tx_observaciones, id_usuario, id_status, fe_creado, fe_actualizado) VALUES (114, 'CONSORCIO CONTEMAR UNION TEMPORAL DE EMPRESAS LEY 18-1982', 4, 6, NULL, 1, 22, '2018-10-17 00:00:00', NULL);
INSERT INTO pagos.ente (id_ente, nb_ente, id_tipo_ente, id_grupo_ente, tx_observaciones, id_usuario, id_status, fe_creado, fe_actualizado) VALUES (115, 'CONSORCIO TECNOLOGICO GISA UTE', 4, 6, NULL, 1, 22, '2018-10-17 00:00:00', NULL);
INSERT INTO pagos.ente (id_ente, nb_ente, id_tipo_ente, id_grupo_ente, tx_observaciones, id_usuario, id_status, fe_creado, fe_actualizado) VALUES (116, 'CONSORCIO VENEZOLANO DE INDUSTRIAS AERONAUTICAS Y SERVICIOS AEREOS S.A', 4, 6, NULL, 1, 22, '2018-10-17 00:00:00', NULL);
INSERT INTO pagos.ente (id_ente, nb_ente, id_tipo_ente, id_grupo_ente, tx_observaciones, id_usuario, id_status, fe_creado, fe_actualizado) VALUES (122, 'CONTRATO N° 0786-00 BCV', 4, 6, NULL, 1, 22, '2018-10-17 00:00:00', NULL);
INSERT INTO pagos.ente (id_ente, nb_ente, id_tipo_ente, id_grupo_ente, tx_observaciones, id_usuario, id_status, fe_creado, fe_actualizado) VALUES (118, 'CONSTRUCTORA 3MI, C.A', 4, 6, NULL, 1, 22, '2018-10-17 00:00:00', NULL);
INSERT INTO pagos.ente (id_ente, nb_ente, id_tipo_ente, id_grupo_ente, tx_observaciones, id_usuario, id_status, fe_creado, fe_actualizado) VALUES (119, 'CONSUL GROUP RE 2021 CORRETAJE DE REASEGUROS, C.A. C/O ZWETAN ZANEV ART 39 BA', 4, 6, NULL, 1, 22, '2018-10-17 00:00:00', NULL);
INSERT INTO pagos.ente (id_ente, nb_ente, id_tipo_ente, id_grupo_ente, tx_observaciones, id_usuario, id_status, fe_creado, fe_actualizado) VALUES (48, 'AMTEX POWER AND EQUIPMENT SERVICES CO. LTD', 4, 6, NULL, 1, 22, '2018-10-17 00:00:00', NULL);
INSERT INTO pagos.ente (id_ente, nb_ente, id_tipo_ente, id_grupo_ente, tx_observaciones, id_usuario, id_status, fe_creado, fe_actualizado) VALUES (49, 'ANIS SERVICES, S.A', 4, 6, NULL, 1, 22, '2018-10-17 00:00:00', NULL);
INSERT INTO pagos.ente (id_ente, nb_ente, id_tipo_ente, id_grupo_ente, tx_observaciones, id_usuario, id_status, fe_creado, fe_actualizado) VALUES (50, 'ANTONIO REMIRO SL', 4, 6, NULL, 1, 22, '2018-10-17 00:00:00', NULL);
INSERT INTO pagos.ente (id_ente, nb_ente, id_tipo_ente, id_grupo_ente, tx_observaciones, id_usuario, id_status, fe_creado, fe_actualizado) VALUES (51, 'APSP CO, LTD', 4, 6, NULL, 1, 22, '2018-10-17 00:00:00', NULL);
INSERT INTO pagos.ente (id_ente, nb_ente, id_tipo_ente, id_grupo_ente, tx_observaciones, id_usuario, id_status, fe_creado, fe_actualizado) VALUES (52, 'ARNOLD AND PORTER KAYE SCHOLER UK LLP', 4, 6, NULL, 1, 22, '2018-10-17 00:00:00', NULL);
INSERT INTO pagos.ente (id_ente, nb_ente, id_tipo_ente, id_grupo_ente, tx_observaciones, id_usuario, id_status, fe_creado, fe_actualizado) VALUES (53, 'ASASI FOOD FZC / ZWETAN ZANEV ART.39 BA', 4, 6, NULL, 1, 22, '2018-10-17 00:00:00', NULL);
INSERT INTO pagos.ente (id_ente, nb_ente, id_tipo_ente, id_grupo_ente, tx_observaciones, id_usuario, id_status, fe_creado, fe_actualizado) VALUES (54, 'ASEL CORP S.A', 4, 6, NULL, 1, 22, '2018-10-17 00:00:00', NULL);
INSERT INTO pagos.ente (id_ente, nb_ente, id_tipo_ente, id_grupo_ente, tx_observaciones, id_usuario, id_status, fe_creado, fe_actualizado) VALUES (55, 'ATECH NEGOCIOS EM TECNOLOGIES S.A', 4, 6, NULL, 1, 22, '2018-10-17 00:00:00', NULL);
INSERT INTO pagos.ente (id_ente, nb_ente, id_tipo_ente, id_grupo_ente, tx_observaciones, id_usuario, id_status, fe_creado, fe_actualizado) VALUES (56, 'ATLAS FOOD FZE C/O ZWETAN ART.39 BA', 4, 6, NULL, 1, 22, '2018-10-17 00:00:00', NULL);
INSERT INTO pagos.ente (id_ente, nb_ente, id_tipo_ente, id_grupo_ente, tx_observaciones, id_usuario, id_status, fe_creado, fe_actualizado) VALUES (57, 'ATOM TRAVEL', 4, 6, NULL, 1, 22, '2018-10-17 00:00:00', NULL);
INSERT INTO pagos.ente (id_ente, nb_ente, id_tipo_ente, id_grupo_ente, tx_observaciones, id_usuario, id_status, fe_creado, fe_actualizado) VALUES (58, 'AUTOPARTES LARA C.A. C/O ZWETAN ZANEV ART. 39 BA', 4, 6, NULL, 1, 22, '2018-10-17 00:00:00', NULL);
INSERT INTO pagos.ente (id_ente, nb_ente, id_tipo_ente, id_grupo_ente, tx_observaciones, id_usuario, id_status, fe_creado, fe_actualizado) VALUES (59, 'AVIATION EXCHANGE GROUP', 4, 6, NULL, 1, 22, '2018-10-17 00:00:00', NULL);
INSERT INTO pagos.ente (id_ente, nb_ente, id_tipo_ente, id_grupo_ente, tx_observaciones, id_usuario, id_status, fe_creado, fe_actualizado) VALUES (157, 'EBURY PARTNERS UK LIMITED RESOLUCIONES INTEGRALES BFOR,S.L', 4, 6, NULL, 1, 22, '2018-10-17 00:00:00', NULL);
INSERT INTO pagos.ente (id_ente, nb_ente, id_tipo_ente, id_grupo_ente, tx_observaciones, id_usuario, id_status, fe_creado, fe_actualizado) VALUES (120, 'CONTINENTAL TRADE SOLUTIONS LIMITED', 4, 6, NULL, 1, 22, '2018-10-17 00:00:00', NULL);
INSERT INTO pagos.ente (id_ente, nb_ente, id_tipo_ente, id_grupo_ente, tx_observaciones, id_usuario, id_status, fe_creado, fe_actualizado) VALUES (117, 'CONSTANTIA PATZ GES.M.B.H.', 4, 6, NULL, 1, 22, '2018-10-17 00:00:00', NULL);
INSERT INTO pagos.ente (id_ente, nb_ente, id_tipo_ente, id_grupo_ente, tx_observaciones, id_usuario, id_status, fe_creado, fe_actualizado) VALUES (123, 'CONVIASA', 4, 6, NULL, 1, 22, '2018-10-17 00:00:00', NULL);
INSERT INTO pagos.ente (id_ente, nb_ente, id_tipo_ente, id_grupo_ente, tx_observaciones, id_usuario, id_status, fe_creado, fe_actualizado) VALUES (125, 'COOPERATIVA NACIONAL DE PRODUCTORES DE LECHE CONAPROLE', 4, 6, NULL, 1, 22, '2018-10-17 00:00:00', NULL);
INSERT INTO pagos.ente (id_ente, nb_ente, id_tipo_ente, id_grupo_ente, tx_observaciones, id_usuario, id_status, fe_creado, fe_actualizado) VALUES (126, 'CORP INSTRELEC GROUP', 4, 6, NULL, 1, 22, '2018-10-17 00:00:00', NULL);
INSERT INTO pagos.ente (id_ente, nb_ente, id_tipo_ente, id_grupo_ente, tx_observaciones, id_usuario, id_status, fe_creado, fe_actualizado) VALUES (124, 'COOPERATIVA 7 DE SEPTIEMBRE FUNSACOOP', 4, 6, NULL, 1, 22, '2018-10-17 00:00:00', NULL);
INSERT INTO pagos.ente (id_ente, nb_ente, id_tipo_ente, id_grupo_ente, tx_observaciones, id_usuario, id_status, fe_creado, fe_actualizado) VALUES (127, 'CORPORACION ANDINA DE FOMENTO', 4, 6, NULL, 1, 22, '2018-10-17 00:00:00', NULL);
INSERT INTO pagos.ente (id_ente, nb_ente, id_tipo_ente, id_grupo_ente, tx_observaciones, id_usuario, id_status, fe_creado, fe_actualizado) VALUES (128, 'CORPORACION D1 CA', 4, 6, NULL, 1, 22, '2018-10-17 00:00:00', NULL);
INSERT INTO pagos.ente (id_ente, nb_ente, id_tipo_ente, id_grupo_ente, tx_observaciones, id_usuario, id_status, fe_creado, fe_actualizado) VALUES (130, 'CORPORACION VENEZOLANA DE NAVEGACION', 4, 6, NULL, 1, 22, '2018-10-17 00:00:00', NULL);
INSERT INTO pagos.ente (id_ente, nb_ente, id_tipo_ente, id_grupo_ente, tx_observaciones, id_usuario, id_status, fe_creado, fe_actualizado) VALUES (131, 'CRANE AB', 4, 6, NULL, 1, 22, '2018-10-17 00:00:00', NULL);
INSERT INTO pagos.ente (id_ente, nb_ente, id_tipo_ente, id_grupo_ente, tx_observaciones, id_usuario, id_status, fe_creado, fe_actualizado) VALUES (132, 'CRYSTALLEX INTERNATIONAL CORPORATION', 4, 6, NULL, 1, 22, '2018-10-17 00:00:00', NULL);
INSERT INTO pagos.ente (id_ente, nb_ente, id_tipo_ente, id_grupo_ente, tx_observaciones, id_usuario, id_status, fe_creado, fe_actualizado) VALUES (133, 'CUSINATO GIOVANNI S.R.L', 4, 6, NULL, 1, 22, '2018-10-17 00:00:00', NULL);
INSERT INTO pagos.ente (id_ente, nb_ente, id_tipo_ente, id_grupo_ente, tx_observaciones, id_usuario, id_status, fe_creado, fe_actualizado) VALUES (134, 'CYCLADES INTERNATIONAL CORP', 4, 6, NULL, 1, 22, '2018-10-17 00:00:00', NULL);
INSERT INTO pagos.ente (id_ente, nb_ente, id_tipo_ente, id_grupo_ente, tx_observaciones, id_usuario, id_status, fe_creado, fe_actualizado) VALUES (135, 'D AND D TRADING GMBH', 4, 6, NULL, 1, 22, '2018-10-17 00:00:00', NULL);
INSERT INTO pagos.ente (id_ente, nb_ente, id_tipo_ente, id_grupo_ente, tx_observaciones, id_usuario, id_status, fe_creado, fe_actualizado) VALUES (136, 'DANDO DRILLING INTERNATIONAL LTD', 4, 6, NULL, 1, 22, '2018-10-17 00:00:00', NULL);
INSERT INTO pagos.ente (id_ente, nb_ente, id_tipo_ente, id_grupo_ente, tx_observaciones, id_usuario, id_status, fe_creado, fe_actualizado) VALUES (137, 'DANSKE BANK OYJ', 4, 6, NULL, 1, 22, '2018-10-17 00:00:00', NULL);
INSERT INTO pagos.ente (id_ente, nb_ente, id_tipo_ente, id_grupo_ente, tx_observaciones, id_usuario, id_status, fe_creado, fe_actualizado) VALUES (138, 'DE JESUS Y DE JESUS SA', 4, 6, NULL, 1, 22, '2018-10-17 00:00:00', NULL);
INSERT INTO pagos.ente (id_ente, nb_ente, id_tipo_ente, id_grupo_ente, tx_observaciones, id_usuario, id_status, fe_creado, fe_actualizado) VALUES (140, 'DENPLASUR TRASDING SA C/O ZWETAN ZANEV ART.39', 4, 6, NULL, 1, 22, '2018-10-17 00:00:00', NULL);
INSERT INTO pagos.ente (id_ente, nb_ente, id_tipo_ente, id_grupo_ente, tx_observaciones, id_usuario, id_status, fe_creado, fe_actualizado) VALUES (141, 'DENTONS EUROPE DABROWSKI I WSPOLNICY SPK', 4, 6, NULL, 1, 22, '2018-10-17 00:00:00', NULL);
INSERT INTO pagos.ente (id_ente, nb_ente, id_tipo_ente, id_grupo_ente, tx_observaciones, id_usuario, id_status, fe_creado, fe_actualizado) VALUES (142, 'DESARROLLO AGROPECUARIO LAS LAGUNAS', 4, 6, NULL, 1, 22, '2018-10-17 00:00:00', NULL);
INSERT INTO pagos.ente (id_ente, nb_ente, id_tipo_ente, id_grupo_ente, tx_observaciones, id_usuario, id_status, fe_creado, fe_actualizado) VALUES (143, 'DESMET BALLESTRA GROUP NV', 4, 6, NULL, 1, 22, '2018-10-17 00:00:00', NULL);
INSERT INTO pagos.ente (id_ente, nb_ente, id_tipo_ente, id_grupo_ente, tx_observaciones, id_usuario, id_status, fe_creado, fe_actualizado) VALUES (144, 'DEUTGB2L DEUTSCHE BANK AG LONDON GB', 4, 6, NULL, 1, 22, '2018-10-17 00:00:00', NULL);
INSERT INTO pagos.ente (id_ente, nb_ente, id_tipo_ente, id_grupo_ente, tx_observaciones, id_usuario, id_status, fe_creado, fe_actualizado) VALUES (145, 'DEX IBERICA,S.A', 4, 6, NULL, 1, 22, '2018-10-17 00:00:00', NULL);
INSERT INTO pagos.ente (id_ente, nb_ente, id_tipo_ente, id_grupo_ente, tx_observaciones, id_usuario, id_status, fe_creado, fe_actualizado) VALUES (146, 'DIGITAL IMPORT AND EXPORT,CORP', 4, 6, NULL, 1, 22, '2018-10-17 00:00:00', NULL);
INSERT INTO pagos.ente (id_ente, nb_ente, id_tipo_ente, id_grupo_ente, tx_observaciones, id_usuario, id_status, fe_creado, fe_actualizado) VALUES (147, 'DISTELVENCA PANAMA C.A C/O ZWETAN ZANEV ART. 39 BA', 4, 6, NULL, 1, 22, '2018-10-17 00:00:00', NULL);
INSERT INTO pagos.ente (id_ente, nb_ente, id_tipo_ente, id_grupo_ente, tx_observaciones, id_usuario, id_status, fe_creado, fe_actualizado) VALUES (148, 'DISTRI FARM INC', 4, 6, NULL, 1, 22, '2018-10-17 00:00:00', NULL);
INSERT INTO pagos.ente (id_ente, nb_ente, id_tipo_ente, id_grupo_ente, tx_observaciones, id_usuario, id_status, fe_creado, fe_actualizado) VALUES (162, 'ELECTROTECNICA SAQUI,C.A.', 4, 6, NULL, 1, 22, '2018-10-17 00:00:00', NULL);
INSERT INTO pagos.ente (id_ente, nb_ente, id_tipo_ente, id_grupo_ente, tx_observaciones, id_usuario, id_status, fe_creado, fe_actualizado) VALUES (163, 'ELURE SA', 4, 6, NULL, 1, 22, '2018-10-17 00:00:00', NULL);
INSERT INTO pagos.ente (id_ente, nb_ente, id_tipo_ente, id_grupo_ente, tx_observaciones, id_usuario, id_status, fe_creado, fe_actualizado) VALUES (81, 'BRASVEN CORP', 4, 6, NULL, 1, 22, '2018-10-17 00:00:00', NULL);
INSERT INTO pagos.ente (id_ente, nb_ente, id_tipo_ente, id_grupo_ente, tx_observaciones, id_usuario, id_status, fe_creado, fe_actualizado) VALUES (164, 'EMBAIXADA DA REPUBLICA BOLIVARIANA', 4, 6, NULL, 1, 22, '2018-10-17 00:00:00', NULL);
INSERT INTO pagos.ente (id_ente, nb_ente, id_tipo_ente, id_grupo_ente, tx_observaciones, id_usuario, id_status, fe_creado, fe_actualizado) VALUES (121, 'CONTRATISTA TECNICOS PROFESIONALES', 4, 6, NULL, 1, 22, '2018-10-17 00:00:00', NULL);
INSERT INTO pagos.ente (id_ente, nb_ente, id_tipo_ente, id_grupo_ente, tx_observaciones, id_usuario, id_status, fe_creado, fe_actualizado) VALUES (169, 'EMBASSY OF VENEZUELA', 4, 6, NULL, 1, 22, '2018-10-17 00:00:00', NULL);
INSERT INTO pagos.ente (id_ente, nb_ente, id_tipo_ente, id_grupo_ente, tx_observaciones, id_usuario, id_status, fe_creado, fe_actualizado) VALUES (168, 'EMBAJADA DE VENEZUELA 
SANTO DOMINGO', 4, 6, NULL, 1, 22, '2018-10-17 00:00:00', NULL);
INSERT INTO pagos.ente (id_ente, nb_ente, id_tipo_ente, id_grupo_ente, tx_observaciones, id_usuario, id_status, fe_creado, fe_actualizado) VALUES (172, 'ENPING CITY HENGXIN TRADING CO LTD', 4, 6, NULL, 1, 22, '2018-10-17 00:00:00', NULL);
INSERT INTO pagos.ente (id_ente, nb_ente, id_tipo_ente, id_grupo_ente, tx_observaciones, id_usuario, id_status, fe_creado, fe_actualizado) VALUES (171, 'EMS TECHNOLOGIES CANADA LTD', 4, 6, NULL, 1, 22, '2018-10-17 00:00:00', NULL);
INSERT INTO pagos.ente (id_ente, nb_ente, id_tipo_ente, id_grupo_ente, tx_observaciones, id_usuario, id_status, fe_creado, fe_actualizado) VALUES (167, 'EMBAJADA DE LA REPUBLICA BOLIVARIANA DE VENEZUELA EN LA REPUBLICA DE BELARUS', 4, 6, NULL, 1, 22, '2018-10-17 00:00:00', NULL);
INSERT INTO pagos.ente (id_ente, nb_ente, id_tipo_ente, id_grupo_ente, tx_observaciones, id_usuario, id_status, fe_creado, fe_actualizado) VALUES (173, 'EPSILON INDUSTRIAL SUPPLY INC', 4, 6, NULL, 1, 22, '2018-10-17 00:00:00', NULL);
INSERT INTO pagos.ente (id_ente, nb_ente, id_tipo_ente, id_grupo_ente, tx_observaciones, id_usuario, id_status, fe_creado, fe_actualizado) VALUES (174, 'ERICSSON AB', 4, 6, NULL, 1, 22, '2018-10-17 00:00:00', NULL);
INSERT INTO pagos.ente (id_ente, nb_ente, id_tipo_ente, id_grupo_ente, tx_observaciones, id_usuario, id_status, fe_creado, fe_actualizado) VALUES (175, 'ESCALANTE MOTORS MERIDA C.A', 4, 6, NULL, 1, 22, '2018-10-17 00:00:00', NULL);
INSERT INTO pagos.ente (id_ente, nb_ente, id_tipo_ente, id_grupo_ente, tx_observaciones, id_usuario, id_status, fe_creado, fe_actualizado) VALUES (176, 'ESCUELA EUROPEA DE DIRECCION Y EMPRESA S.L.', 4, 6, NULL, 1, 22, '2018-10-17 00:00:00', NULL);
INSERT INTO pagos.ente (id_ente, nb_ente, id_tipo_ente, id_grupo_ente, tx_observaciones, id_usuario, id_status, fe_creado, fe_actualizado) VALUES (177, 'ESTRUCTURAS NACIONALES BRHO UNIPESS', 4, 6, NULL, 1, 22, '2018-10-17 00:00:00', NULL);
INSERT INTO pagos.ente (id_ente, nb_ente, id_tipo_ente, id_grupo_ente, tx_observaciones, id_usuario, id_status, fe_creado, fe_actualizado) VALUES (178, 'ESTRUCTURAS NACIONALES SA ENSA', 4, 6, NULL, 1, 22, '2018-10-17 00:00:00', NULL);
INSERT INTO pagos.ente (id_ente, nb_ente, id_tipo_ente, id_grupo_ente, tx_observaciones, id_usuario, id_status, fe_creado, fe_actualizado) VALUES (179, 'ETASEL MUHENDISLIK SAN.TIC.LTD.STI.', 4, 6, NULL, 1, 22, '2018-10-17 00:00:00', NULL);
INSERT INTO pagos.ente (id_ente, nb_ente, id_tipo_ente, id_grupo_ente, tx_observaciones, id_usuario, id_status, fe_creado, fe_actualizado) VALUES (180, 'ETUDE CANONICA VALTICOS AND ASSOCIES', 4, 6, NULL, 1, 22, '2018-10-17 00:00:00', NULL);
INSERT INTO pagos.ente (id_ente, nb_ente, id_tipo_ente, id_grupo_ente, tx_observaciones, id_usuario, id_status, fe_creado, fe_actualizado) VALUES (181, 'EUR MONEYCORP BANK LTD', 4, 6, NULL, 1, 22, '2018-10-17 00:00:00', NULL);
INSERT INTO pagos.ente (id_ente, nb_ente, id_tipo_ente, id_grupo_ente, tx_observaciones, id_usuario, id_status, fe_creado, fe_actualizado) VALUES (182, 'EUROCOM BROADCAST', 4, 6, NULL, 1, 22, '2018-10-17 00:00:00', NULL);
INSERT INTO pagos.ente (id_ente, nb_ente, id_tipo_ente, id_grupo_ente, tx_observaciones, id_usuario, id_status, fe_creado, fe_actualizado) VALUES (183, 'EUROESTE SA', 4, 6, NULL, 1, 22, '2018-10-17 00:00:00', NULL);
INSERT INTO pagos.ente (id_ente, nb_ente, id_tipo_ente, id_grupo_ente, tx_observaciones, id_usuario, id_status, fe_creado, fe_actualizado) VALUES (184, 'EUROMONEY TRANSFER LTD', 4, 6, NULL, 1, 22, '2018-10-17 00:00:00', NULL);
INSERT INTO pagos.ente (id_ente, nb_ente, id_tipo_ente, id_grupo_ente, tx_observaciones, id_usuario, id_status, fe_creado, fe_actualizado) VALUES (185, 'EUROPAD OIL SERVICES LDA', 4, 6, NULL, 1, 22, '2018-10-17 00:00:00', NULL);
INSERT INTO pagos.ente (id_ente, nb_ente, id_tipo_ente, id_grupo_ente, tx_observaciones, id_usuario, id_status, fe_creado, fe_actualizado) VALUES (186, 'EX-CLE S.A.', 4, 6, NULL, 1, 22, '2018-10-17 00:00:00', NULL);
INSERT INTO pagos.ente (id_ente, nb_ente, id_tipo_ente, id_grupo_ente, tx_observaciones, id_usuario, id_status, fe_creado, fe_actualizado) VALUES (187, 'FACTORY NUMBER TEN LTD', 4, 6, NULL, 1, 22, '2018-10-17 00:00:00', NULL);
INSERT INTO pagos.ente (id_ente, nb_ente, id_tipo_ente, id_grupo_ente, tx_observaciones, id_usuario, id_status, fe_creado, fe_actualizado) VALUES (188, 'FALKEN S.A', 4, 6, NULL, 1, 22, '2018-10-17 00:00:00', NULL);
INSERT INTO pagos.ente (id_ente, nb_ente, id_tipo_ente, id_grupo_ente, tx_observaciones, id_usuario, id_status, fe_creado, fe_actualizado) VALUES (189, 'FARFALA OVERSEAS CORP', 4, 6, NULL, 1, 22, '2018-10-17 00:00:00', NULL);
INSERT INTO pagos.ente (id_ente, nb_ente, id_tipo_ente, id_grupo_ente, tx_observaciones, id_usuario, id_status, fe_creado, fe_actualizado) VALUES (190, 'FB FOODS CA LIMITED / ZWETAN ZANEV ART 39', 4, 6, NULL, 1, 22, '2018-10-17 00:00:00', NULL);
INSERT INTO pagos.ente (id_ente, nb_ente, id_tipo_ente, id_grupo_ente, tx_observaciones, id_usuario, id_status, fe_creado, fe_actualizado) VALUES (191, 'FEDRIGONI BRASIL, PAPEIS, LTDA', 4, 6, NULL, 1, 22, '2018-10-17 00:00:00', NULL);
INSERT INTO pagos.ente (id_ente, nb_ente, id_tipo_ente, id_grupo_ente, tx_observaciones, id_usuario, id_status, fe_creado, fe_actualizado) VALUES (192, 'FFC APILCOR INVESTMENT', 4, 6, NULL, 1, 22, '2018-10-17 00:00:00', NULL);
INSERT INTO pagos.ente (id_ente, nb_ente, id_tipo_ente, id_grupo_ente, tx_observaciones, id_usuario, id_status, fe_creado, fe_actualizado) VALUES (329, 'O.C.M.S.R.L', 4, 6, NULL, 1, 22, '2018-10-17 00:00:00', NULL);
INSERT INTO pagos.ente (id_ente, nb_ente, id_tipo_ente, id_grupo_ente, tx_observaciones, id_usuario, id_status, fe_creado, fe_actualizado) VALUES (193, 'FFC ESCALANTE MOTORS MERIDA', 4, 6, NULL, 1, 22, '2018-10-17 00:00:00', NULL);
INSERT INTO pagos.ente (id_ente, nb_ente, id_tipo_ente, id_grupo_ente, tx_observaciones, id_usuario, id_status, fe_creado, fe_actualizado) VALUES (194, 'FFC.MESTRE MUNDO INTERNACIONAL LIMITADA', 4, 6, NULL, 1, 22, '2018-10-17 00:00:00', NULL);
INSERT INTO pagos.ente (id_ente, nb_ente, id_tipo_ente, id_grupo_ente, tx_observaciones, id_usuario, id_status, fe_creado, fe_actualizado) VALUES (195, 'FIGUES HOLDINGS INC/ZWETAN ZANEV AR', 4, 6, NULL, 1, 22, '2018-10-17 00:00:00', NULL);
INSERT INTO pagos.ente (id_ente, nb_ente, id_tipo_ente, id_grupo_ente, tx_observaciones, id_usuario, id_status, fe_creado, fe_actualizado) VALUES (196, 'FINANZES S.A', 4, 6, NULL, 1, 22, '2018-10-17 00:00:00', NULL);
INSERT INTO pagos.ente (id_ente, nb_ente, id_tipo_ente, id_grupo_ente, tx_observaciones, id_usuario, id_status, fe_creado, fe_actualizado) VALUES (197, 'FLYHIGH TRADING COMPANY LIMITED', 4, 6, NULL, 1, 22, '2018-10-17 00:00:00', NULL);
INSERT INTO pagos.ente (id_ente, nb_ente, id_tipo_ente, id_grupo_ente, tx_observaciones, id_usuario, id_status, fe_creado, fe_actualizado) VALUES (198, 'FOLEY HOAG LLP', 4, 6, NULL, 1, 22, '2018-10-17 00:00:00', NULL);
INSERT INTO pagos.ente (id_ente, nb_ente, id_tipo_ente, id_grupo_ente, tx_observaciones, id_usuario, id_status, fe_creado, fe_actualizado) VALUES (201, 'FORTRESS BANK IBU', 4, 6, NULL, 1, 22, '2018-10-17 00:00:00', NULL);
INSERT INTO pagos.ente (id_ente, nb_ente, id_tipo_ente, id_grupo_ente, tx_observaciones, id_usuario, id_status, fe_creado, fe_actualizado) VALUES (200, 'FORENSIC TECHNOLOGY (EUROPE) LTD', 4, 6, NULL, 1, 22, '2018-10-17 00:00:00', NULL);
INSERT INTO pagos.ente (id_ente, nb_ente, id_tipo_ente, id_grupo_ente, tx_observaciones, id_usuario, id_status, fe_creado, fe_actualizado) VALUES (410, 'SPFG E PAYMENTS SAPI DE CV', 4, 6, NULL, 1, 22, '2018-10-17 00:00:00', NULL);
INSERT INTO pagos.ente (id_ente, nb_ente, id_tipo_ente, id_grupo_ente, tx_observaciones, id_usuario, id_status, fe_creado, fe_actualizado) VALUES (466, 'ZURICH CH', 4, 6, NULL, 1, 22, '2018-10-17 00:00:00', NULL);
INSERT INTO pagos.ente (id_ente, nb_ente, id_tipo_ente, id_grupo_ente, tx_observaciones, id_usuario, id_status, fe_creado, fe_actualizado) VALUES (80, 'BRAGANTZ SECURITY SYSTEMS, S.L.', 4, 6, NULL, 1, 22, '2018-10-17 00:00:00', NULL);
INSERT INTO pagos.ente (id_ente, nb_ente, id_tipo_ente, id_grupo_ente, tx_observaciones, id_usuario, id_status, fe_creado, fe_actualizado) VALUES (90, 'BW PAPERSYSTEMS', 4, 6, NULL, 1, 22, '2018-10-17 00:00:00', NULL);
INSERT INTO pagos.ente (id_ente, nb_ente, id_tipo_ente, id_grupo_ente, tx_observaciones, id_usuario, id_status, fe_creado, fe_actualizado) VALUES (106, 'CIEXSA COMPANIA INTEGRADA DE EXPORTACION S.A', 4, 6, NULL, 1, 22, '2018-10-17 00:00:00', NULL);
INSERT INTO pagos.ente (id_ente, nb_ente, id_tipo_ente, id_grupo_ente, tx_observaciones, id_usuario, id_status, fe_creado, fe_actualizado) VALUES (139, 'DE LA RUE INTERNATIONAL LIMITED', 4, 6, NULL, 1, 22, '2018-10-17 00:00:00', NULL);
INSERT INTO pagos.ente (id_ente, nb_ente, id_tipo_ente, id_grupo_ente, tx_observaciones, id_usuario, id_status, fe_creado, fe_actualizado) VALUES (475, 'FONDEN', 1, 5, NULL, 4, 22, '2019-02-19 23:59:46', '2019-02-19 23:59:46');
INSERT INTO pagos.ente (id_ente, nb_ente, id_tipo_ente, id_grupo_ente, tx_observaciones, id_usuario, id_status, fe_creado, fe_actualizado) VALUES (476, 'FACTOR TRADING S.A', 4, 6, NULL, 6, 22, '2019-02-21 22:07:34', '2019-02-21 22:07:34');


--
-- TOC entry 2604 (class 0 OID 19381)
-- Dependencies: 201
-- Data for Name: esquema; Type: TABLE DATA; Schema: pagos; Owner: -
--

INSERT INTO pagos.esquema (id_esquema, nb_esquema, tx_requerimiento, id_esquema_padre, tx_observaciones, id_usuario, id_status, fe_creado, fe_actualizado) VALUES (1, 'VOI', 'NRO VOI', '0', 'N/A', 1, 22, NULL, NULL);
INSERT INTO pagos.esquema (id_esquema, nb_esquema, tx_requerimiento, id_esquema_padre, tx_observaciones, id_usuario, id_status, fe_creado, fe_actualizado) VALUES (2, 'CENCOEX', 'NRO SOLICITUD', '0', 'N/A', 1, 22, NULL, NULL);
INSERT INTO pagos.esquema (id_esquema, nb_esquema, tx_requerimiento, id_esquema_padre, tx_observaciones, id_usuario, id_status, fe_creado, fe_actualizado) VALUES (3, 'PAGOS PROPIOS BCV', 'N/A', '0', 'N/A', 1, 22, NULL, NULL);
INSERT INTO pagos.esquema (id_esquema, nb_esquema, tx_requerimiento, id_esquema_padre, tx_observaciones, id_usuario, id_status, fe_creado, fe_actualizado) VALUES (4, 'INSTRUCCION BCV', 'TIPO', '0', 'N/A', 1, 22, NULL, NULL);
INSERT INTO pagos.esquema (id_esquema, nb_esquema, tx_requerimiento, id_esquema_padre, tx_observaciones, id_usuario, id_status, fe_creado, fe_actualizado) VALUES (5, 'DEUDA', 'TIPO', '4', 'N/A', 1, 22, NULL, NULL);
INSERT INTO pagos.esquema (id_esquema, nb_esquema, tx_requerimiento, id_esquema_padre, tx_observaciones, id_usuario, id_status, fe_creado, fe_actualizado) VALUES (6, 'GASTOS REPRESENTACION', 'TIPO', '4', 'N/A', 1, 22, NULL, NULL);
INSERT INTO pagos.esquema (id_esquema, nb_esquema, tx_requerimiento, id_esquema_padre, tx_observaciones, id_usuario, id_status, fe_creado, fe_actualizado) VALUES (7, 'ONT', 'TIPO', '4', 'N/A', 1, 22, NULL, NULL);
INSERT INTO pagos.esquema (id_esquema, nb_esquema, tx_requerimiento, id_esquema_padre, tx_observaciones, id_usuario, id_status, fe_creado, fe_actualizado) VALUES (8, 'GASTO PROPIO ENTE', 'TIPO', '0', 'N/A', 1, 22, NULL, NULL);


--
-- TOC entry 2606 (class 0 OID 19389)
-- Dependencies: 203
-- Data for Name: etapa_envio; Type: TABLE DATA; Schema: pagos; Owner: -
--

INSERT INTO pagos.etapa_envio (id_etapa_envio, nb_etapa_envio, tx_observaciones, id_usuario, id_status, fe_creado, fe_actualizado) VALUES (1, 'CORRESPONSAL', NULL, 1, 22, '2018-06-08 00:00:00', NULL);
INSERT INTO pagos.etapa_envio (id_etapa_envio, nb_etapa_envio, tx_observaciones, id_usuario, id_status, fe_creado, fe_actualizado) VALUES (2, 'INTERMEDIARIO', 'N/A', 1, 22, '2018-06-08 00:00:00', NULL);
INSERT INTO pagos.etapa_envio (id_etapa_envio, nb_etapa_envio, tx_observaciones, id_usuario, id_status, fe_creado, fe_actualizado) VALUES (3, 'BENEFICIARIO', 'N/A', 1, 22, '2018-06-08 00:00:00', NULL);


--
-- TOC entry 2608 (class 0 OID 19396)
-- Dependencies: 205
-- Data for Name: grupo_banco; Type: TABLE DATA; Schema: pagos; Owner: -
--

INSERT INTO pagos.grupo_banco (id_grupo_banco, nb_grupo_banco, tx_observaciones, id_usuario, id_status, fe_creado, fe_actualizado) VALUES (1, 'RECEPTOR', NULL, 1, 22, NULL, NULL);
INSERT INTO pagos.grupo_banco (id_grupo_banco, nb_grupo_banco, tx_observaciones, id_usuario, id_status, fe_creado, fe_actualizado) VALUES (2, 'CORRESPONSAL', NULL, 1, 22, NULL, NULL);
INSERT INTO pagos.grupo_banco (id_grupo_banco, nb_grupo_banco, tx_observaciones, id_usuario, id_status, fe_creado, fe_actualizado) VALUES (3, 'BENEFICIARIO', NULL, 1, 22, NULL, NULL);
INSERT INTO pagos.grupo_banco (id_grupo_banco, nb_grupo_banco, tx_observaciones, id_usuario, id_status, fe_creado, fe_actualizado) VALUES (4, 'RESPONSABLE PAGO (NAC)', NULL, 1, 22, NULL, NULL);


--
-- TOC entry 2610 (class 0 OID 19402)
-- Dependencies: 207
-- Data for Name: grupo_ente; Type: TABLE DATA; Schema: pagos; Owner: -
--

INSERT INTO pagos.grupo_ente (id_grupo_ente, nb_grupo_ente, tx_observaciones, id_usuario, id_status, fe_creado, fe_actualizado) VALUES (5, 'SOLICITANTE', NULL, 1, 22, '2018-06-12 00:00:00', NULL);
INSERT INTO pagos.grupo_ente (id_grupo_ente, nb_grupo_ente, tx_observaciones, id_usuario, id_status, fe_creado, fe_actualizado) VALUES (6, 'PROVEEDOR', NULL, 1, 22, NULL, NULL);
INSERT INTO pagos.grupo_ente (id_grupo_ente, nb_grupo_ente, tx_observaciones, id_usuario, id_status, fe_creado, fe_actualizado) VALUES (4, 'INGRESOS', NULL, 1, 22, '2018-06-12 00:00:00', NULL);


--
-- TOC entry 2612 (class 0 OID 19408)
-- Dependencies: 209
-- Data for Name: grupo_financiero; Type: TABLE DATA; Schema: pagos; Owner: -
--

INSERT INTO pagos.grupo_financiero (id_grupo_financiero, nb_grupo_financiero, tx_observaciones, id_usuario, id_status, fe_creado, fe_actualizado) VALUES (1, 'RECEPTOR', 'N/A', 1, 22, '2018-06-08 00:00:00', NULL);
INSERT INTO pagos.grupo_financiero (id_grupo_financiero, nb_grupo_financiero, tx_observaciones, id_usuario, id_status, fe_creado, fe_actualizado) VALUES (2, 'CORRESPONSAL', 'N/A', 1, 22, '2018-06-08 00:00:00', NULL);
INSERT INTO pagos.grupo_financiero (id_grupo_financiero, nb_grupo_financiero, tx_observaciones, id_usuario, id_status, fe_creado, fe_actualizado) VALUES (3, 'BENEFICIARIO', 'N/A', 1, 22, '2018-06-08 00:00:00', NULL);
INSERT INTO pagos.grupo_financiero (id_grupo_financiero, nb_grupo_financiero, tx_observaciones, id_usuario, id_status, fe_creado, fe_actualizado) VALUES (4, 'RESPONSABLE PAGO (NAC)', 'N/A', 1, 22, '2018-06-08 00:00:00', NULL);


--
-- TOC entry 2614 (class 0 OID 19415)
-- Dependencies: 211
-- Data for Name: grupo_status; Type: TABLE DATA; Schema: pagos; Owner: -
--

INSERT INTO pagos.grupo_status (id_grupo_status, nb_grupo, tx_observaciones, id_usuario, id_status, fe_creado, fe_actualizado) VALUES (1, 'Instrución', 'N/A', 1, 22, '2018-06-08 00:00:00', NULL);
INSERT INTO pagos.grupo_status (id_grupo_status, nb_grupo, tx_observaciones, id_usuario, id_status, fe_creado, fe_actualizado) VALUES (2, 'Solicitud', 'N/A', 1, 22, '2018-06-08 00:00:00', NULL);
INSERT INTO pagos.grupo_status (id_grupo_status, nb_grupo, tx_observaciones, id_usuario, id_status, fe_creado, fe_actualizado) VALUES (3, 'Pago', 'N/A', 1, 22, '2018-06-20 00:00:00', NULL);
INSERT INTO pagos.grupo_status (id_grupo_status, nb_grupo, tx_observaciones, id_usuario, id_status, fe_creado, fe_actualizado) VALUES (4, 'Ingreso', 'N/A', 1, 22, '2018-06-20 00:00:00', NULL);
INSERT INTO pagos.grupo_status (id_grupo_status, nb_grupo, tx_observaciones, id_usuario, id_status, fe_creado, fe_actualizado) VALUES (5, 'General', 'N/A', 1, 22, '2018-06-24 00:00:00', NULL);
INSERT INTO pagos.grupo_status (id_grupo_status, nb_grupo, tx_observaciones, id_usuario, id_status, fe_creado, fe_actualizado) VALUES (6, 'Ejecucion', 'N/A', 1, 22, '2018-07-08 00:00:00', NULL);


--
-- TOC entry 2616 (class 0 OID 19422)
-- Dependencies: 213
-- Data for Name: ingreso; Type: TABLE DATA; Schema: pagos; Owner: -
--

INSERT INTO pagos.ingreso (id_ingreso, id_tipo_ingreso, id_ente, id_moneda, mo_ingreso, mo_tasa, fe_ingreso, tx_observaciones, id_usuario, id_status, fe_creado, fe_actualizado, id_banco) VALUES (2, 5, 5, 2, 24234738.23, 1.1400, '2019-01-11 00:00:00', 'Aporte de PDVSA venta por exportacion - primer aporte del año', 1, 1, '2019-01-25 19:33:00', '2019-01-25 19:33:00', 8);
INSERT INTO pagos.ingreso (id_ingreso, id_tipo_ingreso, id_ente, id_moneda, mo_ingreso, mo_tasa, fe_ingreso, tx_observaciones, id_usuario, id_status, fe_creado, fe_actualizado, id_banco) VALUES (3, 5, 5, 2, 28377562.96, 1.1300, '2019-01-18 00:00:00', 'Apote PDVSA exportacion- segundo aporte del año', 1, 1, '2019-01-25 19:34:02', '2019-01-25 19:34:02', 8);
INSERT INTO pagos.ingreso (id_ingreso, id_tipo_ingreso, id_ente, id_moneda, mo_ingreso, mo_tasa, fe_ingreso, tx_observaciones, id_usuario, id_status, fe_creado, fe_actualizado, id_banco) VALUES (5, 6, 469, 2, 26000.00, 1.1300, '2019-01-07 00:00:00', 'Venta de divisas de BAER al BCV oficio N° BSR/PRES/11/410 28/11/2018', 1, 1, '2019-01-25 22:15:57', '2019-01-25 22:15:57', 8);
INSERT INTO pagos.ingreso (id_ingreso, id_tipo_ingreso, id_ente, id_moneda, mo_ingreso, mo_tasa, fe_ingreso, tx_observaciones, id_usuario, id_status, fe_creado, fe_actualizado, id_banco) VALUES (4, 6, 469, 2, 17000.00, 1.1400, '2019-01-07 00:00:00', 'Venta de Divisas al BCV- Bolivariana de Seguros (BAER)', 1, 1, '2019-01-25 22:14:20', '2019-01-25 22:14:20', 8);
INSERT INTO pagos.ingreso (id_ingreso, id_tipo_ingreso, id_ente, id_moneda, mo_ingreso, mo_tasa, fe_ingreso, tx_observaciones, id_usuario, id_status, fe_creado, fe_actualizado, id_banco) VALUES (6, 5, 5, 2, 80000000.00, 1.1400, '2019-01-31 00:00:00', 'venta de divisas de PDVSA', 4, 1, '2019-02-12 21:50:31', '2019-02-15 15:02:18', 8);
INSERT INTO pagos.ingreso (id_ingreso, id_tipo_ingreso, id_ente, id_moneda, mo_ingreso, mo_tasa, fe_ingreso, tx_observaciones, id_usuario, id_status, fe_creado, fe_actualizado, id_banco) VALUES (8, 6, 474, 2, 500000.00, 1.1300, '2019-02-12 00:00:00', 'venta de divisas solicitada por INC dev', 4, 1, '2019-02-12 22:07:59', '2019-02-15 15:02:27', 8);
INSERT INTO pagos.ingreso (id_ingreso, id_tipo_ingreso, id_ente, id_moneda, mo_ingreso, mo_tasa, fe_ingreso, tx_observaciones, id_usuario, id_status, fe_creado, fe_actualizado, id_banco) VALUES (7, 6, 473, 2, 131417.56, 1.1400, '2019-01-30 00:00:00', 'venta de divisas de CVM a bandes', 4, 1, '2019-02-12 22:04:27', '2019-02-15 15:02:34', 8);
INSERT INTO pagos.ingreso (id_ingreso, id_tipo_ingreso, id_ente, id_moneda, mo_ingreso, mo_tasa, fe_ingreso, tx_observaciones, id_usuario, id_status, fe_creado, fe_actualizado, id_banco) VALUES (10, 5, 5, 2, 170610601.98, 1.1296, '2018-12-12 00:00:00', NULL, 4, 1, '2019-02-19 23:58:52', '2019-02-19 23:58:52', 8);
INSERT INTO pagos.ingreso (id_ingreso, id_tipo_ingreso, id_ente, id_moneda, mo_ingreso, mo_tasa, fe_ingreso, tx_observaciones, id_usuario, id_status, fe_creado, fe_actualizado, id_banco) VALUES (11, 4, 5, 2, 573600000.00, 1.1418, '2018-12-20 00:00:00', NULL, 4, 1, '2019-02-21 14:23:09', '2019-02-21 14:23:09', 8);


--
-- TOC entry 2618 (class 0 OID 19429)
-- Dependencies: 215
-- Data for Name: instruccion; Type: TABLE DATA; Schema: pagos; Owner: -
--

INSERT INTO pagos.instruccion (id_instruccion, id_solicitud, tx_concepto, id_esquema, nu_esquema, tx_ofi_cta_mte, bo_ofi_cta_mte, fe_instruccion, mo_instruccion, id_moneda, tx_observaciones, id_usuario, id_status, fe_creado, fe_actualizado) VALUES (2, 2, NULL, 3, '001-19', '001-19', true, '2019-01-07 00:00:00', 20000000.00, 2, NULL, 1, 1, '2019-01-25 22:57:36', '2019-01-25 22:57:36');
INSERT INTO pagos.instruccion (id_instruccion, id_solicitud, tx_concepto, id_esquema, nu_esquema, tx_ofi_cta_mte, bo_ofi_cta_mte, fe_instruccion, mo_instruccion, id_moneda, tx_observaciones, id_usuario, id_status, fe_creado, fe_actualizado) VALUES (3, 3, NULL, 3, '002-19', '002-19', true, '2019-01-07 00:00:00', 539160.00, 2, NULL, 1, 1, '2019-01-25 22:59:15', '2019-01-25 22:59:15');
INSERT INTO pagos.instruccion (id_instruccion, id_solicitud, tx_concepto, id_esquema, nu_esquema, tx_ofi_cta_mte, bo_ofi_cta_mte, fe_instruccion, mo_instruccion, id_moneda, tx_observaciones, id_usuario, id_status, fe_creado, fe_actualizado) VALUES (4, 4, NULL, 1, '18001711', '003-19', true, '2019-02-07 00:00:00', 15120000.00, 2, NULL, 4, 1, '2019-02-12 20:50:29', '2019-02-12 20:50:29');
INSERT INTO pagos.instruccion (id_instruccion, id_solicitud, tx_concepto, id_esquema, nu_esquema, tx_ofi_cta_mte, bo_ofi_cta_mte, fe_instruccion, mo_instruccion, id_moneda, tx_observaciones, id_usuario, id_status, fe_creado, fe_actualizado) VALUES (5, 5, NULL, 1, '18001724', '003-19', true, '2019-01-07 00:00:00', 16050000.00, 2, NULL, 4, 1, '2019-02-12 22:51:08', '2019-02-12 22:51:08');
INSERT INTO pagos.instruccion (id_instruccion, id_solicitud, tx_concepto, id_esquema, nu_esquema, tx_ofi_cta_mte, bo_ofi_cta_mte, fe_instruccion, mo_instruccion, id_moneda, tx_observaciones, id_usuario, id_status, fe_creado, fe_actualizado) VALUES (7, 7, NULL, 1, '16007238', '003-19', true, '2019-01-07 00:00:00', 17100000.00, 2, NULL, 4, 1, '2019-02-19 22:31:43', '2019-02-19 22:31:43');
INSERT INTO pagos.instruccion (id_instruccion, id_solicitud, tx_concepto, id_esquema, nu_esquema, tx_ofi_cta_mte, bo_ofi_cta_mte, fe_instruccion, mo_instruccion, id_moneda, tx_observaciones, id_usuario, id_status, fe_creado, fe_actualizado) VALUES (6, 6, NULL, 1, '18002034', '003-19', true, '2019-01-07 00:00:00', 16014072.08, 2, NULL, 4, 1, '2019-02-19 22:29:32', '2019-02-19 22:36:33');
INSERT INTO pagos.instruccion (id_instruccion, id_solicitud, tx_concepto, id_esquema, nu_esquema, tx_ofi_cta_mte, bo_ofi_cta_mte, fe_instruccion, mo_instruccion, id_moneda, tx_observaciones, id_usuario, id_status, fe_creado, fe_actualizado) VALUES (9, 9, NULL, 1, '18002079', '003-19', true, '2019-01-07 00:00:00', 9156600.00, 2, NULL, 4, 1, '2019-02-19 22:47:21', '2019-02-19 22:47:21');
INSERT INTO pagos.instruccion (id_instruccion, id_solicitud, tx_concepto, id_esquema, nu_esquema, tx_ofi_cta_mte, bo_ofi_cta_mte, fe_instruccion, mo_instruccion, id_moneda, tx_observaciones, id_usuario, id_status, fe_creado, fe_actualizado) VALUES (10, 10, NULL, 1, '18002117', '003-19', true, '2019-01-07 00:00:00', 9155755.45, 2, NULL, 4, 1, '2019-02-19 22:49:43', '2019-02-19 22:49:43');
INSERT INTO pagos.instruccion (id_instruccion, id_solicitud, tx_concepto, id_esquema, nu_esquema, tx_ofi_cta_mte, bo_ofi_cta_mte, fe_instruccion, mo_instruccion, id_moneda, tx_observaciones, id_usuario, id_status, fe_creado, fe_actualizado) VALUES (11, 11, NULL, 1, '18002291', '003-19', true, '2019-01-07 00:00:00', 9156600.00, 2, NULL, 4, 1, '2019-02-19 22:51:58', '2019-02-19 22:51:58');
INSERT INTO pagos.instruccion (id_instruccion, id_solicitud, tx_concepto, id_esquema, nu_esquema, tx_ofi_cta_mte, bo_ofi_cta_mte, fe_instruccion, mo_instruccion, id_moneda, tx_observaciones, id_usuario, id_status, fe_creado, fe_actualizado) VALUES (12, 12, NULL, 1, '19000000', '004-19', true, '2019-01-07 00:00:00', 9156600.00, 2, NULL, 4, 1, '2019-02-19 22:54:47', '2019-02-19 22:54:47');
INSERT INTO pagos.instruccion (id_instruccion, id_solicitud, tx_concepto, id_esquema, nu_esquema, tx_ofi_cta_mte, bo_ofi_cta_mte, fe_instruccion, mo_instruccion, id_moneda, tx_observaciones, id_usuario, id_status, fe_creado, fe_actualizado) VALUES (13, 13, NULL, 1, '18002193', '003-19', true, '2019-01-07 00:00:00', 139024071.17, 2, NULL, 4, 1, '2019-02-20 00:11:00', '2019-02-20 00:11:00');
INSERT INTO pagos.instruccion (id_instruccion, id_solicitud, tx_concepto, id_esquema, nu_esquema, tx_ofi_cta_mte, bo_ofi_cta_mte, fe_instruccion, mo_instruccion, id_moneda, tx_observaciones, id_usuario, id_status, fe_creado, fe_actualizado) VALUES (14, 15, NULL, 1, '18002193', '005-19', true, '2019-01-09 00:00:00', 6999066.58, 2, NULL, 4, 1, '2019-02-21 15:06:02', '2019-02-21 15:06:02');
INSERT INTO pagos.instruccion (id_instruccion, id_solicitud, tx_concepto, id_esquema, nu_esquema, tx_ofi_cta_mte, bo_ofi_cta_mte, fe_instruccion, mo_instruccion, id_moneda, tx_observaciones, id_usuario, id_status, fe_creado, fe_actualizado) VALUES (16, 16, NULL, 1, '18002193', '005-19', true, '2019-01-09 00:00:00', 6999066.58, 2, NULL, 4, 1, '2019-02-21 15:07:38', '2019-02-21 15:07:38');
INSERT INTO pagos.instruccion (id_instruccion, id_solicitud, tx_concepto, id_esquema, nu_esquema, tx_ofi_cta_mte, bo_ofi_cta_mte, fe_instruccion, mo_instruccion, id_moneda, tx_observaciones, id_usuario, id_status, fe_creado, fe_actualizado) VALUES (18, 18, NULL, 1, '18002193', '007-19', true, '2019-01-10 00:00:00', 1535492.21, 2, NULL, 4, 1, '2019-02-21 15:38:14', '2019-02-21 15:38:14');
INSERT INTO pagos.instruccion (id_instruccion, id_solicitud, tx_concepto, id_esquema, nu_esquema, tx_ofi_cta_mte, bo_ofi_cta_mte, fe_instruccion, mo_instruccion, id_moneda, tx_observaciones, id_usuario, id_status, fe_creado, fe_actualizado) VALUES (19, 19, NULL, 1, '18002193', '008-18', true, '2019-01-10 00:00:00', 11098403.00, 2, NULL, 4, 1, '2019-02-21 17:04:43', '2019-02-21 17:04:43');
INSERT INTO pagos.instruccion (id_instruccion, id_solicitud, tx_concepto, id_esquema, nu_esquema, tx_ofi_cta_mte, bo_ofi_cta_mte, fe_instruccion, mo_instruccion, id_moneda, tx_observaciones, id_usuario, id_status, fe_creado, fe_actualizado) VALUES (21, 21, NULL, 1, '18002193', '009-19', true, '2019-01-11 00:00:00', 1300000.00, 2, NULL, 4, 1, '2019-02-22 01:46:56', '2019-02-22 01:46:56');
INSERT INTO pagos.instruccion (id_instruccion, id_solicitud, tx_concepto, id_esquema, nu_esquema, tx_ofi_cta_mte, bo_ofi_cta_mte, fe_instruccion, mo_instruccion, id_moneda, tx_observaciones, id_usuario, id_status, fe_creado, fe_actualizado) VALUES (22, 22, NULL, 1, '16007427', '003-19', true, '2019-01-07 00:00:00', 1890000.00, 2, NULL, 4, 1, '2019-02-22 22:04:51', '2019-02-22 22:04:51');
INSERT INTO pagos.instruccion (id_instruccion, id_solicitud, tx_concepto, id_esquema, nu_esquema, tx_ofi_cta_mte, bo_ofi_cta_mte, fe_instruccion, mo_instruccion, id_moneda, tx_observaciones, id_usuario, id_status, fe_creado, fe_actualizado) VALUES (23, 20, NULL, 1, '18002193', '005/009-19', true, '2019-01-11 00:00:00', 773000.00, 2, NULL, 4, 1, '2019-02-22 22:09:48', '2019-02-22 22:09:48');


--
-- TOC entry 2620 (class 0 OID 19435)
-- Dependencies: 217
-- Data for Name: menu; Type: TABLE DATA; Schema: pagos; Owner: -
--

INSERT INTO pagos.menu (id_menu, id_modulo, nb_menu, tx_url, tx_icon, tx_extra, nu_orden, id_menu_base, tx_observaciones, id_usuario, id_status, fe_creado, fe_actualizado) VALUES (1, 1, 'Inicio', '/home', 'home', NULL, 1, 0, 'N/A', 1, 1, NULL, NULL);
INSERT INTO pagos.menu (id_menu, id_modulo, nb_menu, tx_url, tx_icon, tx_extra, nu_orden, id_menu_base, tx_observaciones, id_usuario, id_status, fe_creado, fe_actualizado) VALUES (2, 1, 'Ingresos', '/ingreso', 'monetization_on', NULL, 2, 0, 'N/A', 1, 1, NULL, NULL);
INSERT INTO pagos.menu (id_menu, id_modulo, nb_menu, tx_url, tx_icon, tx_extra, nu_orden, id_menu_base, tx_observaciones, id_usuario, id_status, fe_creado, fe_actualizado) VALUES (3, 1, 'Solicitudes', '/solicitud', 'record_voice_over', NULL, 3, 0, 'N/A', 1, 1, NULL, NULL);
INSERT INTO pagos.menu (id_menu, id_modulo, nb_menu, tx_url, tx_icon, tx_extra, nu_orden, id_menu_base, tx_observaciones, id_usuario, id_status, fe_creado, fe_actualizado) VALUES (4, 1, 'Intrucciones', '/instruccion', 'playlist_add_check', NULL, 4, 0, 'N/A', 1, 1, NULL, NULL);
INSERT INTO pagos.menu (id_menu, id_modulo, nb_menu, tx_url, tx_icon, tx_extra, nu_orden, id_menu_base, tx_observaciones, id_usuario, id_status, fe_creado, fe_actualizado) VALUES (5, 1, 'Pagos', '/pago', 'assignment_returned', NULL, 5, 0, 'N/A', 1, 1, NULL, NULL);
INSERT INTO pagos.menu (id_menu, id_modulo, nb_menu, tx_url, tx_icon, tx_extra, nu_orden, id_menu_base, tx_observaciones, id_usuario, id_status, fe_creado, fe_actualizado) VALUES (6, 1, 'Cuentas', '/cuenta', 'assessment', NULL, 6, 0, 'N/A', 1, 1, NULL, NULL);
INSERT INTO pagos.menu (id_menu, id_modulo, nb_menu, tx_url, tx_icon, tx_extra, nu_orden, id_menu_base, tx_observaciones, id_usuario, id_status, fe_creado, fe_actualizado) VALUES (15, 3, 'Reportes', '/', 'description', NULL, 0, 0, 'N/A', 1, 1, NULL, NULL);
INSERT INTO pagos.menu (id_menu, id_modulo, nb_menu, tx_url, tx_icon, tx_extra, nu_orden, id_menu_base, tx_observaciones, id_usuario, id_status, fe_creado, fe_actualizado) VALUES (22, 4, 'Admnistracion', '/', 'person', NULL, 0, 0, 'N/A', 1, 1, NULL, NULL);
INSERT INTO pagos.menu (id_menu, id_modulo, nb_menu, tx_url, tx_icon, tx_extra, nu_orden, id_menu_base, tx_observaciones, id_usuario, id_status, fe_creado, fe_actualizado) VALUES (7, 2, 'Datos Maestros', '/', 'assignment', NULL, 0, 0, 'N/A', 1, 1, NULL, NULL);
INSERT INTO pagos.menu (id_menu, id_modulo, nb_menu, tx_url, tx_icon, tx_extra, nu_orden, id_menu_base, tx_observaciones, id_usuario, id_status, fe_creado, fe_actualizado) VALUES (9, 2, 'Banco', '/banco', 'account_balance', NULL, 1, 7, 'N/A', 1, 1, NULL, NULL);
INSERT INTO pagos.menu (id_menu, id_modulo, nb_menu, tx_url, tx_icon, tx_extra, nu_orden, id_menu_base, tx_observaciones, id_usuario, id_status, fe_creado, fe_actualizado) VALUES (10, 2, 'Entes', '/ente', 'store_mall_directory', NULL, 2, 7, 'N/A', 1, 1, NULL, NULL);
INSERT INTO pagos.menu (id_menu, id_modulo, nb_menu, tx_url, tx_icon, tx_extra, nu_orden, id_menu_base, tx_observaciones, id_usuario, id_status, fe_creado, fe_actualizado) VALUES (11, 2, 'Categorias de Pago', '/categoria', 'format_list_numbered', NULL, 3, 7, 'N/A', 1, 1, NULL, NULL);
INSERT INTO pagos.menu (id_menu, id_modulo, nb_menu, tx_url, tx_icon, tx_extra, nu_orden, id_menu_base, tx_observaciones, id_usuario, id_status, fe_creado, fe_actualizado) VALUES (12, 2, 'Monedas', '/moneda', 'attach_money', NULL, 4, 7, 'N/A', 1, 1, NULL, NULL);
INSERT INTO pagos.menu (id_menu, id_modulo, nb_menu, tx_url, tx_icon, tx_extra, nu_orden, id_menu_base, tx_observaciones, id_usuario, id_status, fe_creado, fe_actualizado) VALUES (13, 2, 'Esquema de Pago', '/esquema', 'view_quilt', NULL, 5, 7, 'N/A', 1, 1, NULL, NULL);
INSERT INTO pagos.menu (id_menu, id_modulo, nb_menu, tx_url, tx_icon, tx_extra, nu_orden, id_menu_base, tx_observaciones, id_usuario, id_status, fe_creado, fe_actualizado) VALUES (14, 2, 'Tipo de Ingreso', '/tipoIngreso', 'move_to_inbox', NULL, 6, 7, 'N/A', 1, 1, NULL, NULL);
INSERT INTO pagos.menu (id_menu, id_modulo, nb_menu, tx_url, tx_icon, tx_extra, nu_orden, id_menu_base, tx_observaciones, id_usuario, id_status, fe_creado, fe_actualizado) VALUES (16, 3, 'General', '/reportes/general', 'description', NULL, 1, 15, 'N/A', 1, 1, NULL, NULL);
INSERT INTO pagos.menu (id_menu, id_modulo, nb_menu, tx_url, tx_icon, tx_extra, nu_orden, id_menu_base, tx_observaciones, id_usuario, id_status, fe_creado, fe_actualizado) VALUES (17, 3, 'Solicitudes', '/reportes/solicitud', 'description', NULL, 3, 15, 'N/A', 1, 1, NULL, NULL);
INSERT INTO pagos.menu (id_menu, id_modulo, nb_menu, tx_url, tx_icon, tx_extra, nu_orden, id_menu_base, tx_observaciones, id_usuario, id_status, fe_creado, fe_actualizado) VALUES (18, 3, 'Ingresos', '/reportes/ingreso', 'description', NULL, 2, 15, 'N/A', 1, 1, NULL, NULL);
INSERT INTO pagos.menu (id_menu, id_modulo, nb_menu, tx_url, tx_icon, tx_extra, nu_orden, id_menu_base, tx_observaciones, id_usuario, id_status, fe_creado, fe_actualizado) VALUES (19, 3, 'Intrucciones', '/reportes/instruccion', 'description', NULL, 4, 15, 'N/A', 1, 1, NULL, NULL);
INSERT INTO pagos.menu (id_menu, id_modulo, nb_menu, tx_url, tx_icon, tx_extra, nu_orden, id_menu_base, tx_observaciones, id_usuario, id_status, fe_creado, fe_actualizado) VALUES (20, 3, 'Bitacora', '/reportes/bitacora', 'description', NULL, 5, 15, 'N/A', 1, 1, NULL, NULL);
INSERT INTO pagos.menu (id_menu, id_modulo, nb_menu, tx_url, tx_icon, tx_extra, nu_orden, id_menu_base, tx_observaciones, id_usuario, id_status, fe_creado, fe_actualizado) VALUES (21, 3, 'Bancos', '/reportes/banco', 'description', NULL, 6, 15, 'N/A', 1, 1, NULL, NULL);
INSERT INTO pagos.menu (id_menu, id_modulo, nb_menu, tx_url, tx_icon, tx_extra, nu_orden, id_menu_base, tx_observaciones, id_usuario, id_status, fe_creado, fe_actualizado) VALUES (23, 4, 'Usuarios', '/usuario', 'person', NULL, 1, 22, 'N/A', 1, 1, NULL, NULL);


--
-- TOC entry 2622 (class 0 OID 19442)
-- Dependencies: 219
-- Data for Name: modulo; Type: TABLE DATA; Schema: pagos; Owner: -
--

INSERT INTO pagos.modulo (id_modulo, nb_modulo, tx_icono, tx_extra, tx_observaciones, id_usuario, id_status, fe_creado, fe_actualizado) VALUES (1, 'Modulos', NULL, NULL, 'N/A', 1, 1, NULL, NULL);
INSERT INTO pagos.modulo (id_modulo, nb_modulo, tx_icono, tx_extra, tx_observaciones, id_usuario, id_status, fe_creado, fe_actualizado) VALUES (2, 'Datos Maestros', NULL, NULL, 'N/A', 1, 1, NULL, NULL);
INSERT INTO pagos.modulo (id_modulo, nb_modulo, tx_icono, tx_extra, tx_observaciones, id_usuario, id_status, fe_creado, fe_actualizado) VALUES (3, 'Reportes', NULL, NULL, 'N/A', 1, 1, NULL, NULL);
INSERT INTO pagos.modulo (id_modulo, nb_modulo, tx_icono, tx_extra, tx_observaciones, id_usuario, id_status, fe_creado, fe_actualizado) VALUES (4, 'Administracion', NULL, NULL, 'N/A', 1, 1, NULL, NULL);


--
-- TOC entry 2624 (class 0 OID 19449)
-- Dependencies: 221
-- Data for Name: moneda; Type: TABLE DATA; Schema: pagos; Owner: -
--

INSERT INTO pagos.moneda (id_moneda, nb_moneda, co_moneda, tx_signo, tx_observaciones, id_usuario, id_status, fe_creado, fe_actualizado) VALUES (1, 'Dolar', 'USD', '$', 'N/A', 1, 22, '2018-06-08 00:00:00', NULL);
INSERT INTO pagos.moneda (id_moneda, nb_moneda, co_moneda, tx_signo, tx_observaciones, id_usuario, id_status, fe_creado, fe_actualizado) VALUES (2, 'Euro', 'EUR', '€', 'N/A', 1, 22, '2018-06-08 00:00:00', NULL);
INSERT INTO pagos.moneda (id_moneda, nb_moneda, co_moneda, tx_signo, tx_observaciones, id_usuario, id_status, fe_creado, fe_actualizado) VALUES (3, 'Reminbi', 'RMB', '¥', 'N/A', 1, 22, '2018-06-08 00:00:00', NULL);
INSERT INTO pagos.moneda (id_moneda, nb_moneda, co_moneda, tx_signo, tx_observaciones, id_usuario, id_status, fe_creado, fe_actualizado) VALUES (4, 'Rublo', 'RUB', '₽', 'N/A', 1, 22, '2018-06-08 00:00:00', NULL);
INSERT INTO pagos.moneda (id_moneda, nb_moneda, co_moneda, tx_signo, tx_observaciones, id_usuario, id_status, fe_creado, fe_actualizado) VALUES (5, 'Dirham', 'AED', 'Dhs', 'N/A', 1, 22, '2018-06-08 00:00:00', NULL);


--
-- TOC entry 2625 (class 0 OID 19454)
-- Dependencies: 222
-- Data for Name: movimiento; Type: TABLE DATA; Schema: pagos; Owner: -
--

INSERT INTO pagos.movimiento (id_movimiento, nu_movimiento, nb_modulo, tx_tipomov, mo_movimiento, fe_movimiento, tx_observaciones, id_usuario, id_status, fe_creado, fe_actualizado, id_moneda) VALUES (2, 2, 'Ingreso', 'Crédito', 24234738.23, '2019-01-25 15:33:00', 'Aporte de PDVSA venta por exportacion - primer aporte del año', 1, 1, '2019-01-25 15:33:00', NULL, 2);
INSERT INTO pagos.movimiento (id_movimiento, nu_movimiento, nb_modulo, tx_tipomov, mo_movimiento, fe_movimiento, tx_observaciones, id_usuario, id_status, fe_creado, fe_actualizado, id_moneda) VALUES (3, 3, 'Ingreso', 'Crédito', 28377562.96, '2019-01-25 15:34:03', 'Apote PDVSA exportacion- segundo aporte del año', 1, 1, '2019-01-25 15:34:03', NULL, 2);
INSERT INTO pagos.movimiento (id_movimiento, nu_movimiento, nb_modulo, tx_tipomov, mo_movimiento, fe_movimiento, tx_observaciones, id_usuario, id_status, fe_creado, fe_actualizado, id_moneda) VALUES (5, 5, 'Ingreso', 'Crédito', 26000.00, '2019-01-25 18:15:57', 'Venta de divisas de BAER al BCV oficio N° BSR/PRES/11/410 28/11/2018', 1, 1, '2019-01-25 18:15:57', NULL, 2);
INSERT INTO pagos.movimiento (id_movimiento, nu_movimiento, nb_modulo, tx_tipomov, mo_movimiento, fe_movimiento, tx_observaciones, id_usuario, id_status, fe_creado, fe_actualizado, id_moneda) VALUES (4, 4, 'Ingreso', 'Crédito', 17000.00, '2019-01-25 18:14:21', 'Venta de Divisas al BCV- Bolivariana de Seguros (BAER)', 1, 1, '2019-01-25 18:14:21', NULL, 2);
INSERT INTO pagos.movimiento (id_movimiento, nu_movimiento, nb_modulo, tx_tipomov, mo_movimiento, fe_movimiento, tx_observaciones, id_usuario, id_status, fe_creado, fe_actualizado, id_moneda) VALUES (9, 2, 'Pago', 'Débito', 8674050.00, '2019-01-29 09:34:36', NULL, 1, 31, '2019-01-29 09:34:36', NULL, 1);
INSERT INTO pagos.movimiento (id_movimiento, nu_movimiento, nb_modulo, tx_tipomov, mo_movimiento, fe_movimiento, tx_observaciones, id_usuario, id_status, fe_creado, fe_actualizado, id_moneda) VALUES (10, 3, 'Pago', 'Débito', 6305833.00, '2019-01-29 09:46:51', NULL, 1, 31, '2019-01-29 09:46:51', NULL, 2);
INSERT INTO pagos.movimiento (id_movimiento, nu_movimiento, nb_modulo, tx_tipomov, mo_movimiento, fe_movimiento, tx_observaciones, id_usuario, id_status, fe_creado, fe_actualizado, id_moneda) VALUES (11, 4, 'Pago', 'Débito', 4059000.00, '2019-02-13 12:01:36', 'Des 178 0786 BCV', 6, 31, '2019-02-13 12:01:36', NULL, 2);
INSERT INTO pagos.movimiento (id_movimiento, nu_movimiento, nb_modulo, tx_tipomov, mo_movimiento, fe_movimiento, tx_observaciones, id_usuario, id_status, fe_creado, fe_actualizado, id_moneda) VALUES (12, 5, 'Pago', 'Débito', 13573980.00, '2019-02-13 12:32:14', NULL, 6, 31, '2019-02-13 12:32:14', NULL, 2);
INSERT INTO pagos.movimiento (id_movimiento, nu_movimiento, nb_modulo, tx_tipomov, mo_movimiento, fe_movimiento, tx_observaciones, id_usuario, id_status, fe_creado, fe_actualizado, id_moneda) VALUES (13, 6, 'Pago', 'Débito', 1508220.00, '2019-02-13 12:33:12', NULL, 6, 31, '2019-02-13 12:33:12', NULL, 2);
INSERT INTO pagos.movimiento (id_movimiento, nu_movimiento, nb_modulo, tx_tipomov, mo_movimiento, fe_movimiento, tx_observaciones, id_usuario, id_status, fe_creado, fe_actualizado, id_moneda) VALUES (14, 8, 'Pago', 'Débito', 14408887.50, '2019-02-13 12:34:43', NULL, 6, 31, '2019-02-13 12:34:43', NULL, 2);
INSERT INTO pagos.movimiento (id_movimiento, nu_movimiento, nb_modulo, tx_tipomov, mo_movimiento, fe_movimiento, tx_observaciones, id_usuario, id_status, fe_creado, fe_actualizado, id_moneda) VALUES (15, 7, 'Pago', 'Débito', 1600987.50, '2019-02-13 12:35:01', NULL, 6, 31, '2019-02-13 12:35:01', NULL, 2);
INSERT INTO pagos.movimiento (id_movimiento, nu_movimiento, nb_modulo, tx_tipomov, mo_movimiento, fe_movimiento, tx_observaciones, id_usuario, id_status, fe_creado, fe_actualizado, id_moneda) VALUES (26, 6, 'Ingreso', 'Crédito', 80000000.00, '2019-02-15 11:02:18', 'venta de divisas de PDVSA', 4, 1, '2019-02-15 11:02:18', NULL, 2);
INSERT INTO pagos.movimiento (id_movimiento, nu_movimiento, nb_modulo, tx_tipomov, mo_movimiento, fe_movimiento, tx_observaciones, id_usuario, id_status, fe_creado, fe_actualizado, id_moneda) VALUES (27, 8, 'Ingreso', 'Crédito', 500000.00, '2019-02-15 11:02:28', 'venta de divisas solicitada por INC dev', 4, 1, '2019-02-15 11:02:28', NULL, 2);
INSERT INTO pagos.movimiento (id_movimiento, nu_movimiento, nb_modulo, tx_tipomov, mo_movimiento, fe_movimiento, tx_observaciones, id_usuario, id_status, fe_creado, fe_actualizado, id_moneda) VALUES (28, 7, 'Ingreso', 'Crédito', 131417.56, '2019-02-15 11:02:34', 'venta de divisas de CVM a bandes', 4, 1, '2019-02-15 11:02:34', NULL, 2);
INSERT INTO pagos.movimiento (id_movimiento, nu_movimiento, nb_modulo, tx_tipomov, mo_movimiento, fe_movimiento, tx_observaciones, id_usuario, id_status, fe_creado, fe_actualizado, id_moneda) VALUES (29, 10, 'Ingreso', 'Crédito', 170610601.98, '2019-02-19 19:58:53', NULL, 4, 1, '2019-02-19 19:58:53', NULL, 2);
INSERT INTO pagos.movimiento (id_movimiento, nu_movimiento, nb_modulo, tx_tipomov, mo_movimiento, fe_movimiento, tx_observaciones, id_usuario, id_status, fe_creado, fe_actualizado, id_moneda) VALUES (30, 15, 'Pago', 'Débito', 972836.75, '2019-02-20 10:03:23', NULL, 6, 31, '2019-02-20 10:03:23', NULL, 1);
INSERT INTO pagos.movimiento (id_movimiento, nu_movimiento, nb_modulo, tx_tipomov, mo_movimiento, fe_movimiento, tx_observaciones, id_usuario, id_status, fe_creado, fe_actualizado, id_moneda) VALUES (31, 14, 'Pago', 'Débito', 23152209.12, '2019-02-20 10:04:19', NULL, 6, 31, '2019-02-20 10:04:19', NULL, 1);
INSERT INTO pagos.movimiento (id_movimiento, nu_movimiento, nb_modulo, tx_tipomov, mo_movimiento, fe_movimiento, tx_observaciones, id_usuario, id_status, fe_creado, fe_actualizado, id_moneda) VALUES (32, 13, 'Pago', 'Débito', 2269059.50, '2019-02-20 10:06:38', NULL, 6, 31, '2019-02-20 10:06:38', NULL, 1);
INSERT INTO pagos.movimiento (id_movimiento, nu_movimiento, nb_modulo, tx_tipomov, mo_movimiento, fe_movimiento, tx_observaciones, id_usuario, id_status, fe_creado, fe_actualizado, id_moneda) VALUES (33, 16, 'Pago', 'Débito', 1843763.97, '2019-02-20 10:07:19', NULL, 6, 31, '2019-02-20 10:07:19', NULL, 1);
INSERT INTO pagos.movimiento (id_movimiento, nu_movimiento, nb_modulo, tx_tipomov, mo_movimiento, fe_movimiento, tx_observaciones, id_usuario, id_status, fe_creado, fe_actualizado, id_moneda) VALUES (34, 17, 'Pago', 'Débito', 617763.51, '2019-02-20 10:08:37', NULL, 6, 31, '2019-02-20 10:08:37', NULL, 1);
INSERT INTO pagos.movimiento (id_movimiento, nu_movimiento, nb_modulo, tx_tipomov, mo_movimiento, fe_movimiento, tx_observaciones, id_usuario, id_status, fe_creado, fe_actualizado, id_moneda) VALUES (35, 18, 'Pago', 'Débito', 1112191.77, '2019-02-20 10:09:19', NULL, 6, 31, '2019-02-20 10:09:19', NULL, 1);
INSERT INTO pagos.movimiento (id_movimiento, nu_movimiento, nb_modulo, tx_tipomov, mo_movimiento, fe_movimiento, tx_observaciones, id_usuario, id_status, fe_creado, fe_actualizado, id_moneda) VALUES (36, 15, 'Pago', 'Crédito', 972836.75, '2019-02-20 10:21:14', NULL, 6, 27, '2019-02-20 10:21:14', NULL, 1);
INSERT INTO pagos.movimiento (id_movimiento, nu_movimiento, nb_modulo, tx_tipomov, mo_movimiento, fe_movimiento, tx_observaciones, id_usuario, id_status, fe_creado, fe_actualizado, id_moneda) VALUES (37, 14, 'Pago', 'Crédito', 23152209.12, '2019-02-20 10:32:33', NULL, 6, 27, '2019-02-20 10:32:33', NULL, 1);
INSERT INTO pagos.movimiento (id_movimiento, nu_movimiento, nb_modulo, tx_tipomov, mo_movimiento, fe_movimiento, tx_observaciones, id_usuario, id_status, fe_creado, fe_actualizado, id_moneda) VALUES (38, 13, 'Pago', 'Crédito', 2269059.50, '2019-02-20 10:32:54', NULL, 6, 27, '2019-02-20 10:32:54', NULL, 1);
INSERT INTO pagos.movimiento (id_movimiento, nu_movimiento, nb_modulo, tx_tipomov, mo_movimiento, fe_movimiento, tx_observaciones, id_usuario, id_status, fe_creado, fe_actualizado, id_moneda) VALUES (39, 16, 'Pago', 'Crédito', 1843763.97, '2019-02-20 10:33:03', NULL, 6, 27, '2019-02-20 10:33:03', NULL, 1);
INSERT INTO pagos.movimiento (id_movimiento, nu_movimiento, nb_modulo, tx_tipomov, mo_movimiento, fe_movimiento, tx_observaciones, id_usuario, id_status, fe_creado, fe_actualizado, id_moneda) VALUES (40, 17, 'Pago', 'Crédito', 617763.51, '2019-02-20 10:33:12', NULL, 6, 27, '2019-02-20 10:33:12', NULL, 1);
INSERT INTO pagos.movimiento (id_movimiento, nu_movimiento, nb_modulo, tx_tipomov, mo_movimiento, fe_movimiento, tx_observaciones, id_usuario, id_status, fe_creado, fe_actualizado, id_moneda) VALUES (41, 18, 'Pago', 'Crédito', 1112191.77, '2019-02-20 10:33:21', NULL, 6, 27, '2019-02-20 10:33:21', NULL, 1);
INSERT INTO pagos.movimiento (id_movimiento, nu_movimiento, nb_modulo, tx_tipomov, mo_movimiento, fe_movimiento, tx_observaciones, id_usuario, id_status, fe_creado, fe_actualizado, id_moneda) VALUES (42, 17, 'Pago', 'Débito', 538778.57, '2019-02-20 11:16:20', NULL, 6, 31, '2019-02-20 11:16:20', NULL, 1);
INSERT INTO pagos.movimiento (id_movimiento, nu_movimiento, nb_modulo, tx_tipomov, mo_movimiento, fe_movimiento, tx_observaciones, id_usuario, id_status, fe_creado, fe_actualizado, id_moneda) VALUES (43, 15, 'Pago', 'Débito', 848453.47, '2019-02-20 11:17:03', NULL, 6, 31, '2019-02-20 11:17:03', NULL, 1);
INSERT INTO pagos.movimiento (id_movimiento, nu_movimiento, nb_modulo, tx_tipomov, mo_movimiento, fe_movimiento, tx_observaciones, id_usuario, id_status, fe_creado, fe_actualizado, id_moneda) VALUES (44, 18, 'Pago', 'Débito', 969991.08, '2019-02-20 11:17:30', NULL, 6, 31, '2019-02-20 11:17:30', NULL, 1);
INSERT INTO pagos.movimiento (id_movimiento, nu_movimiento, nb_modulo, tx_tipomov, mo_movimiento, fe_movimiento, tx_observaciones, id_usuario, id_status, fe_creado, fe_actualizado, id_moneda) VALUES (45, 14, 'Pago', 'Débito', 20192054.00, '2019-02-20 11:18:02', NULL, 6, 31, '2019-02-20 11:18:02', NULL, 1);
INSERT INTO pagos.movimiento (id_movimiento, nu_movimiento, nb_modulo, tx_tipomov, mo_movimiento, fe_movimiento, tx_observaciones, id_usuario, id_status, fe_creado, fe_actualizado, id_moneda) VALUES (46, 13, 'Pago', 'Débito', 1957266.89, '2019-02-20 11:18:40', NULL, 6, 31, '2019-02-20 11:18:40', NULL, 1);
INSERT INTO pagos.movimiento (id_movimiento, nu_movimiento, nb_modulo, tx_tipomov, mo_movimiento, fe_movimiento, tx_observaciones, id_usuario, id_status, fe_creado, fe_actualizado, id_moneda) VALUES (47, 16, 'Pago', 'Débito', 1608027.18, '2019-02-20 11:19:28', NULL, 6, 31, '2019-02-20 11:19:28', NULL, 1);
INSERT INTO pagos.movimiento (id_movimiento, nu_movimiento, nb_modulo, tx_tipomov, mo_movimiento, fe_movimiento, tx_observaciones, id_usuario, id_status, fe_creado, fe_actualizado, id_moneda) VALUES (48, 20, 'Pago', 'Débito', 4360718.65, '2019-02-20 15:36:44', NULL, 6, 31, '2019-02-20 15:36:44', NULL, 1);
INSERT INTO pagos.movimiento (id_movimiento, nu_movimiento, nb_modulo, tx_tipomov, mo_movimiento, fe_movimiento, tx_observaciones, id_usuario, id_status, fe_creado, fe_actualizado, id_moneda) VALUES (49, 22, 'Pago', 'Débito', 4356357.93, '2019-02-20 15:37:41', NULL, 6, 31, '2019-02-20 15:37:41', NULL, 1);
INSERT INTO pagos.movimiento (id_movimiento, nu_movimiento, nb_modulo, tx_tipomov, mo_movimiento, fe_movimiento, tx_observaciones, id_usuario, id_status, fe_creado, fe_actualizado, id_moneda) VALUES (50, 21, 'Pago', 'Débito', 4360718.65, '2019-02-20 15:38:26', NULL, 6, 31, '2019-02-20 15:38:26', NULL, 1);
INSERT INTO pagos.movimiento (id_movimiento, nu_movimiento, nb_modulo, tx_tipomov, mo_movimiento, fe_movimiento, tx_observaciones, id_usuario, id_status, fe_creado, fe_actualizado, id_moneda) VALUES (51, 20, 'Pago', 'Crédito', 4360718.65, '2019-02-20 15:39:51', NULL, 6, 27, '2019-02-20 15:39:51', NULL, 1);
INSERT INTO pagos.movimiento (id_movimiento, nu_movimiento, nb_modulo, tx_tipomov, mo_movimiento, fe_movimiento, tx_observaciones, id_usuario, id_status, fe_creado, fe_actualizado, id_moneda) VALUES (52, 20, 'Pago', 'Débito', 4360718.65, '2019-02-20 15:40:07', NULL, 6, 31, '2019-02-20 15:40:07', NULL, 1);
INSERT INTO pagos.movimiento (id_movimiento, nu_movimiento, nb_modulo, tx_tipomov, mo_movimiento, fe_movimiento, tx_observaciones, id_usuario, id_status, fe_creado, fe_actualizado, id_moneda) VALUES (53, 26, 'Pago', 'Débito', 4360000.00, '2019-02-20 15:40:59', NULL, 6, 31, '2019-02-20 15:40:59', NULL, 1);
INSERT INTO pagos.movimiento (id_movimiento, nu_movimiento, nb_modulo, tx_tipomov, mo_movimiento, fe_movimiento, tx_observaciones, id_usuario, id_status, fe_creado, fe_actualizado, id_moneda) VALUES (54, 25, 'Pago', 'Débito', 4288009.29, '2019-02-20 15:41:24', NULL, 6, 31, '2019-02-20 15:41:24', NULL, 1);
INSERT INTO pagos.movimiento (id_movimiento, nu_movimiento, nb_modulo, tx_tipomov, mo_movimiento, fe_movimiento, tx_observaciones, id_usuario, id_status, fe_creado, fe_actualizado, id_moneda) VALUES (55, 31, 'Pago', 'Débito', 13082155.94, '2019-02-20 15:42:42', NULL, 6, 31, '2019-02-20 15:42:42', NULL, 1);
INSERT INTO pagos.movimiento (id_movimiento, nu_movimiento, nb_modulo, tx_tipomov, mo_movimiento, fe_movimiento, tx_observaciones, id_usuario, id_status, fe_creado, fe_actualizado, id_moneda) VALUES (56, 11, 'Ingreso', 'Crédito', 573600000.00, '2019-02-21 10:23:10', NULL, 4, 1, '2019-02-21 10:23:10', NULL, 2);
INSERT INTO pagos.movimiento (id_movimiento, nu_movimiento, nb_modulo, tx_tipomov, mo_movimiento, fe_movimiento, tx_observaciones, id_usuario, id_status, fe_creado, fe_actualizado, id_moneda) VALUES (57, 34, 'Pago', 'Débito', 10903951.02, '2019-02-21 10:43:11', NULL, 6, 31, '2019-02-21 10:43:11', NULL, 1);
INSERT INTO pagos.movimiento (id_movimiento, nu_movimiento, nb_modulo, tx_tipomov, mo_movimiento, fe_movimiento, tx_observaciones, id_usuario, id_status, fe_creado, fe_actualizado, id_moneda) VALUES (58, 35, 'Pago', 'Débito', 8719155.99, '2019-02-21 10:46:33', NULL, 6, 31, '2019-02-21 10:46:33', NULL, 1);
INSERT INTO pagos.movimiento (id_movimiento, nu_movimiento, nb_modulo, tx_tipomov, mo_movimiento, fe_movimiento, tx_observaciones, id_usuario, id_status, fe_creado, fe_actualizado, id_moneda) VALUES (59, 35, 'Pago', 'Crédito', 4281437.00, '2019-02-21 10:59:13', NULL, 6, 27, '2019-02-21 10:59:13', NULL, 1);
INSERT INTO pagos.movimiento (id_movimiento, nu_movimiento, nb_modulo, tx_tipomov, mo_movimiento, fe_movimiento, tx_observaciones, id_usuario, id_status, fe_creado, fe_actualizado, id_moneda) VALUES (60, 35, 'Pago', 'Débito', 4281437.00, '2019-02-21 10:59:33', NULL, 6, 31, '2019-02-21 10:59:33', NULL, 1);
INSERT INTO pagos.movimiento (id_movimiento, nu_movimiento, nb_modulo, tx_tipomov, mo_movimiento, fe_movimiento, tx_observaciones, id_usuario, id_status, fe_creado, fe_actualizado, id_moneda) VALUES (61, 28, 'Pago', 'Débito', 17057250.00, '2019-02-21 11:01:55', NULL, 6, 31, '2019-02-21 11:01:55', NULL, 1);
INSERT INTO pagos.movimiento (id_movimiento, nu_movimiento, nb_modulo, tx_tipomov, mo_movimiento, fe_movimiento, tx_observaciones, id_usuario, id_status, fe_creado, fe_actualizado, id_moneda) VALUES (62, 38, 'Pago', 'Débito', 7033982.50, '2019-02-21 18:36:50', NULL, 6, 31, '2019-02-21 18:36:50', NULL, 1);
INSERT INTO pagos.movimiento (id_movimiento, nu_movimiento, nb_modulo, tx_tipomov, mo_movimiento, fe_movimiento, tx_observaciones, id_usuario, id_status, fe_creado, fe_actualizado, id_moneda) VALUES (63, 39, 'Pago', 'Débito', 1835352.64, '2019-02-21 18:40:36', NULL, 6, 31, '2019-02-21 18:40:36', NULL, 1);
INSERT INTO pagos.movimiento (id_movimiento, nu_movimiento, nb_modulo, tx_tipomov, mo_movimiento, fe_movimiento, tx_observaciones, id_usuario, id_status, fe_creado, fe_actualizado, id_moneda) VALUES (64, 40, 'Pago', 'Débito', 12538490.50, '2019-02-22 14:02:13', NULL, 6, 31, '2019-02-22 14:02:13', NULL, 1);
INSERT INTO pagos.movimiento (id_movimiento, nu_movimiento, nb_modulo, tx_tipomov, mo_movimiento, fe_movimiento, tx_observaciones, id_usuario, id_status, fe_creado, fe_actualizado, id_moneda) VALUES (65, 43, 'Pago', 'Débito', 870970.00, '2019-02-27 12:14:01', NULL, 6, 31, '2019-02-27 12:14:01', NULL, 1);


--
-- TOC entry 2628 (class 0 OID 19462)
-- Dependencies: 225
-- Data for Name: pago; Type: TABLE DATA; Schema: pagos; Owner: -
--

INSERT INTO pagos.pago (id_pago, id_instruccion, fe_liq_bcv, id_banco, fe_pago, id_moneda, mo_tasa, mo_final_pago, id_tipo_pago, tx_observaciones, id_usuario, id_status, fe_creado, fe_actualizado, id_ente) VALUES (2, 2, '2019-01-04 00:00:00', 8, '2019-01-07 00:00:00', 1, 1.1400, 8674050.00, 2, NULL, 1, 31, '2019-01-29 13:28:04', '2019-01-29 09:34:36', 131);
INSERT INTO pagos.pago (id_pago, id_instruccion, fe_liq_bcv, id_banco, fe_pago, id_moneda, mo_tasa, mo_final_pago, id_tipo_pago, tx_observaciones, id_usuario, id_status, fe_creado, fe_actualizado, id_ente) VALUES (3, 2, '2019-01-04 00:00:00', 8, '2019-01-07 00:00:00', 2, 1.0000, 6305833.00, 2, NULL, 1, 31, '2019-01-29 13:44:28', '2019-01-29 09:46:51', 139);
INSERT INTO pagos.pago (id_pago, id_instruccion, fe_liq_bcv, id_banco, fe_pago, id_moneda, mo_tasa, mo_final_pago, id_tipo_pago, tx_observaciones, id_usuario, id_status, fe_creado, fe_actualizado, id_ente) VALUES (4, 2, '2019-01-04 00:00:00', 8, '2019-01-07 00:00:00', 2, 1.0000, 4059000.00, 2, 'Des 178 0786 BCV', 1, 31, '2019-01-29 13:50:22', '2019-02-13 12:01:36', 208);
INSERT INTO pagos.pago (id_pago, id_instruccion, fe_liq_bcv, id_banco, fe_pago, id_moneda, mo_tasa, mo_final_pago, id_tipo_pago, tx_observaciones, id_usuario, id_status, fe_creado, fe_actualizado, id_ente) VALUES (6, 4, '2019-02-07 00:00:00', 28, '2019-01-07 00:00:00', 2, 1.0000, 1508220.00, 2, NULL, 6, 31, '2019-02-13 16:21:23', '2019-02-13 12:33:12', 97);
INSERT INTO pagos.pago (id_pago, id_instruccion, fe_liq_bcv, id_banco, fe_pago, id_moneda, mo_tasa, mo_final_pago, id_tipo_pago, tx_observaciones, id_usuario, id_status, fe_creado, fe_actualizado, id_ente) VALUES (8, 5, '2019-01-07 00:00:00', 28, '2019-01-07 00:00:00', 2, 1.0000, 14408887.50, 2, NULL, 6, 31, '2019-02-13 16:27:21', '2019-02-13 12:34:43', 97);
INSERT INTO pagos.pago (id_pago, id_instruccion, fe_liq_bcv, id_banco, fe_pago, id_moneda, mo_tasa, mo_final_pago, id_tipo_pago, tx_observaciones, id_usuario, id_status, fe_creado, fe_actualizado, id_ente) VALUES (5, 4, '2019-02-07 00:00:00', 28, '2019-01-07 00:00:00', 2, 1.0000, 13573980.00, 2, NULL, 6, 31, '2019-02-13 16:17:44', '2019-02-13 16:32:27', 97);
INSERT INTO pagos.pago (id_pago, id_instruccion, fe_liq_bcv, id_banco, fe_pago, id_moneda, mo_tasa, mo_final_pago, id_tipo_pago, tx_observaciones, id_usuario, id_status, fe_creado, fe_actualizado, id_ente) VALUES (7, 5, '2019-01-07 00:00:00', 28, '2019-01-07 00:00:00', 2, 1.0000, 1600987.50, 2, NULL, 6, 27, '2019-02-13 16:26:22', '2019-02-13 18:53:44', 97);
INSERT INTO pagos.pago (id_pago, id_instruccion, fe_liq_bcv, id_banco, fe_pago, id_moneda, mo_tasa, mo_final_pago, id_tipo_pago, tx_observaciones, id_usuario, id_status, fe_creado, fe_actualizado, id_ente) VALUES (9, 3, '2019-01-07 00:00:00', 8, '2019-01-10 00:00:00', 1, 1.1400, 539160.00, 1, NULL, 4, 27, '2019-02-13 18:49:17', '2019-02-13 18:49:17', 139);
INSERT INTO pagos.pago (id_pago, id_instruccion, fe_liq_bcv, id_banco, fe_pago, id_moneda, mo_tasa, mo_final_pago, id_tipo_pago, tx_observaciones, id_usuario, id_status, fe_creado, fe_actualizado, id_ente) VALUES (17, 13, '2019-01-07 00:00:00', 32, '2019-01-09 00:00:00', 1, 1.1466, 538778.57, 2, NULL, 6, 31, '2019-02-20 12:23:52', '2019-02-20 11:16:20', 300);
INSERT INTO pagos.pago (id_pago, id_instruccion, fe_liq_bcv, id_banco, fe_pago, id_moneda, mo_tasa, mo_final_pago, id_tipo_pago, tx_observaciones, id_usuario, id_status, fe_creado, fe_actualizado, id_ente) VALUES (15, 13, '2019-01-07 00:00:00', 32, '2019-01-08 00:00:00', 1, 1.1466, 848453.47, 2, NULL, 6, 31, '2019-02-20 12:18:49', '2019-02-20 11:17:03', 394);
INSERT INTO pagos.pago (id_pago, id_instruccion, fe_liq_bcv, id_banco, fe_pago, id_moneda, mo_tasa, mo_final_pago, id_tipo_pago, tx_observaciones, id_usuario, id_status, fe_creado, fe_actualizado, id_ente) VALUES (23, 13, '2019-01-07 00:00:00', 33, '2019-01-08 00:00:00', 1, 1.1466, 4355640.00, 2, 'Des 1359 0752 FONDEN DPE 00086-2019 (CLAP)', 6, 27, '2019-02-20 13:02:22', '2019-02-20 13:02:22', 249);
INSERT INTO pagos.pago (id_pago, id_instruccion, fe_liq_bcv, id_banco, fe_pago, id_moneda, mo_tasa, mo_final_pago, id_tipo_pago, tx_observaciones, id_usuario, id_status, fe_creado, fe_actualizado, id_ente) VALUES (24, 13, '2019-01-07 00:00:00', 33, '2019-01-08 00:00:00', 1, 1.1466, 8712678.60, 2, 'Des 1361 0752 FONDEN DPE 00087-2019 (CLAP)', 6, 27, '2019-02-20 13:07:38', '2019-02-20 13:07:38', 451);
INSERT INTO pagos.pago (id_pago, id_instruccion, fe_liq_bcv, id_banco, fe_pago, id_moneda, mo_tasa, mo_final_pago, id_tipo_pago, tx_observaciones, id_usuario, id_status, fe_creado, fe_actualizado, id_ente) VALUES (29, 9, '2019-01-07 00:00:00', 8, '2019-01-07 00:00:00', 1, 1.1466, 9133705.50, 2, 'Des 554 0727 CORPOVEX TRIGO PANADERO/MT WHEAT MV GREAT AGILITY', 6, 27, '2019-02-20 13:40:04', '2019-02-20 13:40:04', 189);
INSERT INTO pagos.pago (id_pago, id_instruccion, fe_liq_bcv, id_banco, fe_pago, id_moneda, mo_tasa, mo_final_pago, id_tipo_pago, tx_observaciones, id_usuario, id_status, fe_creado, fe_actualizado, id_ente) VALUES (30, 11, '2019-01-07 00:00:00', 10, '2019-01-07 00:00:00', 1, 1.1466, 9133708.50, 2, 'Des 561 0727 CORPOVEX TRIGO PANADERO/MT BUQUE NEPTUNE', 6, 27, '2019-02-20 13:43:43', '2019-02-20 13:43:43', 189);
INSERT INTO pagos.pago (id_pago, id_instruccion, fe_liq_bcv, id_banco, fe_pago, id_moneda, mo_tasa, mo_final_pago, id_tipo_pago, tx_observaciones, id_usuario, id_status, fe_creado, fe_actualizado, id_ente) VALUES (18, 13, '2019-01-07 00:00:00', 32, '2019-01-09 00:00:00', 1, 1.1466, 969991.08, 2, NULL, 6, 31, '2019-02-20 12:25:08', '2019-02-20 11:17:30', 394);
INSERT INTO pagos.pago (id_pago, id_instruccion, fe_liq_bcv, id_banco, fe_pago, id_moneda, mo_tasa, mo_final_pago, id_tipo_pago, tx_observaciones, id_usuario, id_status, fe_creado, fe_actualizado, id_ente) VALUES (14, 13, '2019-01-07 00:00:00', 32, '2019-01-08 00:00:00', 1, 1.1466, 20192054.00, 2, NULL, 6, 31, '2019-02-20 12:17:33', '2019-02-20 11:18:02', 257);
INSERT INTO pagos.pago (id_pago, id_instruccion, fe_liq_bcv, id_banco, fe_pago, id_moneda, mo_tasa, mo_final_pago, id_tipo_pago, tx_observaciones, id_usuario, id_status, fe_creado, fe_actualizado, id_ente) VALUES (13, 13, '2019-01-07 00:00:00', 32, '2019-01-08 00:00:00', 1, 1.1593, 1957266.89, 2, NULL, 6, 31, '2019-02-20 12:16:01', '2019-02-20 11:18:40', 307);
INSERT INTO pagos.pago (id_pago, id_instruccion, fe_liq_bcv, id_banco, fe_pago, id_moneda, mo_tasa, mo_final_pago, id_tipo_pago, tx_observaciones, id_usuario, id_status, fe_creado, fe_actualizado, id_ente) VALUES (16, 13, '2019-01-07 00:00:00', 32, '2019-01-08 00:00:00', 1, 1.1466, 1608027.18, 2, NULL, 6, 31, '2019-02-20 12:20:47', '2019-02-20 11:19:28', 300);
INSERT INTO pagos.pago (id_pago, id_instruccion, fe_liq_bcv, id_banco, fe_pago, id_moneda, mo_tasa, mo_final_pago, id_tipo_pago, tx_observaciones, id_usuario, id_status, fe_creado, fe_actualizado, id_ente) VALUES (22, 13, '2019-01-07 00:00:00', 9, '2019-01-09 00:00:00', 1, 1.1466, 4356357.93, 2, NULL, 6, 31, '2019-02-20 12:38:34', '2019-02-20 15:37:41', 359);
INSERT INTO pagos.pago (id_pago, id_instruccion, fe_liq_bcv, id_banco, fe_pago, id_moneda, mo_tasa, mo_final_pago, id_tipo_pago, tx_observaciones, id_usuario, id_status, fe_creado, fe_actualizado, id_ente) VALUES (21, 13, '2019-01-07 00:00:00', 12, '2019-01-09 00:00:00', 1, 1.1466, 4360718.65, 2, NULL, 6, 31, '2019-02-20 12:37:08', '2019-02-20 15:38:26', 459);
INSERT INTO pagos.pago (id_pago, id_instruccion, fe_liq_bcv, id_banco, fe_pago, id_moneda, mo_tasa, mo_final_pago, id_tipo_pago, tx_observaciones, id_usuario, id_status, fe_creado, fe_actualizado, id_ente) VALUES (35, 13, '2019-01-07 00:00:00', 12, '2019-01-16 00:00:00', 1, 1.1469, 4281437.00, 2, NULL, 6, 31, '2019-02-21 14:46:06', '2019-02-21 10:59:33', 275);
INSERT INTO pagos.pago (id_pago, id_instruccion, fe_liq_bcv, id_banco, fe_pago, id_moneda, mo_tasa, mo_final_pago, id_tipo_pago, tx_observaciones, id_usuario, id_status, fe_creado, fe_actualizado, id_ente) VALUES (20, 13, '2019-01-07 00:00:00', 12, '2019-01-09 00:00:00', 1, 1.1466, 4360718.65, 2, NULL, 6, 31, '2019-02-20 12:35:36', '2019-02-20 15:40:07', 49);
INSERT INTO pagos.pago (id_pago, id_instruccion, fe_liq_bcv, id_banco, fe_pago, id_moneda, mo_tasa, mo_final_pago, id_tipo_pago, tx_observaciones, id_usuario, id_status, fe_creado, fe_actualizado, id_ente) VALUES (26, 13, '2019-01-07 00:00:00', 34, '2019-01-15 00:00:00', 1, 1.1466, 4360000.00, 2, NULL, 6, 31, '2019-02-20 13:14:51', '2019-02-20 15:40:59', 303);
INSERT INTO pagos.pago (id_pago, id_instruccion, fe_liq_bcv, id_banco, fe_pago, id_moneda, mo_tasa, mo_final_pago, id_tipo_pago, tx_observaciones, id_usuario, id_status, fe_creado, fe_actualizado, id_ente) VALUES (28, 7, '2019-01-07 00:00:00', 12, '2019-01-09 00:00:00', 1, 1.0000, 17057250.00, 2, NULL, 6, 31, '2019-02-20 13:28:38', '2019-02-21 11:01:55', 110);
INSERT INTO pagos.pago (id_pago, id_instruccion, fe_liq_bcv, id_banco, fe_pago, id_moneda, mo_tasa, mo_final_pago, id_tipo_pago, tx_observaciones, id_usuario, id_status, fe_creado, fe_actualizado, id_ente) VALUES (25, 13, '2019-01-07 00:00:00', 34, '2019-01-24 00:00:00', 1, 1.1466, 4288009.29, 2, NULL, 6, 31, '2019-02-20 13:12:11', '2019-02-20 15:41:24', 190);
INSERT INTO pagos.pago (id_pago, id_instruccion, fe_liq_bcv, id_banco, fe_pago, id_moneda, mo_tasa, mo_final_pago, id_tipo_pago, tx_observaciones, id_usuario, id_status, fe_creado, fe_actualizado, id_ente) VALUES (19, 13, '2019-01-07 00:00:00', 33, '2019-01-14 00:00:00', 1, 1.1466, 4358816.06, 2, 'Des 1376 0752 FONDEN DPE 00095-2019 (CLAP)', 6, 27, '2019-02-20 12:33:58', '2019-02-20 14:35:07', 284);
INSERT INTO pagos.pago (id_pago, id_instruccion, fe_liq_bcv, id_banco, fe_pago, id_moneda, mo_tasa, mo_final_pago, id_tipo_pago, tx_observaciones, id_usuario, id_status, fe_creado, fe_actualizado, id_ente) VALUES (36, 16, '2019-01-09 00:00:00', 10, '2019-01-30 00:00:00', 1, 1.0000, 6999066.58, 1, 'Des 1372 0752 FONDEN DPE-00113/00115-2019 CESION ADON TRADING', 6, 27, '2019-02-21 15:16:05', '2019-02-21 15:16:05', 318);
INSERT INTO pagos.pago (id_pago, id_instruccion, fe_liq_bcv, id_banco, fe_pago, id_moneda, mo_tasa, mo_final_pago, id_tipo_pago, tx_observaciones, id_usuario, id_status, fe_creado, fe_actualizado, id_ente) VALUES (37, 19, '2019-01-10 00:00:00', 11, '2019-02-15 00:00:00', 2, 1.0000, 2070440.87, 2, 'NULO NO ESPECIFICA BENEFICIARIO FINAL (POLITICAS INTERNAS)', 6, 29, '2019-02-21 22:29:49', '2019-02-21 18:30:32', 476);
INSERT INTO pagos.pago (id_pago, id_instruccion, fe_liq_bcv, id_banco, fe_pago, id_moneda, mo_tasa, mo_final_pago, id_tipo_pago, tx_observaciones, id_usuario, id_status, fe_creado, fe_actualizado, id_ente) VALUES (38, 19, '2019-01-10 00:00:00', 37, '2019-01-15 00:00:00', 1, 1.1466, 7033982.50, 2, NULL, 6, 31, '2019-02-21 22:34:24', '2019-02-21 18:36:50', 452);
INSERT INTO pagos.pago (id_pago, id_instruccion, fe_liq_bcv, id_banco, fe_pago, id_moneda, mo_tasa, mo_final_pago, id_tipo_pago, tx_observaciones, id_usuario, id_status, fe_creado, fe_actualizado, id_ente) VALUES (39, 19, '2019-01-10 00:00:00', 34, '2019-02-01 00:00:00', 1, 1.1466, 1835352.64, 2, NULL, 6, 31, '2019-02-21 22:39:28', '2019-02-21 18:40:36', 452);
INSERT INTO pagos.pago (id_pago, id_instruccion, fe_liq_bcv, id_banco, fe_pago, id_moneda, mo_tasa, mo_final_pago, id_tipo_pago, tx_observaciones, id_usuario, id_status, fe_creado, fe_actualizado, id_ente) VALUES (31, 13, '2019-01-07 00:00:00', 8, '2019-01-08 00:00:00', 1, 1.1466, 13082155.94, 2, NULL, 6, 31, '2019-02-20 14:58:41', '2019-02-20 15:42:42', 199);
INSERT INTO pagos.pago (id_pago, id_instruccion, fe_liq_bcv, id_banco, fe_pago, id_moneda, mo_tasa, mo_final_pago, id_tipo_pago, tx_observaciones, id_usuario, id_status, fe_creado, fe_actualizado, id_ente) VALUES (32, 13, '2019-01-07 00:00:00', 34, '2019-01-08 00:00:00', 1, 1.1466, 4335640.00, 2, NULL, 6, 30, '2019-02-21 14:23:45', '2019-02-21 10:26:27', 445);
INSERT INTO pagos.pago (id_pago, id_instruccion, fe_liq_bcv, id_banco, fe_pago, id_moneda, mo_tasa, mo_final_pago, id_tipo_pago, tx_observaciones, id_usuario, id_status, fe_creado, fe_actualizado, id_ente) VALUES (27, 13, '2019-01-07 00:00:00', 10, '2019-01-09 00:00:00', 1, 1.1466, 22155842.24, 2, 'Des 1367 0752 FONDEN DPE 00110-2019 (CLAP)', 6, 27, '2019-02-20 13:19:13', '2019-02-21 14:38:22', 53);
INSERT INTO pagos.pago (id_pago, id_instruccion, fe_liq_bcv, id_banco, fe_pago, id_moneda, mo_tasa, mo_final_pago, id_tipo_pago, tx_observaciones, id_usuario, id_status, fe_creado, fe_actualizado, id_ente) VALUES (33, 13, '2019-01-07 00:00:00', 10, '2019-01-30 00:00:00', 1, 1.1466, 10499629.76, 2, 'Des 1372 0752 FONDEN DPE-00110-2019 (CLAP)', 6, 27, '2019-02-21 14:40:21', '2019-02-21 14:40:21', 53);
INSERT INTO pagos.pago (id_pago, id_instruccion, fe_liq_bcv, id_banco, fe_pago, id_moneda, mo_tasa, mo_final_pago, id_tipo_pago, tx_observaciones, id_usuario, id_status, fe_creado, fe_actualizado, id_ente) VALUES (34, 13, '2019-01-07 00:00:00', 34, '2019-02-07 00:00:00', 1, 1.1466, 10903951.02, 2, NULL, 6, 31, '2019-02-21 14:42:10', '2019-02-21 10:43:11', 53);
INSERT INTO pagos.pago (id_pago, id_instruccion, fe_liq_bcv, id_banco, fe_pago, id_moneda, mo_tasa, mo_final_pago, id_tipo_pago, tx_observaciones, id_usuario, id_status, fe_creado, fe_actualizado, id_ente) VALUES (40, 6, '2019-01-07 00:00:00', 28, '2019-01-07 00:00:00', 1, 1.1466, 12538490.50, 2, NULL, 6, 31, '2019-02-21 23:21:17', '2019-02-22 14:02:13', 97);
INSERT INTO pagos.pago (id_pago, id_instruccion, fe_liq_bcv, id_banco, fe_pago, id_moneda, mo_tasa, mo_final_pago, id_tipo_pago, tx_observaciones, id_usuario, id_status, fe_creado, fe_actualizado, id_ente) VALUES (41, 10, '2019-01-07 00:00:00', 10, '2019-01-07 00:00:00', 1, 1.1466, 9132866.06, 2, 'Des. 558 0727 CORPOVEX Adquisicion de Trigo Panadero/BUQUE CALM BAY', 6, 27, '2019-02-22 18:04:51', '2019-02-22 18:04:51', 189);
INSERT INTO pagos.pago (id_pago, id_instruccion, fe_liq_bcv, id_banco, fe_pago, id_moneda, mo_tasa, mo_final_pago, id_tipo_pago, tx_observaciones, id_usuario, id_status, fe_creado, fe_actualizado, id_ente) VALUES (42, 12, '2019-01-07 00:00:00', 10, '2019-01-17 00:00:00', 1, 1.1466, 9133708.50, 2, 'Des.536.2 0727 CORPOVEX CPVX-CJ-CONT-0120-2018 30.000,00 MT WHEAT MV ALBERTO TOPIC', 6, 27, '2019-02-22 18:06:43', '2019-02-22 18:06:43', 189);
INSERT INTO pagos.pago (id_pago, id_instruccion, fe_liq_bcv, id_banco, fe_pago, id_moneda, mo_tasa, mo_final_pago, id_tipo_pago, tx_observaciones, id_usuario, id_status, fe_creado, fe_actualizado, id_ente) VALUES (43, 21, '2019-01-11 00:00:00', 32, '2019-01-16 00:00:00', 1, 1.1481, 870970.00, 2, NULL, 6, 31, '2019-02-22 18:27:26', '2019-02-27 12:14:01', 141);
INSERT INTO pagos.pago (id_pago, id_instruccion, fe_liq_bcv, id_banco, fe_pago, id_moneda, mo_tasa, mo_final_pago, id_tipo_pago, tx_observaciones, id_usuario, id_status, fe_creado, fe_actualizado, id_ente) VALUES (44, 23, '2019-01-11 00:00:00', 33, '2019-01-11 00:00:00', 1, 1.1466, 719047.23, 2, 'Des. 1375 0752 FONDEN DPE-00140-2019', 6, 27, '2019-02-27 16:21:56', '2019-02-27 16:21:56', 128);


--
-- TOC entry 2629 (class 0 OID 19466)
-- Dependencies: 226
-- Data for Name: password_resets; Type: TABLE DATA; Schema: pagos; Owner: -
--

INSERT INTO pagos.password_resets (email, token, created_at) VALUES ('cgranados@bandes.gob.ve', '$2y$10$p2uwRfD7RATtuCoCkAdA7.Mi0EW2R7pq.aibKIXXmy8MDuZPIquzW', '2018-06-11 12:19:36');
INSERT INTO pagos.password_resets (email, token, created_at) VALUES ('lyustis@gmail.com', '$2y$10$bkbN9hwCGmzhPhIbClz8gexKRa8Gwx5NcWrhCsyLXM430lYQA7VbK', '2018-06-08 03:41:35');
INSERT INTO pagos.password_resets (email, token, created_at) VALUES ('cgranados@bandes.gob.ve', '$2y$10$p2uwRfD7RATtuCoCkAdA7.Mi0EW2R7pq.aibKIXXmy8MDuZPIquzW', '2018-06-11 12:19:36');
INSERT INTO pagos.password_resets (email, token, created_at) VALUES ('lyustis@gmail.com', '$2y$10$bkbN9hwCGmzhPhIbClz8gexKRa8Gwx5NcWrhCsyLXM430lYQA7VbK', '2018-06-08 03:41:35');
INSERT INTO pagos.password_resets (email, token, created_at) VALUES ('admin@bandes.gob.ve', '$2y$10$yp61OQMx1xNqrX3zFxcCsOJV/ebTrA2d.KDFExeFbYafHnr2EF9iO', '2018-10-14 16:13:02');


--
-- TOC entry 2630 (class 0 OID 19472)
-- Dependencies: 227
-- Data for Name: permiso; Type: TABLE DATA; Schema: pagos; Owner: -
--

INSERT INTO pagos.permiso (id_permiso, id_rol, id_menu, bo_create, bo_update, bo_read, bo_delete, tx_observaciones, id_usuario, id_status, fe_creado, fe_actualizado) VALUES (1, 1, 1, true, true, true, true, 'N/A', 1, 1, NULL, NULL);
INSERT INTO pagos.permiso (id_permiso, id_rol, id_menu, bo_create, bo_update, bo_read, bo_delete, tx_observaciones, id_usuario, id_status, fe_creado, fe_actualizado) VALUES (2, 1, 2, true, true, true, true, 'N/A', 1, 1, NULL, NULL);
INSERT INTO pagos.permiso (id_permiso, id_rol, id_menu, bo_create, bo_update, bo_read, bo_delete, tx_observaciones, id_usuario, id_status, fe_creado, fe_actualizado) VALUES (3, 1, 3, true, true, true, true, 'N/A', 1, 1, NULL, NULL);
INSERT INTO pagos.permiso (id_permiso, id_rol, id_menu, bo_create, bo_update, bo_read, bo_delete, tx_observaciones, id_usuario, id_status, fe_creado, fe_actualizado) VALUES (4, 1, 4, true, true, true, true, 'N/A', 1, 1, NULL, NULL);
INSERT INTO pagos.permiso (id_permiso, id_rol, id_menu, bo_create, bo_update, bo_read, bo_delete, tx_observaciones, id_usuario, id_status, fe_creado, fe_actualizado) VALUES (5, 1, 5, true, true, true, true, 'N/A', 1, 1, NULL, NULL);
INSERT INTO pagos.permiso (id_permiso, id_rol, id_menu, bo_create, bo_update, bo_read, bo_delete, tx_observaciones, id_usuario, id_status, fe_creado, fe_actualizado) VALUES (6, 1, 6, true, true, true, true, 'N/A', 1, 1, NULL, NULL);
INSERT INTO pagos.permiso (id_permiso, id_rol, id_menu, bo_create, bo_update, bo_read, bo_delete, tx_observaciones, id_usuario, id_status, fe_creado, fe_actualizado) VALUES (7, 1, 7, true, true, true, true, 'N/A', 1, 1, NULL, NULL);
INSERT INTO pagos.permiso (id_permiso, id_rol, id_menu, bo_create, bo_update, bo_read, bo_delete, tx_observaciones, id_usuario, id_status, fe_creado, fe_actualizado) VALUES (8, 1, 9, true, true, true, true, 'N/A', 1, 1, NULL, NULL);
INSERT INTO pagos.permiso (id_permiso, id_rol, id_menu, bo_create, bo_update, bo_read, bo_delete, tx_observaciones, id_usuario, id_status, fe_creado, fe_actualizado) VALUES (9, 1, 10, true, true, true, true, 'N/A', 1, 1, NULL, NULL);
INSERT INTO pagos.permiso (id_permiso, id_rol, id_menu, bo_create, bo_update, bo_read, bo_delete, tx_observaciones, id_usuario, id_status, fe_creado, fe_actualizado) VALUES (10, 1, 11, true, true, true, true, 'N/A', 1, 1, NULL, NULL);
INSERT INTO pagos.permiso (id_permiso, id_rol, id_menu, bo_create, bo_update, bo_read, bo_delete, tx_observaciones, id_usuario, id_status, fe_creado, fe_actualizado) VALUES (14, 1, 13, NULL, NULL, NULL, NULL, 'N/A', 1, 1, NULL, NULL);
INSERT INTO pagos.permiso (id_permiso, id_rol, id_menu, bo_create, bo_update, bo_read, bo_delete, tx_observaciones, id_usuario, id_status, fe_creado, fe_actualizado) VALUES (15, 1, 14, NULL, NULL, NULL, NULL, 'N/A', 1, 1, NULL, NULL);
INSERT INTO pagos.permiso (id_permiso, id_rol, id_menu, bo_create, bo_update, bo_read, bo_delete, tx_observaciones, id_usuario, id_status, fe_creado, fe_actualizado) VALUES (16, 1, 15, NULL, NULL, NULL, NULL, 'N/A', 1, 1, NULL, NULL);
INSERT INTO pagos.permiso (id_permiso, id_rol, id_menu, bo_create, bo_update, bo_read, bo_delete, tx_observaciones, id_usuario, id_status, fe_creado, fe_actualizado) VALUES (17, 1, 16, NULL, NULL, NULL, NULL, 'N/A', 1, 1, NULL, NULL);
INSERT INTO pagos.permiso (id_permiso, id_rol, id_menu, bo_create, bo_update, bo_read, bo_delete, tx_observaciones, id_usuario, id_status, fe_creado, fe_actualizado) VALUES (18, 1, 17, NULL, NULL, NULL, NULL, 'N/A', 1, 1, NULL, NULL);
INSERT INTO pagos.permiso (id_permiso, id_rol, id_menu, bo_create, bo_update, bo_read, bo_delete, tx_observaciones, id_usuario, id_status, fe_creado, fe_actualizado) VALUES (19, 1, 18, NULL, NULL, NULL, NULL, 'N/A', 1, 1, NULL, NULL);
INSERT INTO pagos.permiso (id_permiso, id_rol, id_menu, bo_create, bo_update, bo_read, bo_delete, tx_observaciones, id_usuario, id_status, fe_creado, fe_actualizado) VALUES (20, 1, 19, NULL, NULL, NULL, NULL, 'N/A', 1, 1, NULL, NULL);
INSERT INTO pagos.permiso (id_permiso, id_rol, id_menu, bo_create, bo_update, bo_read, bo_delete, tx_observaciones, id_usuario, id_status, fe_creado, fe_actualizado) VALUES (21, 1, 20, NULL, NULL, NULL, NULL, 'N/A', 1, 1, NULL, NULL);
INSERT INTO pagos.permiso (id_permiso, id_rol, id_menu, bo_create, bo_update, bo_read, bo_delete, tx_observaciones, id_usuario, id_status, fe_creado, fe_actualizado) VALUES (22, 1, 21, NULL, NULL, NULL, NULL, 'N/A', 1, 1, NULL, NULL);
INSERT INTO pagos.permiso (id_permiso, id_rol, id_menu, bo_create, bo_update, bo_read, bo_delete, tx_observaciones, id_usuario, id_status, fe_creado, fe_actualizado) VALUES (23, 1, 22, NULL, NULL, NULL, NULL, 'N/A', 1, 1, NULL, NULL);
INSERT INTO pagos.permiso (id_permiso, id_rol, id_menu, bo_create, bo_update, bo_read, bo_delete, tx_observaciones, id_usuario, id_status, fe_creado, fe_actualizado) VALUES (24, 1, 23, NULL, NULL, NULL, NULL, 'N/A', 1, 1, NULL, NULL);
INSERT INTO pagos.permiso (id_permiso, id_rol, id_menu, bo_create, bo_update, bo_read, bo_delete, tx_observaciones, id_usuario, id_status, fe_creado, fe_actualizado) VALUES (25, 2, 1, NULL, NULL, NULL, NULL, 'N/A', 1, 1, NULL, NULL);
INSERT INTO pagos.permiso (id_permiso, id_rol, id_menu, bo_create, bo_update, bo_read, bo_delete, tx_observaciones, id_usuario, id_status, fe_creado, fe_actualizado) VALUES (27, 2, 15, NULL, NULL, NULL, NULL, 'N/A', 1, 1, NULL, NULL);
INSERT INTO pagos.permiso (id_permiso, id_rol, id_menu, bo_create, bo_update, bo_read, bo_delete, tx_observaciones, id_usuario, id_status, fe_creado, fe_actualizado) VALUES (28, 2, 16, NULL, NULL, NULL, NULL, 'N/A', 1, 1, NULL, NULL);
INSERT INTO pagos.permiso (id_permiso, id_rol, id_menu, bo_create, bo_update, bo_read, bo_delete, tx_observaciones, id_usuario, id_status, fe_creado, fe_actualizado) VALUES (29, 2, 17, NULL, NULL, NULL, NULL, 'N/A', 1, 1, NULL, NULL);
INSERT INTO pagos.permiso (id_permiso, id_rol, id_menu, bo_create, bo_update, bo_read, bo_delete, tx_observaciones, id_usuario, id_status, fe_creado, fe_actualizado) VALUES (30, 2, 18, NULL, NULL, NULL, NULL, 'N/A', 1, 1, NULL, NULL);
INSERT INTO pagos.permiso (id_permiso, id_rol, id_menu, bo_create, bo_update, bo_read, bo_delete, tx_observaciones, id_usuario, id_status, fe_creado, fe_actualizado) VALUES (31, 2, 19, NULL, NULL, NULL, NULL, 'N/A', 1, 1, NULL, NULL);
INSERT INTO pagos.permiso (id_permiso, id_rol, id_menu, bo_create, bo_update, bo_read, bo_delete, tx_observaciones, id_usuario, id_status, fe_creado, fe_actualizado) VALUES (32, 2, 21, NULL, NULL, NULL, NULL, 'N/A', 1, 1, NULL, NULL);
INSERT INTO pagos.permiso (id_permiso, id_rol, id_menu, bo_create, bo_update, bo_read, bo_delete, tx_observaciones, id_usuario, id_status, fe_creado, fe_actualizado) VALUES (53, 3, 1, true, true, true, true, 'N/A', 1, 1, NULL, NULL);
INSERT INTO pagos.permiso (id_permiso, id_rol, id_menu, bo_create, bo_update, bo_read, bo_delete, tx_observaciones, id_usuario, id_status, fe_creado, fe_actualizado) VALUES (54, 3, 2, true, true, true, true, 'N/A', 1, 1, NULL, NULL);
INSERT INTO pagos.permiso (id_permiso, id_rol, id_menu, bo_create, bo_update, bo_read, bo_delete, tx_observaciones, id_usuario, id_status, fe_creado, fe_actualizado) VALUES (55, 3, 3, true, true, true, true, 'N/A', 1, 1, NULL, NULL);
INSERT INTO pagos.permiso (id_permiso, id_rol, id_menu, bo_create, bo_update, bo_read, bo_delete, tx_observaciones, id_usuario, id_status, fe_creado, fe_actualizado) VALUES (56, 3, 4, true, true, true, true, 'N/A', 1, 1, NULL, NULL);
INSERT INTO pagos.permiso (id_permiso, id_rol, id_menu, bo_create, bo_update, bo_read, bo_delete, tx_observaciones, id_usuario, id_status, fe_creado, fe_actualizado) VALUES (57, 3, 5, true, true, true, true, 'N/A', 1, 1, NULL, NULL);
INSERT INTO pagos.permiso (id_permiso, id_rol, id_menu, bo_create, bo_update, bo_read, bo_delete, tx_observaciones, id_usuario, id_status, fe_creado, fe_actualizado) VALUES (58, 3, 6, true, true, true, true, 'N/A', 1, 1, NULL, NULL);
INSERT INTO pagos.permiso (id_permiso, id_rol, id_menu, bo_create, bo_update, bo_read, bo_delete, tx_observaciones, id_usuario, id_status, fe_creado, fe_actualizado) VALUES (59, 3, 7, true, true, true, true, 'N/A', 1, 1, NULL, NULL);
INSERT INTO pagos.permiso (id_permiso, id_rol, id_menu, bo_create, bo_update, bo_read, bo_delete, tx_observaciones, id_usuario, id_status, fe_creado, fe_actualizado) VALUES (60, 3, 9, true, true, true, true, 'N/A', 1, 1, NULL, NULL);
INSERT INTO pagos.permiso (id_permiso, id_rol, id_menu, bo_create, bo_update, bo_read, bo_delete, tx_observaciones, id_usuario, id_status, fe_creado, fe_actualizado) VALUES (61, 3, 10, true, true, true, true, 'N/A', 1, 1, NULL, NULL);
INSERT INTO pagos.permiso (id_permiso, id_rol, id_menu, bo_create, bo_update, bo_read, bo_delete, tx_observaciones, id_usuario, id_status, fe_creado, fe_actualizado) VALUES (62, 3, 11, true, true, true, true, 'N/A', 1, 1, NULL, NULL);
INSERT INTO pagos.permiso (id_permiso, id_rol, id_menu, bo_create, bo_update, bo_read, bo_delete, tx_observaciones, id_usuario, id_status, fe_creado, fe_actualizado) VALUES (63, 3, 12, NULL, NULL, NULL, NULL, 'N/A', 1, 1, NULL, NULL);
INSERT INTO pagos.permiso (id_permiso, id_rol, id_menu, bo_create, bo_update, bo_read, bo_delete, tx_observaciones, id_usuario, id_status, fe_creado, fe_actualizado) VALUES (64, 3, 13, NULL, NULL, NULL, NULL, 'N/A', 1, 1, NULL, NULL);
INSERT INTO pagos.permiso (id_permiso, id_rol, id_menu, bo_create, bo_update, bo_read, bo_delete, tx_observaciones, id_usuario, id_status, fe_creado, fe_actualizado) VALUES (65, 3, 14, NULL, NULL, NULL, NULL, 'N/A', 1, 1, NULL, NULL);
INSERT INTO pagos.permiso (id_permiso, id_rol, id_menu, bo_create, bo_update, bo_read, bo_delete, tx_observaciones, id_usuario, id_status, fe_creado, fe_actualizado) VALUES (66, 3, 15, NULL, NULL, NULL, NULL, 'N/A', 1, 1, NULL, NULL);
INSERT INTO pagos.permiso (id_permiso, id_rol, id_menu, bo_create, bo_update, bo_read, bo_delete, tx_observaciones, id_usuario, id_status, fe_creado, fe_actualizado) VALUES (67, 3, 16, NULL, NULL, NULL, NULL, 'N/A', 1, 1, NULL, NULL);
INSERT INTO pagos.permiso (id_permiso, id_rol, id_menu, bo_create, bo_update, bo_read, bo_delete, tx_observaciones, id_usuario, id_status, fe_creado, fe_actualizado) VALUES (68, 3, 17, NULL, NULL, NULL, NULL, 'N/A', 1, 1, NULL, NULL);
INSERT INTO pagos.permiso (id_permiso, id_rol, id_menu, bo_create, bo_update, bo_read, bo_delete, tx_observaciones, id_usuario, id_status, fe_creado, fe_actualizado) VALUES (69, 3, 18, NULL, NULL, NULL, NULL, 'N/A', 1, 1, NULL, NULL);
INSERT INTO pagos.permiso (id_permiso, id_rol, id_menu, bo_create, bo_update, bo_read, bo_delete, tx_observaciones, id_usuario, id_status, fe_creado, fe_actualizado) VALUES (70, 3, 19, NULL, NULL, NULL, NULL, 'N/A', 1, 1, NULL, NULL);
INSERT INTO pagos.permiso (id_permiso, id_rol, id_menu, bo_create, bo_update, bo_read, bo_delete, tx_observaciones, id_usuario, id_status, fe_creado, fe_actualizado) VALUES (71, 3, 21, NULL, NULL, NULL, NULL, 'N/A', 1, 1, NULL, NULL);
INSERT INTO pagos.permiso (id_permiso, id_rol, id_menu, bo_create, bo_update, bo_read, bo_delete, tx_observaciones, id_usuario, id_status, fe_creado, fe_actualizado) VALUES (13, 1, 12, true, true, true, true, 'N/A', 1, 1, NULL, NULL);


--
-- TOC entry 2632 (class 0 OID 19478)
-- Dependencies: 229
-- Data for Name: rol; Type: TABLE DATA; Schema: pagos; Owner: -
--

INSERT INTO pagos.rol (id_rol, nb_rol, tx_observaciones, id_usuario, id_status, fe_creado, fe_actualizado) VALUES (1, 'administrador', 'N/A', 1, 1, NULL, NULL);
INSERT INTO pagos.rol (id_rol, nb_rol, tx_observaciones, id_usuario, id_status, fe_creado, fe_actualizado) VALUES (3, 'analista', 'N/A', 1, 1, NULL, NULL);
INSERT INTO pagos.rol (id_rol, nb_rol, tx_observaciones, id_usuario, id_status, fe_creado, fe_actualizado) VALUES (2, 'consulta', 'N/A', 1, 1, NULL, NULL);


--
-- TOC entry 2635 (class 0 OID 19486)
-- Dependencies: 232
-- Data for Name: solicitud; Type: TABLE DATA; Schema: pagos; Owner: -
--

INSERT INTO pagos.solicitud (id_solicitud, nu_solicitud, tx_concepto, mo_solicitud, fe_solicitud, id_ente, id_moneda, id_categoria, tx_observaciones, id_usuario, id_status, fe_creado, fe_actualizado) VALUES (2, '001-19', 'Adquisicion del papel moneda', 20000000.00, '2019-01-03 00:00:00', 471, 1, 5, 'tipo de cambio 1,1466- billetes', 1, 4, '2019-01-25 22:36:30', '2019-01-25 22:36:30');
INSERT INTO pagos.solicitud (id_solicitud, nu_solicitud, tx_concepto, mo_solicitud, fe_solicitud, id_ente, id_moneda, id_categoria, tx_observaciones, id_usuario, id_status, fe_creado, fe_actualizado) VALUES (3, '002-19', 'Adquisicion de papel moneda', 539160.00, '2019-01-03 00:00:00', 471, 1, 5, 'tipo de cambio 1,1466', 1, 4, '2019-01-25 22:38:07', '2019-01-25 22:38:07');
INSERT INTO pagos.solicitud (id_solicitud, nu_solicitud, tx_concepto, mo_solicitud, fe_solicitud, id_ente, id_moneda, id_categoria, tx_observaciones, id_usuario, id_status, fe_creado, fe_actualizado) VALUES (4, '18001711', 'Alimentos', 15120000.00, '2019-01-07 00:00:00', 472, 1, 1, 'oficio mandato 003-19 tipo de cambio 1,1466', 1, 4, '2019-01-25 23:07:00', '2019-01-25 23:07:00');
INSERT INTO pagos.solicitud (id_solicitud, nu_solicitud, tx_concepto, mo_solicitud, fe_solicitud, id_ente, id_moneda, id_categoria, tx_observaciones, id_usuario, id_status, fe_creado, fe_actualizado) VALUES (5, '18001724', 'Alimentos', 16050000.00, '2019-01-07 00:00:00', 472, 1, 1, 'mandato 003-19', 1, 4, '2019-01-25 23:08:21', '2019-01-25 23:08:21');
INSERT INTO pagos.solicitud (id_solicitud, nu_solicitud, tx_concepto, mo_solicitud, fe_solicitud, id_ente, id_moneda, id_categoria, tx_observaciones, id_usuario, id_status, fe_creado, fe_actualizado) VALUES (6, '18002034', 'Alimentos', 16014072.08, '2019-01-07 00:00:00', 472, 1, 1, NULL, 4, 4, '2019-02-13 18:46:09', '2019-02-13 18:46:09');
INSERT INTO pagos.solicitud (id_solicitud, nu_solicitud, tx_concepto, mo_solicitud, fe_solicitud, id_ente, id_moneda, id_categoria, tx_observaciones, id_usuario, id_status, fe_creado, fe_actualizado) VALUES (7, '16007238', 'Alimentos', 17100000.00, '2019-01-07 00:00:00', 472, 1, 1, NULL, 4, 4, '2019-02-19 22:30:53', '2019-02-19 22:30:53');
INSERT INTO pagos.solicitud (id_solicitud, nu_solicitud, tx_concepto, mo_solicitud, fe_solicitud, id_ente, id_moneda, id_categoria, tx_observaciones, id_usuario, id_status, fe_creado, fe_actualizado) VALUES (9, '18002079', 'alimentos', 9156600.00, '2019-01-07 00:00:00', 472, 2, 1, NULL, 4, 4, '2019-02-19 22:46:38', '2019-02-19 22:46:38');
INSERT INTO pagos.solicitud (id_solicitud, nu_solicitud, tx_concepto, mo_solicitud, fe_solicitud, id_ente, id_moneda, id_categoria, tx_observaciones, id_usuario, id_status, fe_creado, fe_actualizado) VALUES (10, '003-19', 'alimentos', 9155755.45, '2019-01-07 00:00:00', 472, 2, 1, NULL, 4, 4, '2019-02-19 22:48:54', '2019-02-19 22:48:54');
INSERT INTO pagos.solicitud (id_solicitud, nu_solicitud, tx_concepto, mo_solicitud, fe_solicitud, id_ente, id_moneda, id_categoria, tx_observaciones, id_usuario, id_status, fe_creado, fe_actualizado) VALUES (11, '003-19', 'alimentos', 9156600.00, '2019-01-07 00:00:00', 472, 2, 1, NULL, 4, 4, '2019-02-19 22:51:27', '2019-02-19 22:51:27');
INSERT INTO pagos.solicitud (id_solicitud, nu_solicitud, tx_concepto, mo_solicitud, fe_solicitud, id_ente, id_moneda, id_categoria, tx_observaciones, id_usuario, id_status, fe_creado, fe_actualizado) VALUES (12, '004-19', 'alimentos', 9156600.00, '2019-01-07 00:00:00', 472, 2, 1, NULL, 4, 4, '2019-02-19 22:53:01', '2019-02-19 22:53:01');
INSERT INTO pagos.solicitud (id_solicitud, nu_solicitud, tx_concepto, mo_solicitud, fe_solicitud, id_ente, id_moneda, id_categoria, tx_observaciones, id_usuario, id_status, fe_creado, fe_actualizado) VALUES (13, '003-19', 'Alimentos', 139024071.17, '2019-01-07 00:00:00', 475, 2, 1, NULL, 4, 4, '2019-02-20 00:10:01', '2019-02-20 00:10:01');
INSERT INTO pagos.solicitud (id_solicitud, nu_solicitud, tx_concepto, mo_solicitud, fe_solicitud, id_ente, id_moneda, id_categoria, tx_observaciones, id_usuario, id_status, fe_creado, fe_actualizado) VALUES (14, '005-19', 'SALUD', 9999498.60, '2019-01-09 00:00:00', 475, 1, 6, NULL, 4, 4, '2019-02-21 14:55:20', '2019-02-21 14:55:20');
INSERT INTO pagos.solicitud (id_solicitud, nu_solicitud, tx_concepto, mo_solicitud, fe_solicitud, id_ente, id_moneda, id_categoria, tx_observaciones, id_usuario, id_status, fe_creado, fe_actualizado) VALUES (15, '005-19', 'Jueguetes', 6999066.58, '2019-01-09 00:00:00', 475, 1, 32, NULL, 4, 4, '2019-02-21 14:57:42', '2019-02-21 14:57:42');
INSERT INTO pagos.solicitud (id_solicitud, nu_solicitud, tx_concepto, mo_solicitud, fe_solicitud, id_ente, id_moneda, id_categoria, tx_observaciones, id_usuario, id_status, fe_creado, fe_actualizado) VALUES (16, '005-19', 'NAVIDAD 2018 MULBERRY', 6999066.58, '2019-01-09 00:00:00', 475, 1, 37, NULL, 4, 4, '2019-02-21 15:02:55', '2019-02-21 15:02:55');
INSERT INTO pagos.solicitud (id_solicitud, nu_solicitud, tx_concepto, mo_solicitud, fe_solicitud, id_ente, id_moneda, id_categoria, tx_observaciones, id_usuario, id_status, fe_creado, fe_actualizado) VALUES (18, '007-19', 'EMDOM-ELECTRODOMESTICOS', 1535492.21, '2019-01-10 00:00:00', 475, 2, 37, NULL, 4, 4, '2019-02-21 15:37:35', '2019-02-21 15:37:35');
INSERT INTO pagos.solicitud (id_solicitud, nu_solicitud, tx_concepto, mo_solicitud, fe_solicitud, id_ente, id_moneda, id_categoria, tx_observaciones, id_usuario, id_status, fe_creado, fe_actualizado) VALUES (19, '008-19', 'SALUD PALESTINA VERONESE', 11098403.00, '2019-01-10 00:00:00', 475, 2, 6, NULL, 4, 4, '2019-02-21 16:54:52', '2019-02-21 16:55:57');
INSERT INTO pagos.solicitud (id_solicitud, nu_solicitud, tx_concepto, mo_solicitud, fe_solicitud, id_ente, id_moneda, id_categoria, tx_observaciones, id_usuario, id_status, fe_creado, fe_actualizado) VALUES (21, '009-19', 'PROCURADURIA', 1300000.00, '2019-01-11 00:00:00', 475, 1, 40, NULL, 4, 4, '2019-02-22 01:46:11', '2019-02-22 01:46:11');
INSERT INTO pagos.solicitud (id_solicitud, nu_solicitud, tx_concepto, mo_solicitud, fe_solicitud, id_ente, id_moneda, id_categoria, tx_observaciones, id_usuario, id_status, fe_creado, fe_actualizado) VALUES (22, '003-19', 'ALIMENTOS', 1890000.00, '2019-01-07 00:00:00', 472, 1, 1, NULL, 4, 4, '2019-02-22 22:04:01', '2019-02-22 22:04:01');
INSERT INTO pagos.solicitud (id_solicitud, nu_solicitud, tx_concepto, mo_solicitud, fe_solicitud, id_ente, id_moneda, id_categoria, tx_observaciones, id_usuario, id_status, fe_creado, fe_actualizado) VALUES (20, '005/009-19', 'DEPORTE- D1', 773000.00, '2019-01-11 00:00:00', 475, 1, 26, NULL, 4, 4, '2019-02-21 17:29:23', '2019-02-22 22:08:08');


--
-- TOC entry 2637 (class 0 OID 19493)
-- Dependencies: 234
-- Data for Name: status; Type: TABLE DATA; Schema: pagos; Owner: -
--

INSERT INTO pagos.status (id_status, nb_status, co_status, nb_secundario, id_grupo, bo_status, id_padre, tx_observaciones, id_usuario, fe_creado, fe_actualizado, bo_credito, bo_debito, bo_oculto, nu_orden) VALUES (22, 'Activo', 'ACT', 'Activo', 5, true, 0, 'N/A', 1, '2018-06-25 00:00:00', NULL, false, false, NULL, 1);
INSERT INTO pagos.status (id_status, nb_status, co_status, nb_secundario, id_grupo, bo_status, id_padre, tx_observaciones, id_usuario, fe_creado, fe_actualizado, bo_credito, bo_debito, bo_oculto, nu_orden) VALUES (23, 'Inactivo', 'INAC', 'Inactivo', 5, true, 0, 'N/A', 1, '2018-06-25 00:00:00', NULL, false, false, NULL, 2);
INSERT INTO pagos.status (id_status, nb_status, co_status, nb_secundario, id_grupo, bo_status, id_padre, tx_observaciones, id_usuario, fe_creado, fe_actualizado, bo_credito, bo_debito, bo_oculto, nu_orden) VALUES (15, 'Políticas internas', 'PIPAGDE', 'Políticas internas (devuelto)', 29, true, 11, 'N/A', 1, '2018-06-20 00:00:00', NULL, NULL, NULL, NULL, 5);
INSERT INTO pagos.status (id_status, nb_status, co_status, nb_secundario, id_grupo, bo_status, id_padre, tx_observaciones, id_usuario, fe_creado, fe_actualizado, bo_credito, bo_debito, bo_oculto, nu_orden) VALUES (16, 'Coordenadas erradas', 'CEPAGDE', 'Coordenadas erradas (devuelto)', 29, true, 11, 'N/A', 1, '2018-06-20 00:00:00', NULL, NULL, NULL, NULL, 6);
INSERT INTO pagos.status (id_status, nb_status, co_status, nb_secundario, id_grupo, bo_status, id_padre, tx_observaciones, id_usuario, fe_creado, fe_actualizado, bo_credito, bo_debito, bo_oculto, nu_orden) VALUES (18, 'Políticas internas', 'PIPAGAN', 'Políticas internas (anulado)', 30, true, 12, 'N/A', 1, '2018-06-20 00:00:00', NULL, NULL, NULL, NULL, 8);
INSERT INTO pagos.status (id_status, nb_status, co_status, nb_secundario, id_grupo, bo_status, id_padre, tx_observaciones, id_usuario, fe_creado, fe_actualizado, bo_credito, bo_debito, bo_oculto, nu_orden) VALUES (20, 'Coordenadas erradas', 'CEPAGAN', 'Coordenadas erradas anulado', 30, true, 12, 'N/A', 1, '2018-06-20 00:00:00', NULL, NULL, NULL, NULL, 9);
INSERT INTO pagos.status (id_status, nb_status, co_status, nb_secundario, id_grupo, bo_status, id_padre, tx_observaciones, id_usuario, fe_creado, fe_actualizado, bo_credito, bo_debito, bo_oculto, nu_orden) VALUES (13, 'Acreditado', 'ACRPAG', 'Acreditado (pago)', 3, true, 0, 'N/A', 1, '2018-06-20 00:00:00', NULL, NULL, NULL, NULL, 4);
INSERT INTO pagos.status (id_status, nb_status, co_status, nb_secundario, id_grupo, bo_status, id_padre, tx_observaciones, id_usuario, fe_creado, fe_actualizado, bo_credito, bo_debito, bo_oculto, nu_orden) VALUES (27, 'En tránsito', 'ETEP', 'En Tránsito (Ejecución Pago)', 6, true, 0, 'N/A', 1, '2018-07-08 00:00:00', NULL, NULL, NULL, NULL, 1);
INSERT INTO pagos.status (id_status, nb_status, co_status, nb_secundario, id_grupo, bo_status, id_padre, tx_observaciones, id_usuario, fe_creado, fe_actualizado, bo_credito, bo_debito, bo_oculto, nu_orden) VALUES (29, 'Devuelto', 'DEVEP', 'Devuelto (Ejecución Pago)', 6, true, 0, 'N/A', 1, '2018-07-08 00:00:00', NULL, NULL, NULL, NULL, 2);
INSERT INTO pagos.status (id_status, nb_status, co_status, nb_secundario, id_grupo, bo_status, id_padre, tx_observaciones, id_usuario, fe_creado, fe_actualizado, bo_credito, bo_debito, bo_oculto, nu_orden) VALUES (30, 'Anulado', 'ANUEP', 'Anulado (Ejecución Pago)', 6, true, 0, 'N/A', 1, '2018-07-08 00:00:00', NULL, NULL, NULL, NULL, 3);
INSERT INTO pagos.status (id_status, nb_status, co_status, nb_secundario, id_grupo, bo_status, id_padre, tx_observaciones, id_usuario, fe_creado, fe_actualizado, bo_credito, bo_debito, bo_oculto, nu_orden) VALUES (31, 'Acreditado', 'ACREP', 'Acreditado (Ejecucion Pago)', 6, true, 0, 'N/A', 1, '2018-07-08 00:00:00', NULL, NULL, true, NULL, 4);
INSERT INTO pagos.status (id_status, nb_status, co_status, nb_secundario, id_grupo, bo_status, id_padre, tx_observaciones, id_usuario, fe_creado, fe_actualizado, bo_credito, bo_debito, bo_oculto, nu_orden) VALUES (1, 'Confirmado', 'COING', 'Confirmado (Ingreso)', 4, true, 0, 'N/A', 1, '2018-06-08 00:00:00', NULL, true, false, NULL, 1);
INSERT INTO pagos.status (id_status, nb_status, co_status, nb_secundario, id_grupo, bo_status, id_padre, tx_observaciones, id_usuario, fe_creado, fe_actualizado, bo_credito, bo_debito, bo_oculto, nu_orden) VALUES (2, 'Pendiente', 'PEING', 'Pendiente (Ingreso)', 4, true, 0, 'N/A', 1, '2018-06-08 00:00:00', NULL, false, false, NULL, 2);
INSERT INTO pagos.status (id_status, nb_status, co_status, nb_secundario, id_grupo, bo_status, id_padre, tx_observaciones, id_usuario, fe_creado, fe_actualizado, bo_credito, bo_debito, bo_oculto, nu_orden) VALUES (10, 'En Tránsito', 'ETPAG', 'En Tránsito (pago)', 3, true, 0, 'N/A', 1, '2018-06-20 00:00:00', NULL, false, false, NULL, 1);
INSERT INTO pagos.status (id_status, nb_status, co_status, nb_secundario, id_grupo, bo_status, id_padre, tx_observaciones, id_usuario, fe_creado, fe_actualizado, bo_credito, bo_debito, bo_oculto, nu_orden) VALUES (11, 'Devuelto', 'DEVPAG', 'Devuelto (pago)', 3, true, 0, 'N/A', 1, '2018-06-20 00:00:00', NULL, false, false, NULL, 2);
INSERT INTO pagos.status (id_status, nb_status, co_status, nb_secundario, id_grupo, bo_status, id_padre, tx_observaciones, id_usuario, fe_creado, fe_actualizado, bo_credito, bo_debito, bo_oculto, nu_orden) VALUES (12, 'Anulado', 'ANUPAG', 'Anulado (pago)', 3, true, 0, 'N/A', 1, '2018-06-20 00:00:00', NULL, false, false, NULL, 3);
INSERT INTO pagos.status (id_status, nb_status, co_status, nb_secundario, id_grupo, bo_status, id_padre, tx_observaciones, id_usuario, fe_creado, fe_actualizado, bo_credito, bo_debito, bo_oculto, nu_orden) VALUES (9, 'En Instrucción', 'TDERINST', 'Documentación en regla en proceso de instrucción (', 1, true, 0, 'N/A', 1, '2018-06-20 00:00:00', NULL, false, false, NULL, 2);
INSERT INTO pagos.status (id_status, nb_status, co_status, nb_secundario, id_grupo, bo_status, id_padre, tx_observaciones, id_usuario, fe_creado, fe_actualizado, bo_credito, bo_debito, bo_oculto, nu_orden) VALUES (21, 'Docum. incompleta', 'DIPAGAN', 'Documentación incompleta (anulado)', 30, true, 12, 'N/A', 1, '2018-06-20 00:00:00', NULL, NULL, NULL, NULL, 10);
INSERT INTO pagos.status (id_status, nb_status, co_status, nb_secundario, id_grupo, bo_status, id_padre, tx_observaciones, id_usuario, fe_creado, fe_actualizado, bo_credito, bo_debito, bo_oculto, nu_orden) VALUES (17, 'Docum. incompleta', 'DIPAGDE', 'Documentación incompleta (devuelto)', 29, true, 11, 'N/A', 1, '2018-06-20 00:00:00', NULL, NULL, NULL, NULL, 7);
INSERT INTO pagos.status (id_status, nb_status, co_status, nb_secundario, id_grupo, bo_status, id_padre, tx_observaciones, id_usuario, fe_creado, fe_actualizado, bo_credito, bo_debito, bo_oculto, nu_orden) VALUES (6, 'Espera documentación', 'AEDSOL', 'A la espera de documentación (solicitud)', 2, true, 0, 'N/A', 1, '2018-06-20 00:00:00', NULL, false, false, NULL, 2);
INSERT INTO pagos.status (id_status, nb_status, co_status, nb_secundario, id_grupo, bo_status, id_padre, tx_observaciones, id_usuario, fe_creado, fe_actualizado, bo_credito, bo_debito, bo_oculto, nu_orden) VALUES (8, 'Espera documentación', 'AEDINST', 'A la espera de documentación (instrución)', 1, true, 0, 'N/A', 1, '2018-06-20 00:00:00', NULL, false, false, NULL, 1);
INSERT INTO pagos.status (id_status, nb_status, co_status, nb_secundario, id_grupo, bo_status, id_padre, tx_observaciones, id_usuario, fe_creado, fe_actualizado, bo_credito, bo_debito, bo_oculto, nu_orden) VALUES (4, 'Docum. en regla', 'TDERSOL', 'Documentación en regla (solicitud)', 2, true, 0, 'N/A', 1, '2018-06-20 00:00:00', NULL, false, false, NULL, 1);
INSERT INTO pagos.status (id_status, nb_status, co_status, nb_secundario, id_grupo, bo_status, id_padre, tx_observaciones, id_usuario, fe_creado, fe_actualizado, bo_credito, bo_debito, bo_oculto, nu_orden) VALUES (24, 'Anulado', 'ANU', 'Anulado', 5, true, 0, 'N/A', 1, '2018-06-25 00:00:00', NULL, false, false, true, 3);
INSERT INTO pagos.status (id_status, nb_status, co_status, nb_secundario, id_grupo, bo_status, id_padre, tx_observaciones, id_usuario, fe_creado, fe_actualizado, bo_credito, bo_debito, bo_oculto, nu_orden) VALUES (26, 'Cancelado', 'CAN', 'Cancelado', 5, true, 0, 'N/A', 1, '2018-06-25 00:00:00', NULL, false, false, true, 4);


--
-- TOC entry 2639 (class 0 OID 19500)
-- Dependencies: 236
-- Data for Name: tasa; Type: TABLE DATA; Schema: pagos; Owner: -
--

INSERT INTO pagos.tasa (id_tasa, id_moneda, mo_tasa, fe_tasa, tx_observaciones, id_usuario, id_status, fe_creado, fe_actualizado) VALUES (1, 1, 24.20, '2018-06-08 00:00:00', 'N/A', 1, 22, '2018-06-08 00:00:00', NULL);


--
-- TOC entry 2641 (class 0 OID 19507)
-- Dependencies: 238
-- Data for Name: tipo_banco; Type: TABLE DATA; Schema: pagos; Owner: -
--

INSERT INTO pagos.tipo_banco (id_tipo_banco, nb_tipo_banco, tx_observaciones, id_usuario, id_status, fe_creado, fe_actualizado) VALUES (1, 'Nacional', 'N/A', 1, 22, '2018-06-08 00:00:00', NULL);
INSERT INTO pagos.tipo_banco (id_tipo_banco, nb_tipo_banco, tx_observaciones, id_usuario, id_status, fe_creado, fe_actualizado) VALUES (2, 'Internacional', 'N/A', 1, 22, '2018-06-08 00:00:00', NULL);


--
-- TOC entry 2643 (class 0 OID 19514)
-- Dependencies: 240
-- Data for Name: tipo_ente; Type: TABLE DATA; Schema: pagos; Owner: -
--

INSERT INTO pagos.tipo_ente (id_tipo_ente, nb_tipo_ente, id_clase_ente, tx_observaciones, id_usuario, id_status, fe_creado, fe_actualizado) VALUES (4, 'PROVEEDOR', 2, 'N/A', 1, 22, NULL, NULL);
INSERT INTO pagos.tipo_ente (id_tipo_ente, nb_tipo_ente, id_clase_ente, tx_observaciones, id_usuario, id_status, fe_creado, fe_actualizado) VALUES (1, 'ENTE PUBLICO', 1, 'N/A', 1, 22, '2018-06-08 00:00:00', NULL);
INSERT INTO pagos.tipo_ente (id_tipo_ente, nb_tipo_ente, id_clase_ente, tx_observaciones, id_usuario, id_status, fe_creado, fe_actualizado) VALUES (2, 'ENTE PRIVADO', 1, 'N/A', 1, 22, '2018-06-12 00:00:00', NULL);


--
-- TOC entry 2645 (class 0 OID 19521)
-- Dependencies: 242
-- Data for Name: tipo_ingreso; Type: TABLE DATA; Schema: pagos; Owner: -
--

INSERT INTO pagos.tipo_ingreso (id_tipo_ingreso, nb_tipo_ingreso, tx_observaciones, id_usuario, id_status, fe_creado, fe_actualizado) VALUES (1, 'Financiamiento', 'N/A', 1, 22, '2018-06-08 00:00:00', NULL);
INSERT INTO pagos.tipo_ingreso (id_tipo_ingreso, nb_tipo_ingreso, tx_observaciones, id_usuario, id_status, fe_creado, fe_actualizado) VALUES (2, 'Ingresos Propios', 'N/A', 1, 22, '2018-06-08 00:00:00', NULL);
INSERT INTO pagos.tipo_ingreso (id_tipo_ingreso, nb_tipo_ingreso, tx_observaciones, id_usuario, id_status, fe_creado, fe_actualizado) VALUES (4, 'Retiro de Cuentas Colectoras', 'N/A', 1, 22, '2018-06-08 00:00:00', NULL);
INSERT INTO pagos.tipo_ingreso (id_tipo_ingreso, nb_tipo_ingreso, tx_observaciones, id_usuario, id_status, fe_creado, fe_actualizado) VALUES (3, 'Fondo de Coop.  Internac. Nicaragua', 'N/A', 1, 22, '2018-06-08 00:00:00', NULL);
INSERT INTO pagos.tipo_ingreso (id_tipo_ingreso, nb_tipo_ingreso, tx_observaciones, id_usuario, id_status, fe_creado, fe_actualizado) VALUES (5, 'Venta de Divisas de Exportación ', 'N/A', 1, 22, '2018-06-08 00:00:00', NULL);
INSERT INTO pagos.tipo_ingreso (id_tipo_ingreso, nb_tipo_ingreso, tx_observaciones, id_usuario, id_status, fe_creado, fe_actualizado) VALUES (6, 'Venta de Divisas por Recaudación ', 'N/A', 1, 22, '2018-06-08 00:00:00', NULL);
INSERT INTO pagos.tipo_ingreso (id_tipo_ingreso, nb_tipo_ingreso, tx_observaciones, id_usuario, id_status, fe_creado, fe_actualizado) VALUES (7, 'Venta de Oro', 'N/A', 1, 22, '2018-06-08 00:00:00', NULL);


--
-- TOC entry 2647 (class 0 OID 19528)
-- Dependencies: 244
-- Data for Name: tipo_pago; Type: TABLE DATA; Schema: pagos; Owner: -
--

INSERT INTO pagos.tipo_pago (id_tipo_pago, nb_tipo_pago, tx_observaciones, id_usuario, id_status, fe_creado, fe_actualizado) VALUES (1, 'Total', 'N/A', 1, 22, '2018-06-08 00:00:00', NULL);
INSERT INTO pagos.tipo_pago (id_tipo_pago, nb_tipo_pago, tx_observaciones, id_usuario, id_status, fe_creado, fe_actualizado) VALUES (2, 'Parcial', 'N/A', 1, 22, '2018-06-08 00:00:00', NULL);


--
-- TOC entry 2648 (class 0 OID 19533)
-- Dependencies: 245
-- Data for Name: tr_bitacora; Type: TABLE DATA; Schema: pagos; Owner: -
--

INSERT INTO pagos.tr_bitacora (id_bitacora, co_accion, tx_tabla, in_id_tabla, tx_old_valor, tx_new_valor, fe_accion, id_usuario) VALUES (2, 'INS', 'cuenta', 2, NULL, '(2,2,24234738.23,0.00,0.00,24234738.23,,1,1,"2019-01-25 15:33:00",)', '2019-01-25 15:33:00', 1);
INSERT INTO pagos.tr_bitacora (id_bitacora, co_accion, tx_tabla, in_id_tabla, tx_old_valor, tx_new_valor, fe_accion, id_usuario) VALUES (3, 'INS', 'ingreso', 2, NULL, '(2,5,5,2,24234738.23,1.14,"2019-01-11 00:00:00","Aporte de PDVSA venta por exportacion - primer aporte del año",1,1,"2019-01-25 19:33:00","2019-01-25 19:33:00",8)', '2019-01-25 15:33:00', 1);
INSERT INTO pagos.tr_bitacora (id_bitacora, co_accion, tx_tabla, in_id_tabla, tx_old_valor, tx_new_valor, fe_accion, id_usuario) VALUES (4, 'UPD', 'cuenta', 2, '(2,2,24234738.23,0.00,0.00,24234738.23,,1,1,"2019-01-25 15:33:00",)', '(2,2,52612301.19,0.00,0.00,52612301.19,"Apote PDVSA exportacion- segundo aporte del año",1,1,"2019-01-25 15:33:00","2019-01-25 15:34:03")', '2019-01-25 15:34:03', 1);
INSERT INTO pagos.tr_bitacora (id_bitacora, co_accion, tx_tabla, in_id_tabla, tx_old_valor, tx_new_valor, fe_accion, id_usuario) VALUES (5, 'INS', 'ingreso', 3, NULL, '(3,5,5,2,28377562.96,1.13,"2019-01-18 00:00:00","Apote PDVSA exportacion- segundo aporte del año",1,1,"2019-01-25 19:34:02","2019-01-25 19:34:02",8)', '2019-01-25 15:34:03', 1);
INSERT INTO pagos.tr_bitacora (id_bitacora, co_accion, tx_tabla, in_id_tabla, tx_old_valor, tx_new_valor, fe_accion, id_usuario) VALUES (6, 'INS', 'ente', 469, NULL, '(469,BAER,1,4,"Bolivariana de Aeropuertos, S.A",1,22,"2019-01-25 19:36:44","2019-01-25 19:36:44")', '2019-01-25 15:36:44', 1);
INSERT INTO pagos.tr_bitacora (id_bitacora, co_accion, tx_tabla, in_id_tabla, tx_old_valor, tx_new_valor, fe_accion, id_usuario) VALUES (7, 'UPD', 'cuenta', 2, '(2,2,52612301.19,0.00,0.00,52612301.19,"Apote PDVSA exportacion- segundo aporte del año",1,1,"2019-01-25 15:33:00","2019-01-25 15:34:03")', '(2,2,52782301.19,0.00,0.00,52782301.19,"Venta de Divisas al BCV- Bolivariana de Seguros (BAER)",1,1,"2019-01-25 15:33:00","2019-01-25 18:14:21")', '2019-01-25 18:14:21', 1);
INSERT INTO pagos.tr_bitacora (id_bitacora, co_accion, tx_tabla, in_id_tabla, tx_old_valor, tx_new_valor, fe_accion, id_usuario) VALUES (8, 'INS', 'ingreso', 4, NULL, '(4,6,469,2,170000.00,1.14,"2019-01-07 00:00:00","Venta de Divisas al BCV- Bolivariana de Seguros (BAER)",1,1,"2019-01-25 22:14:20","2019-01-25 22:14:20",8)', '2019-01-25 18:14:21', 1);
INSERT INTO pagos.tr_bitacora (id_bitacora, co_accion, tx_tabla, in_id_tabla, tx_old_valor, tx_new_valor, fe_accion, id_usuario) VALUES (9, 'UPD', 'cuenta', 2, '(2,2,52782301.19,0.00,0.00,52782301.19,"Venta de Divisas al BCV- Bolivariana de Seguros (BAER)",1,1,"2019-01-25 15:33:00","2019-01-25 18:14:21")', '(2,2,52808301.19,0.00,0.00,52808301.19,"Venta de divisas de BAER al BCV oficio N° BSR/PRES/11/410 28/11/2018",1,1,"2019-01-25 15:33:00","2019-01-25 18:15:57")', '2019-01-25 18:15:57', 1);
INSERT INTO pagos.tr_bitacora (id_bitacora, co_accion, tx_tabla, in_id_tabla, tx_old_valor, tx_new_valor, fe_accion, id_usuario) VALUES (10, 'INS', 'ingreso', 5, NULL, '(5,6,469,2,26000.00,1.13,"2019-01-07 00:00:00","Venta de divisas de BAER al BCV oficio N° BSR/PRES/11/410 28/11/2018",1,1,"2019-01-25 22:15:57","2019-01-25 22:15:57",8)', '2019-01-25 18:15:57', 1);
INSERT INTO pagos.tr_bitacora (id_bitacora, co_accion, tx_tabla, in_id_tabla, tx_old_valor, tx_new_valor, fe_accion, id_usuario) VALUES (11, 'INS', 'ente', 470, NULL, '(470,"Gastos Propios BCV",1,5,"Instrucciones aprobadas para BCV- gastos por funcionamiento, papel moneda, rescate de notas.",1,22,"2019-01-25 22:32:04","2019-01-25 22:32:04")', '2019-01-25 18:32:05', 1);
INSERT INTO pagos.tr_bitacora (id_bitacora, co_accion, tx_tabla, in_id_tabla, tx_old_valor, tx_new_valor, fe_accion, id_usuario) VALUES (12, 'INS', 'ente', 471, NULL, '(471,"Banco Central de Venezuela",1,5,"Gastos propios por funcionamiento del Banco Central de Venezuela",1,22,"2019-01-25 22:35:14","2019-01-25 22:35:14")', '2019-01-25 18:35:15', 1);
INSERT INTO pagos.tr_bitacora (id_bitacora, co_accion, tx_tabla, in_id_tabla, tx_old_valor, tx_new_valor, fe_accion, id_usuario) VALUES (13, 'INS', 'solicitud', 2, NULL, '(2,001-19,"Adquisicion del papel moneda",20000000.00,"2019-01-03 00:00:00",471,1,5,"tipo de cambio 1,1466- billetes",1,4,"2019-01-25 22:36:30","2019-01-25 22:36:30")', '2019-01-25 18:36:31', 1);
INSERT INTO pagos.tr_bitacora (id_bitacora, co_accion, tx_tabla, in_id_tabla, tx_old_valor, tx_new_valor, fe_accion, id_usuario) VALUES (14, 'INS', 'solicitud', 3, NULL, '(3,002-19,"Adquisicion de papel moneda",539160.00,"2019-01-03 00:00:00",471,1,5,"tipo de cambio 1,1466",1,4,"2019-01-25 22:38:07","2019-01-25 22:38:07")', '2019-01-25 18:38:08', 1);
INSERT INTO pagos.tr_bitacora (id_bitacora, co_accion, tx_tabla, in_id_tabla, tx_old_valor, tx_new_valor, fe_accion, id_usuario) VALUES (15, 'UPD', 'cuenta', 2, '(2,2,52808301.19,0.00,0.00,52808301.19,"Venta de divisas de BAER al BCV oficio N° BSR/PRES/11/410 28/11/2018",1,1,"2019-01-25 15:33:00","2019-01-25 18:15:57")', '(2,2,32808301.19,20000000.00,0.00,52808301.19,,1,1,"2019-01-25 15:33:00","2019-01-25 18:57:36")', '2019-01-25 18:57:36', 1);
INSERT INTO pagos.tr_bitacora (id_bitacora, co_accion, tx_tabla, in_id_tabla, tx_old_valor, tx_new_valor, fe_accion, id_usuario) VALUES (16, 'INS', 'instruccion', 2, NULL, '(2,2,,3,001-19,001-19,t,"2019-01-07 00:00:00",20000000.00,2,,1,1,"2019-01-25 22:57:36","2019-01-25 22:57:36")', '2019-01-25 18:57:36', 1);
INSERT INTO pagos.tr_bitacora (id_bitacora, co_accion, tx_tabla, in_id_tabla, tx_old_valor, tx_new_valor, fe_accion, id_usuario) VALUES (17, 'UPD', 'cuenta', 2, '(2,2,32808301.19,20000000.00,0.00,52808301.19,,1,1,"2019-01-25 15:33:00","2019-01-25 18:57:36")', '(2,2,52269141.19,20539160.00,0.00,52808301.19,,1,1,"2019-01-25 15:33:00","2019-01-25 18:59:16")', '2019-01-25 18:59:16', 1);
INSERT INTO pagos.tr_bitacora (id_bitacora, co_accion, tx_tabla, in_id_tabla, tx_old_valor, tx_new_valor, fe_accion, id_usuario) VALUES (18, 'INS', 'instruccion', 3, NULL, '(3,3,,3,002-19,002-19,t,"2019-01-07 00:00:00",539160.00,2,,1,1,"2019-01-25 22:59:15","2019-01-25 22:59:15")', '2019-01-25 18:59:16', 1);
INSERT INTO pagos.tr_bitacora (id_bitacora, co_accion, tx_tabla, in_id_tabla, tx_old_valor, tx_new_valor, fe_accion, id_usuario) VALUES (19, 'UPD', 'usuario', 4, '(4,dduran,$2y$10$FfrmFiUOtGSJgFNHAqAvR.9tK4jNkzhmQ.JVWot6aYyEKYp4mqVFG,24557629,DAIMAR,DURAN,,22,"2018-10-19 18:45:47","2019-01-25 18:08:35",lbiXTukOTbKQXK59NKsldMEjHjmN88M7uIqXuVvviSd1pl7w0bT8p7EBpP51,)', '(4,dduran,$2y$10$FfrmFiUOtGSJgFNHAqAvR.9tK4jNkzhmQ.JVWot6aYyEKYp4mqVFG,24557629,DAIMAR,DURAN,,22,"2018-10-19 18:45:47","2019-01-25 18:08:35",v4JHytsHIuEAqoL6gXz6EqbkozSBv8RverxCn6fddizEOjwFE9n75LDKkz8O,)', '2019-01-25 19:03:42', 4);
INSERT INTO pagos.tr_bitacora (id_bitacora, co_accion, tx_tabla, in_id_tabla, tx_old_valor, tx_new_valor, fe_accion, id_usuario) VALUES (20, 'INS', 'ente', 472, NULL, '(472,CORPOVEX,1,5,,1,22,"2019-01-25 23:06:05","2019-01-25 23:06:05")', '2019-01-25 19:06:06', 1);
INSERT INTO pagos.tr_bitacora (id_bitacora, co_accion, tx_tabla, in_id_tabla, tx_old_valor, tx_new_valor, fe_accion, id_usuario) VALUES (21, 'INS', 'solicitud', 4, NULL, '(4,18001711,Alimentos,15120000.00,"2019-01-07 00:00:00",472,1,1,"oficio mandato 003-19 tipo de cambio 1,1466",1,4,"2019-01-25 23:07:00","2019-01-25 23:07:00")', '2019-01-25 19:07:01', 1);
INSERT INTO pagos.tr_bitacora (id_bitacora, co_accion, tx_tabla, in_id_tabla, tx_old_valor, tx_new_valor, fe_accion, id_usuario) VALUES (22, 'INS', 'solicitud', 5, NULL, '(5,18001724,Alimentos,16050000.00,"2019-01-07 00:00:00",472,1,1,"mandato 003-19",1,4,"2019-01-25 23:08:21","2019-01-25 23:08:21")', '2019-01-25 19:08:21', 1);
INSERT INTO pagos.tr_bitacora (id_bitacora, co_accion, tx_tabla, in_id_tabla, tx_old_valor, tx_new_valor, fe_accion, id_usuario) VALUES (23, 'UPD', 'cuenta', 2, '(2,2,52269141.19,20539160.00,0.00,52808301.19,,1,1,"2019-01-25 15:33:00","2019-01-25 18:59:16")', '(2,2,52286141.19,20539160.00,0.00,52825301.19,"Venta de Divisas al BCV- Bolivariana de Seguros (BAER)",1,1,"2019-01-25 15:33:00","2019-01-28 09:17:22")', '2019-01-28 09:17:22', 1);
INSERT INTO pagos.tr_bitacora (id_bitacora, co_accion, tx_tabla, in_id_tabla, tx_old_valor, tx_new_valor, fe_accion, id_usuario) VALUES (24, 'UPD', 'ingreso', 4, '(4,6,469,2,170000.00,1.14,"2019-01-07 00:00:00","Venta de Divisas al BCV- Bolivariana de Seguros (BAER)",1,1,"2019-01-25 22:14:20","2019-01-25 22:14:20",8)', '(4,6,469,2,17000.00,1.14,"2019-01-07 00:00:00","Venta de Divisas al BCV- Bolivariana de Seguros (BAER)",1,1,"2019-01-25 22:14:20","2019-01-25 22:14:20",8)', '2019-01-28 09:17:22', 1);
INSERT INTO pagos.tr_bitacora (id_bitacora, co_accion, tx_tabla, in_id_tabla, tx_old_valor, tx_new_valor, fe_accion, id_usuario) VALUES (25, 'UPD', 'cuenta', 2, '(2,2,52286141.19,20539160.00,0.00,52825301.19,"Venta de Divisas al BCV- Bolivariana de Seguros (BAER)",1,1,"2019-01-25 15:33:00","2019-01-28 09:17:22")', '(2,2,52456141.19,20539160.00,0.00,52995301.19,"Venta de Divisas al BCV- Bolivariana de Seguros (BAER)",1,1,"2019-01-25 15:33:00","2019-01-28 09:18:23")', '2019-01-28 09:18:23', 1);
INSERT INTO pagos.tr_bitacora (id_bitacora, co_accion, tx_tabla, in_id_tabla, tx_old_valor, tx_new_valor, fe_accion, id_usuario) VALUES (26, 'UPD', 'ingreso', 4, '(4,6,469,2,17000.00,1.14,"2019-01-07 00:00:00","Venta de Divisas al BCV- Bolivariana de Seguros (BAER)",1,1,"2019-01-25 22:14:20","2019-01-25 22:14:20",8)', '(4,6,469,2,170000.00,1.14,"2019-01-07 00:00:00","Venta de Divisas al BCV- Bolivariana de Seguros (BAER)",1,1,"2019-01-25 22:14:20","2019-01-25 22:14:20",8)', '2019-01-28 09:18:23', 1);
INSERT INTO pagos.tr_bitacora (id_bitacora, co_accion, tx_tabla, in_id_tabla, tx_old_valor, tx_new_valor, fe_accion, id_usuario) VALUES (27, 'UPD', 'cuenta', 2, '(2,2,52456141.19,20539160.00,0.00,52995301.19,"Venta de Divisas al BCV- Bolivariana de Seguros (BAER)",1,1,"2019-01-25 15:33:00","2019-01-28 09:18:23")', '(2,2,52456141.19,20539160.00,0.00,52655301.19,"Venta de Divisas al BCV- Bolivariana de Seguros (BAER)",1,1,"2019-01-25 15:33:00","2019-01-28 09:18:23")', '2019-01-28 09:24:50', 1);
INSERT INTO pagos.tr_bitacora (id_bitacora, co_accion, tx_tabla, in_id_tabla, tx_old_valor, tx_new_valor, fe_accion, id_usuario) VALUES (28, 'UPD', 'ingreso', 4, '(4,6,469,2,170000.00,1.14,"2019-01-07 00:00:00","Venta de Divisas al BCV- Bolivariana de Seguros (BAER)",1,1,"2019-01-25 22:14:20","2019-01-25 22:14:20",8)', '(4,6,469,2,17000.00,1.14,"2019-01-07 00:00:00","Venta de Divisas al BCV- Bolivariana de Seguros (BAER)",1,1,"2019-01-25 22:14:20","2019-01-25 22:14:20",8)', '2019-01-28 09:25:16', 1);
INSERT INTO pagos.tr_bitacora (id_bitacora, co_accion, tx_tabla, in_id_tabla, tx_old_valor, tx_new_valor, fe_accion, id_usuario) VALUES (29, 'UPD', 'cuenta', 2, '(2,2,52456141.19,20539160.00,0.00,52655301.19,"Venta de Divisas al BCV- Bolivariana de Seguros (BAER)",1,1,"2019-01-25 15:33:00","2019-01-28 09:18:23")', '(2,2,32116141.19,20539160.00,0.00,52655301.19,"Venta de Divisas al BCV- Bolivariana de Seguros (BAER)",1,1,"2019-01-25 15:33:00","2019-01-28 09:18:23")', '2019-01-28 10:04:49', 1);
INSERT INTO pagos.tr_bitacora (id_bitacora, co_accion, tx_tabla, in_id_tabla, tx_old_valor, tx_new_valor, fe_accion, id_usuario) VALUES (30, 'UPD', 'ente', 22, '(22,"PROOVEEDOR PRUEBA",4,6,,1,22,"2019-01-18 14:31:47","2019-01-18 14:31:47")', '(22,"PROOVEEDOR PRUEBA",4,6,,1,23,"2019-01-18 14:31:47","2019-01-28 15:02:20")', '2019-01-28 11:02:21', 1);
INSERT INTO pagos.tr_bitacora (id_bitacora, co_accion, tx_tabla, in_id_tabla, tx_old_valor, tx_new_valor, fe_accion, id_usuario) VALUES (31, 'UPD', 'usuario', 6, '(6,jgarcia,$2y$10$2gbtRvJOxNuvy0nAfFVCiObpomdO06hBtJvRIH.YBgoZELYUTINUu,22558788,Josmary,García,,22,"2019-01-25 18:07:13","2019-01-25 18:07:13",,)', '(6,jgarcia,$2y$10$2gbtRvJOxNuvy0nAfFVCiObpomdO06hBtJvRIH.YBgoZELYUTINUu,22558788,Josmary,García,,22,"2019-01-25 18:07:13","2019-01-25 18:07:13",PrHcykySvtMnf1luwGJ4IGhQPBFNGw82hFDbW8pnpL0BEYI8hWwZnVREyJHM,)', '2019-01-28 11:48:28', 6);
INSERT INTO pagos.tr_bitacora (id_bitacora, co_accion, tx_tabla, in_id_tabla, tx_old_valor, tx_new_valor, fe_accion, id_usuario) VALUES (32, 'UPD', 'ente', 23, '(23,"AAS SIST AEROESPACIAL AVIACAO LDA",2,5,,1,22,"2018-10-17 00:00:00",)', '(23,"AAS SIST AEROESPACIAL AVIACAO LDA",4,6,,1,22,"2018-10-17 00:00:00",)', '2019-01-28 13:33:37', 1);
INSERT INTO pagos.tr_bitacora (id_bitacora, co_accion, tx_tabla, in_id_tabla, tx_old_valor, tx_new_valor, fe_accion, id_usuario) VALUES (33, 'UPD', 'ente', 27, '(27,"ADQUISICION DE MATERIALES PARA AERONAVES",2,5,,1,22,"2018-10-17 00:00:00",)', '(27,"ADQUISICION DE MATERIALES PARA AERONAVES",4,6,,1,22,"2018-10-17 00:00:00",)', '2019-01-28 13:33:37', 1);
INSERT INTO pagos.tr_bitacora (id_bitacora, co_accion, tx_tabla, in_id_tabla, tx_old_valor, tx_new_valor, fe_accion, id_usuario) VALUES (34, 'UPD', 'ente', 28, '(28,"ADR3 LLC",2,5,,1,22,"2018-10-17 00:00:00",)', '(28,"ADR3 LLC",4,6,,1,22,"2018-10-17 00:00:00",)', '2019-01-28 13:33:37', 1);
INSERT INTO pagos.tr_bitacora (id_bitacora, co_accion, tx_tabla, in_id_tabla, tx_old_valor, tx_new_valor, fe_accion, id_usuario) VALUES (35, 'UPD', 'ente', 29, '(29,"ADUCARGA EXPRESS SA",2,5,,1,22,"2018-10-17 00:00:00",)', '(29,"ADUCARGA EXPRESS SA",4,6,,1,22,"2018-10-17 00:00:00",)', '2019-01-28 13:33:37', 1);
INSERT INTO pagos.tr_bitacora (id_bitacora, co_accion, tx_tabla, in_id_tabla, tx_old_valor, tx_new_valor, fe_accion, id_usuario) VALUES (36, 'UPD', 'ente', 32, '(32,"AGREGADURIA DE DEFENSA DE LA REPUBLICA BOLIVARIANA DE VENEZUELA",1,5,,1,22,"2018-10-17 00:00:00",)', '(32,"AGREGADURIA DE DEFENSA DE LA REPUBLICA BOLIVARIANA DE VENEZUELA",4,6,,1,22,"2018-10-17 00:00:00",)', '2019-01-28 13:33:37', 1);
INSERT INTO pagos.tr_bitacora (id_bitacora, co_accion, tx_tabla, in_id_tabla, tx_old_valor, tx_new_valor, fe_accion, id_usuario) VALUES (37, 'UPD', 'ente', 33, '(33,"AGREGADURIA MILITAR NAVAL Y AEREA DE LA EMBAJADA DE LA REPUBLICA BOLIVARIANA DE VENEZUELA EN BELARUS",1,5,,1,22,"2018-10-17 00:00:00",)', '(33,"AGREGADURIA MILITAR NAVAL Y AEREA DE LA EMBAJADA DE LA REPUBLICA BOLIVARIANA DE VENEZUELA EN BELARUS",4,6,,1,22,"2018-10-17 00:00:00",)', '2019-01-28 13:33:37', 1);
INSERT INTO pagos.tr_bitacora (id_bitacora, co_accion, tx_tabla, in_id_tabla, tx_old_valor, tx_new_valor, fe_accion, id_usuario) VALUES (38, 'UPD', 'ente', 34, '(34,AGREMVE-COMPENSACIONES,2,5,,1,22,"2018-10-17 00:00:00",)', '(34,AGREMVE-COMPENSACIONES,4,6,,1,22,"2018-10-17 00:00:00",)', '2019-01-28 13:33:37', 1);
INSERT INTO pagos.tr_bitacora (id_bitacora, co_accion, tx_tabla, in_id_tabla, tx_old_valor, tx_new_valor, fe_accion, id_usuario) VALUES (39, 'UPD', 'ente', 35, '(35,"AGRICARNITEC SANTINI E.C.SRL",2,5,,1,22,"2018-10-17 00:00:00",)', '(35,"AGRICARNITEC SANTINI E.C.SRL",4,6,,1,22,"2018-10-17 00:00:00",)', '2019-01-28 13:33:37', 1);
INSERT INTO pagos.tr_bitacora (id_bitacora, co_accion, tx_tabla, in_id_tabla, tx_old_valor, tx_new_valor, fe_accion, id_usuario) VALUES (40, 'UPD', 'ente', 36, '(36,"AGUILERA ESTELLER SERGIO ALEXIS RAMON",2,5,,1,22,"2018-10-17 00:00:00",)', '(36,"AGUILERA ESTELLER SERGIO ALEXIS RAMON",4,6,,1,22,"2018-10-17 00:00:00",)', '2019-01-28 13:33:37', 1);
INSERT INTO pagos.tr_bitacora (id_bitacora, co_accion, tx_tabla, in_id_tabla, tx_old_valor, tx_new_valor, fe_accion, id_usuario) VALUES (41, 'UPD', 'ente', 39, '(39,"ALAIN PELLET",2,5,,1,22,"2018-10-17 00:00:00",)', '(39,"ALAIN PELLET",4,6,,1,22,"2018-10-17 00:00:00",)', '2019-01-28 13:33:37', 1);
INSERT INTO pagos.tr_bitacora (id_bitacora, co_accion, tx_tabla, in_id_tabla, tx_old_valor, tx_new_valor, fe_accion, id_usuario) VALUES (42, 'UPD', 'ente', 40, '(40,"ALASO USA CORP",2,5,,1,22,"2018-10-17 00:00:00",)', '(40,"ALASO USA CORP",4,6,,1,22,"2018-10-17 00:00:00",)', '2019-01-28 13:33:37', 1);
INSERT INTO pagos.tr_bitacora (id_bitacora, co_accion, tx_tabla, in_id_tabla, tx_old_valor, tx_new_valor, fe_accion, id_usuario) VALUES (43, 'UPD', 'ente', 469, '(469,BAER,1,4,"Bolivariana de Aeropuertos, S.A",1,22,"2019-01-25 19:36:44","2019-01-25 19:36:44")', '(469,BAER,4,6,"Bolivariana de Aeropuertos, S.A",1,22,"2019-01-25 19:36:44","2019-01-25 19:36:44")', '2019-01-28 13:33:37', 1);
INSERT INTO pagos.tr_bitacora (id_bitacora, co_accion, tx_tabla, in_id_tabla, tx_old_valor, tx_new_valor, fe_accion, id_usuario) VALUES (44, 'UPD', 'ente', 470, '(470,"Gastos Propios BCV",1,5,"Instrucciones aprobadas para BCV- gastos por funcionamiento, papel moneda, rescate de notas.",1,22,"2019-01-25 22:32:04","2019-01-25 22:32:04")', '(470,"Gastos Propios BCV",4,6,"Instrucciones aprobadas para BCV- gastos por funcionamiento, papel moneda, rescate de notas.",1,22,"2019-01-25 22:32:04","2019-01-25 22:32:04")', '2019-01-28 13:33:37', 1);
INSERT INTO pagos.tr_bitacora (id_bitacora, co_accion, tx_tabla, in_id_tabla, tx_old_valor, tx_new_valor, fe_accion, id_usuario) VALUES (45, 'UPD', 'ente', 41, '(41,"ALBAID CORP",2,5,,1,22,"2018-10-17 00:00:00",)', '(41,"ALBAID CORP",4,6,,1,22,"2018-10-17 00:00:00",)', '2019-01-28 13:33:37', 1);
INSERT INTO pagos.tr_bitacora (id_bitacora, co_accion, tx_tabla, in_id_tabla, tx_old_valor, tx_new_valor, fe_accion, id_usuario) VALUES (46, 'UPD', 'ente', 42, '(42,"ALEJANDRA JHONAY DE JESUS BENITEZ ROMERO",2,5,,1,22,"2018-10-17 00:00:00",)', '(42,"ALEJANDRA JHONAY DE JESUS BENITEZ ROMERO",4,6,,1,22,"2018-10-17 00:00:00",)', '2019-01-28 13:33:37', 1);
INSERT INTO pagos.tr_bitacora (id_bitacora, co_accion, tx_tabla, in_id_tabla, tx_old_valor, tx_new_valor, fe_accion, id_usuario) VALUES (47, 'UPD', 'ente', 44, '(44,"ALTOPACK S.P.A",2,5,,1,22,"2018-10-17 00:00:00",)', '(44,"ALTOPACK S.P.A",4,6,,1,22,"2018-10-17 00:00:00",)', '2019-01-28 13:33:37', 1);
INSERT INTO pagos.tr_bitacora (id_bitacora, co_accion, tx_tabla, in_id_tabla, tx_old_valor, tx_new_valor, fe_accion, id_usuario) VALUES (48, 'UPD', 'ente', 170, '(170,"EMDOM C.A",2,5,,1,22,"2018-10-17 00:00:00",)', '(170,"EMDOM C.A",4,6,,1,22,"2018-10-17 00:00:00",)', '2019-01-28 13:33:37', 1);
INSERT INTO pagos.tr_bitacora (id_bitacora, co_accion, tx_tabla, in_id_tabla, tx_old_valor, tx_new_valor, fe_accion, id_usuario) VALUES (49, 'UPD', 'ente', 471, '(471,"Banco Central de Venezuela",1,5,"Gastos propios por funcionamiento del Banco Central de Venezuela",1,22,"2019-01-25 22:35:14","2019-01-25 22:35:14")', '(471,"Banco Central de Venezuela",4,6,"Gastos propios por funcionamiento del Banco Central de Venezuela",1,22,"2019-01-25 22:35:14","2019-01-25 22:35:14")', '2019-01-28 13:33:37', 1);
INSERT INTO pagos.tr_bitacora (id_bitacora, co_accion, tx_tabla, in_id_tabla, tx_old_valor, tx_new_valor, fe_accion, id_usuario) VALUES (50, 'UPD', 'ente', 45, '(45,"ALVARO LIBRAN LANDABURO",2,5,,1,22,"2018-10-17 00:00:00",)', '(45,"ALVARO LIBRAN LANDABURO",4,6,,1,22,"2018-10-17 00:00:00",)', '2019-01-28 13:33:37', 1);
INSERT INTO pagos.tr_bitacora (id_bitacora, co_accion, tx_tabla, in_id_tabla, tx_old_valor, tx_new_valor, fe_accion, id_usuario) VALUES (51, 'UPD', 'ente', 472, '(472,CORPOVEX,1,5,,1,22,"2019-01-25 23:06:05","2019-01-25 23:06:05")', '(472,CORPOVEX,4,6,,1,22,"2019-01-25 23:06:05","2019-01-25 23:06:05")', '2019-01-28 13:33:37', 1);
INSERT INTO pagos.tr_bitacora (id_bitacora, co_accion, tx_tabla, in_id_tabla, tx_old_valor, tx_new_valor, fe_accion, id_usuario) VALUES (52, 'UPD', 'ente', 46, '(46,"AMBASCIANA DEL VENEZUELA IN ITALIA",2,5,,1,22,"2018-10-17 00:00:00",)', '(46,"AMBASCIANA DEL VENEZUELA IN ITALIA",4,6,,1,22,"2018-10-17 00:00:00",)', '2019-01-28 13:33:37', 1);
INSERT INTO pagos.tr_bitacora (id_bitacora, co_accion, tx_tabla, in_id_tabla, tx_old_valor, tx_new_valor, fe_accion, id_usuario) VALUES (53, 'UPD', 'ente', 47, '(47,"AMBASSADE DU VENEZUELA",2,5,,1,22,"2018-10-17 00:00:00",)', '(47,"AMBASSADE DU VENEZUELA",4,6,,1,22,"2018-10-17 00:00:00",)', '2019-01-28 13:33:37', 1);
INSERT INTO pagos.tr_bitacora (id_bitacora, co_accion, tx_tabla, in_id_tabla, tx_old_valor, tx_new_valor, fe_accion, id_usuario) VALUES (54, 'UPD', 'ente', 129, '(129,"CORPORACION INDUSTRIAS DEL SUR SRL",2,5,,1,22,"2018-10-17 00:00:00",)', '(129,"CORPORACION INDUSTRIAS DEL SUR SRL",4,6,,1,22,"2018-10-17 00:00:00",)', '2019-01-28 13:33:37', 1);
INSERT INTO pagos.tr_bitacora (id_bitacora, co_accion, tx_tabla, in_id_tabla, tx_old_valor, tx_new_valor, fe_accion, id_usuario) VALUES (55, 'UPD', 'ente', 48, '(48,"AMTEX POWER AND EQUIPMENT SERVICES CO. LTD",2,5,,1,22,"2018-10-17 00:00:00",)', '(48,"AMTEX POWER AND EQUIPMENT SERVICES CO. LTD",4,6,,1,22,"2018-10-17 00:00:00",)', '2019-01-28 13:33:37', 1);
INSERT INTO pagos.tr_bitacora (id_bitacora, co_accion, tx_tabla, in_id_tabla, tx_old_valor, tx_new_valor, fe_accion, id_usuario) VALUES (56, 'UPD', 'ente', 49, '(49,"ANIS SERVICES, S.A",2,5,,1,22,"2018-10-17 00:00:00",)', '(49,"ANIS SERVICES, S.A",4,6,,1,22,"2018-10-17 00:00:00",)', '2019-01-28 13:33:37', 1);
INSERT INTO pagos.tr_bitacora (id_bitacora, co_accion, tx_tabla, in_id_tabla, tx_old_valor, tx_new_valor, fe_accion, id_usuario) VALUES (57, 'UPD', 'ente', 50, '(50,"ANTONIO REMIRO SL",2,5,,1,22,"2018-10-17 00:00:00",)', '(50,"ANTONIO REMIRO SL",4,6,,1,22,"2018-10-17 00:00:00",)', '2019-01-28 13:33:37', 1);
INSERT INTO pagos.tr_bitacora (id_bitacora, co_accion, tx_tabla, in_id_tabla, tx_old_valor, tx_new_valor, fe_accion, id_usuario) VALUES (58, 'UPD', 'ente', 51, '(51,"APSP CO, LTD",2,5,,1,22,"2018-10-17 00:00:00",)', '(51,"APSP CO, LTD",4,6,,1,22,"2018-10-17 00:00:00",)', '2019-01-28 13:33:37', 1);
INSERT INTO pagos.tr_bitacora (id_bitacora, co_accion, tx_tabla, in_id_tabla, tx_old_valor, tx_new_valor, fe_accion, id_usuario) VALUES (59, 'UPD', 'ente', 52, '(52,"ARNOLD AND PORTER KAYE SCHOLER UK LLP",2,5,,1,22,"2018-10-17 00:00:00",)', '(52,"ARNOLD AND PORTER KAYE SCHOLER UK LLP",4,6,,1,22,"2018-10-17 00:00:00",)', '2019-01-28 13:33:37', 1);
INSERT INTO pagos.tr_bitacora (id_bitacora, co_accion, tx_tabla, in_id_tabla, tx_old_valor, tx_new_valor, fe_accion, id_usuario) VALUES (60, 'UPD', 'ente', 53, '(53,"ASASI FOOD FZC / ZWETAN ZANEV ART.39 BA",2,5,,1,22,"2018-10-17 00:00:00",)', '(53,"ASASI FOOD FZC / ZWETAN ZANEV ART.39 BA",4,6,,1,22,"2018-10-17 00:00:00",)', '2019-01-28 13:33:37', 1);
INSERT INTO pagos.tr_bitacora (id_bitacora, co_accion, tx_tabla, in_id_tabla, tx_old_valor, tx_new_valor, fe_accion, id_usuario) VALUES (61, 'UPD', 'ente', 54, '(54,"ASEL CORP S.A",2,5,,1,22,"2018-10-17 00:00:00",)', '(54,"ASEL CORP S.A",4,6,,1,22,"2018-10-17 00:00:00",)', '2019-01-28 13:33:37', 1);
INSERT INTO pagos.tr_bitacora (id_bitacora, co_accion, tx_tabla, in_id_tabla, tx_old_valor, tx_new_valor, fe_accion, id_usuario) VALUES (62, 'UPD', 'ente', 55, '(55,"ATECH NEGOCIOS EM TECNOLOGIES S.A",2,5,,1,22,"2018-10-17 00:00:00",)', '(55,"ATECH NEGOCIOS EM TECNOLOGIES S.A",4,6,,1,22,"2018-10-17 00:00:00",)', '2019-01-28 13:33:37', 1);
INSERT INTO pagos.tr_bitacora (id_bitacora, co_accion, tx_tabla, in_id_tabla, tx_old_valor, tx_new_valor, fe_accion, id_usuario) VALUES (63, 'UPD', 'ente', 56, '(56,"ATLAS FOOD FZE C/O ZWETAN ART.39 BA",2,5,,1,22,"2018-10-17 00:00:00",)', '(56,"ATLAS FOOD FZE C/O ZWETAN ART.39 BA",4,6,,1,22,"2018-10-17 00:00:00",)', '2019-01-28 13:33:37', 1);
INSERT INTO pagos.tr_bitacora (id_bitacora, co_accion, tx_tabla, in_id_tabla, tx_old_valor, tx_new_valor, fe_accion, id_usuario) VALUES (64, 'UPD', 'ente', 57, '(57,"ATOM TRAVEL",2,5,,1,22,"2018-10-17 00:00:00",)', '(57,"ATOM TRAVEL",4,6,,1,22,"2018-10-17 00:00:00",)', '2019-01-28 13:33:37', 1);
INSERT INTO pagos.tr_bitacora (id_bitacora, co_accion, tx_tabla, in_id_tabla, tx_old_valor, tx_new_valor, fe_accion, id_usuario) VALUES (65, 'UPD', 'ente', 58, '(58,"AUTOPARTES LARA C.A. C/O ZWETAN ZANEV ART. 39 BA",2,5,,1,22,"2018-10-17 00:00:00",)', '(58,"AUTOPARTES LARA C.A. C/O ZWETAN ZANEV ART. 39 BA",4,6,,1,22,"2018-10-17 00:00:00",)', '2019-01-28 13:33:37', 1);
INSERT INTO pagos.tr_bitacora (id_bitacora, co_accion, tx_tabla, in_id_tabla, tx_old_valor, tx_new_valor, fe_accion, id_usuario) VALUES (66, 'UPD', 'ente', 59, '(59,"AVIATION EXCHANGE GROUP",2,5,,1,22,"2018-10-17 00:00:00",)', '(59,"AVIATION EXCHANGE GROUP",4,6,,1,22,"2018-10-17 00:00:00",)', '2019-01-28 13:33:37', 1);
INSERT INTO pagos.tr_bitacora (id_bitacora, co_accion, tx_tabla, in_id_tabla, tx_old_valor, tx_new_valor, fe_accion, id_usuario) VALUES (67, 'UPD', 'ente', 157, '(157,"EBURY PARTNERS UK LIMITED RESOLUCIONES INTEGRALES BFOR,S.L",2,5,,1,22,"2018-10-17 00:00:00",)', '(157,"EBURY PARTNERS UK LIMITED RESOLUCIONES INTEGRALES BFOR,S.L",4,6,,1,22,"2018-10-17 00:00:00",)', '2019-01-28 13:33:37', 1);
INSERT INTO pagos.tr_bitacora (id_bitacora, co_accion, tx_tabla, in_id_tabla, tx_old_valor, tx_new_valor, fe_accion, id_usuario) VALUES (68, 'UPD', 'ente', 60, '(60,"AVIATION SUPPLY COMPANY INTERNATIONAL LIMITED",2,5,,1,22,"2018-10-17 00:00:00",)', '(60,"AVIATION SUPPLY COMPANY INTERNATIONAL LIMITED",4,6,,1,22,"2018-10-17 00:00:00",)', '2019-01-28 13:33:37', 1);
INSERT INTO pagos.tr_bitacora (id_bitacora, co_accion, tx_tabla, in_id_tabla, tx_old_valor, tx_new_valor, fe_accion, id_usuario) VALUES (69, 'UPD', 'ente', 61, '(61,"BACKBONE INVESTMENTS S.L",2,5,,1,22,"2018-10-17 00:00:00",)', '(61,"BACKBONE INVESTMENTS S.L",4,6,,1,22,"2018-10-17 00:00:00",)', '2019-01-28 13:33:37', 1);
INSERT INTO pagos.tr_bitacora (id_bitacora, co_accion, tx_tabla, in_id_tabla, tx_old_valor, tx_new_valor, fe_accion, id_usuario) VALUES (70, 'UPD', 'ente', 62, '(62,"BANCO BICENTENARIO DEL PUEBLO",1,5,,1,22,"2018-10-17 00:00:00",)', '(62,"BANCO BICENTENARIO DEL PUEBLO",4,6,,1,22,"2018-10-17 00:00:00",)', '2019-01-28 13:33:37', 1);
INSERT INTO pagos.tr_bitacora (id_bitacora, co_accion, tx_tabla, in_id_tabla, tx_old_valor, tx_new_valor, fe_accion, id_usuario) VALUES (71, 'UPD', 'ente', 63, '(63,"BANCO CENTRAL DE NICARAGUA",2,5,,1,22,"2018-10-17 00:00:00",)', '(63,"BANCO CENTRAL DE NICARAGUA",4,6,,1,22,"2018-10-17 00:00:00",)', '2019-01-28 13:33:37', 1);
INSERT INTO pagos.tr_bitacora (id_bitacora, co_accion, tx_tabla, in_id_tabla, tx_old_valor, tx_new_valor, fe_accion, id_usuario) VALUES (72, 'UPD', 'ente', 64, '(64,"BANCO DE COMERCIO EXTERIOR DE VENEZUELA, BANCOEX",1,5,,1,22,"2018-10-17 00:00:00",)', '(64,"BANCO DE COMERCIO EXTERIOR DE VENEZUELA, BANCOEX",4,6,,1,22,"2018-10-17 00:00:00",)', '2019-01-28 13:33:37', 1);
INSERT INTO pagos.tr_bitacora (id_bitacora, co_accion, tx_tabla, in_id_tabla, tx_old_valor, tx_new_valor, fe_accion, id_usuario) VALUES (73, 'UPD', 'ente', 65, '(65,"BANCO DE DESARROLLO ECONOMICO Y SOCIAL DE VENEZUELA",1,5,,1,22,"2018-10-17 00:00:00",)', '(65,"BANCO DE DESARROLLO ECONOMICO Y SOCIAL DE VENEZUELA",4,6,,1,22,"2018-10-17 00:00:00",)', '2019-01-28 13:33:37', 1);
INSERT INTO pagos.tr_bitacora (id_bitacora, co_accion, tx_tabla, in_id_tabla, tx_old_valor, tx_new_valor, fe_accion, id_usuario) VALUES (74, 'UPD', 'ente', 66, '(66,"BANCO DE VENEZUELA, S.A. BANCO UNIVERSAL",1,5,,1,22,"2018-10-17 00:00:00",)', '(66,"BANCO DE VENEZUELA, S.A. BANCO UNIVERSAL",4,6,,1,22,"2018-10-17 00:00:00",)', '2019-01-28 13:33:37', 1);
INSERT INTO pagos.tr_bitacora (id_bitacora, co_accion, tx_tabla, in_id_tabla, tx_old_valor, tx_new_valor, fe_accion, id_usuario) VALUES (75, 'UPD', 'ente', 73, '(73,"BENSHI CORPORATION LTD C/O ZWETAN Z",2,5,,1,22,"2018-10-17 00:00:00",)', '(73,"BENSHI CORPORATION LTD C/O ZWETAN Z",4,6,,1,22,"2018-10-17 00:00:00",)', '2019-01-28 13:33:37', 1);
INSERT INTO pagos.tr_bitacora (id_bitacora, co_accion, tx_tabla, in_id_tabla, tx_old_valor, tx_new_valor, fe_accion, id_usuario) VALUES (76, 'UPD', 'ente', 74, '(74,"BIG DUTCHMAN INTERNATIONAL GMBH",2,5,,1,22,"2018-10-17 00:00:00",)', '(74,"BIG DUTCHMAN INTERNATIONAL GMBH",4,6,,1,22,"2018-10-17 00:00:00",)', '2019-01-28 13:33:37', 1);
INSERT INTO pagos.tr_bitacora (id_bitacora, co_accion, tx_tabla, in_id_tabla, tx_old_valor, tx_new_valor, fe_accion, id_usuario) VALUES (77, 'UPD', 'ente', 75, '(75,"BILAL SABUNCU TEMIZLIK MADDELERI PAZARLAMA A.S",2,5,,1,22,"2018-10-17 00:00:00",)', '(75,"BILAL SABUNCU TEMIZLIK MADDELERI PAZARLAMA A.S",4,6,,1,22,"2018-10-17 00:00:00",)', '2019-01-28 13:33:37', 1);
INSERT INTO pagos.tr_bitacora (id_bitacora, co_accion, tx_tabla, in_id_tabla, tx_old_valor, tx_new_valor, fe_accion, id_usuario) VALUES (78, 'UPD', 'ente', 67, '(67,"BANCO DEL TESORO, C.A. BANCO UNIVERSAL",1,5,,1,22,"2018-10-17 00:00:00",)', '(67,"BANCO DEL TESORO, C.A. BANCO UNIVERSAL",4,6,,1,22,"2018-10-17 00:00:00",)', '2019-01-28 13:33:37', 1);
INSERT INTO pagos.tr_bitacora (id_bitacora, co_accion, tx_tabla, in_id_tabla, tx_old_valor, tx_new_valor, fe_accion, id_usuario) VALUES (79, 'UPD', 'ente', 68, '(68,"BANCO PRODEM S.A.",2,5,,1,22,"2018-10-17 00:00:00",)', '(68,"BANCO PRODEM S.A.",4,6,,1,22,"2018-10-17 00:00:00",)', '2019-01-28 13:33:37', 1);
INSERT INTO pagos.tr_bitacora (id_bitacora, co_accion, tx_tabla, in_id_tabla, tx_old_valor, tx_new_valor, fe_accion, id_usuario) VALUES (80, 'UPD', 'ente', 69, '(69,"BANDES URUGUAY S.A",2,5,,1,22,"2018-10-17 00:00:00",)', '(69,"BANDES URUGUAY S.A",4,6,,1,22,"2018-10-17 00:00:00",)', '2019-01-28 13:33:37', 1);
INSERT INTO pagos.tr_bitacora (id_bitacora, co_accion, tx_tabla, in_id_tabla, tx_old_valor, tx_new_valor, fe_accion, id_usuario) VALUES (81, 'UPD', 'ente', 70, '(70,"BARREDORAS INDUSTRIAL S.L",2,5,,1,22,"2018-10-17 00:00:00",)', '(70,"BARREDORAS INDUSTRIAL S.L",4,6,,1,22,"2018-10-17 00:00:00",)', '2019-01-28 13:33:37', 1);
INSERT INTO pagos.tr_bitacora (id_bitacora, co_accion, tx_tabla, in_id_tabla, tx_old_valor, tx_new_valor, fe_accion, id_usuario) VALUES (82, 'UPD', 'ente', 76, '(76,"BIS BUSINESS INVESMENT SERVICES CORP",2,5,,1,22,"2018-10-17 00:00:00",)', '(76,"BIS BUSINESS INVESMENT SERVICES CORP",4,6,,1,22,"2018-10-17 00:00:00",)', '2019-01-28 13:33:37', 1);
INSERT INTO pagos.tr_bitacora (id_bitacora, co_accion, tx_tabla, in_id_tabla, tx_old_valor, tx_new_valor, fe_accion, id_usuario) VALUES (83, 'UPD', 'ente', 77, '(77,"BOEKIMED GROUP LTD",2,5,,1,22,"2018-10-17 00:00:00",)', '(77,"BOEKIMED GROUP LTD",4,6,,1,22,"2018-10-17 00:00:00",)', '2019-01-28 13:33:37', 1);
INSERT INTO pagos.tr_bitacora (id_bitacora, co_accion, tx_tabla, in_id_tabla, tx_old_valor, tx_new_valor, fe_accion, id_usuario) VALUES (84, 'UPD', 'ente', 78, '(78,"BOMBAGUA DE CR SA",2,5,,1,22,"2018-10-17 00:00:00",)', '(78,"BOMBAGUA DE CR SA",4,6,,1,22,"2018-10-17 00:00:00",)', '2019-01-28 13:33:37', 1);
INSERT INTO pagos.tr_bitacora (id_bitacora, co_accion, tx_tabla, in_id_tabla, tx_old_valor, tx_new_valor, fe_accion, id_usuario) VALUES (85, 'UPD', 'ente', 79, '(79,"BOTSCHAFT DER BOLIVARISCHEN REPUBLIK VENEZUELA",1,5,,1,22,"2018-10-17 00:00:00",)', '(79,"BOTSCHAFT DER BOLIVARISCHEN REPUBLIK VENEZUELA",4,6,,1,22,"2018-10-17 00:00:00",)', '2019-01-28 13:33:37', 1);
INSERT INTO pagos.tr_bitacora (id_bitacora, co_accion, tx_tabla, in_id_tabla, tx_old_valor, tx_new_valor, fe_accion, id_usuario) VALUES (86, 'UPD', 'ente', 30, '(30,"AGENCIA ATLAS,S.A.",2,5,,1,22,"2018-10-17 00:00:00",)', '(30,"AGENCIA ATLAS,S.A.",4,6,,1,22,"2018-10-17 00:00:00",)', '2019-01-28 13:33:37', 1);
INSERT INTO pagos.tr_bitacora (id_bitacora, co_accion, tx_tabla, in_id_tabla, tx_old_valor, tx_new_valor, fe_accion, id_usuario) VALUES (87, 'UPD', 'ente', 24, '(24,"ADBELL INTERNATIONAL LIMITED EURO CLIENTS ACCOUNT",2,5,,1,22,"2018-10-17 00:00:00",)', '(24,"ADBELL INTERNATIONAL LIMITED EURO CLIENTS ACCOUNT",4,6,,1,22,"2018-10-17 00:00:00",)', '2019-01-28 13:33:37', 1);
INSERT INTO pagos.tr_bitacora (id_bitacora, co_accion, tx_tabla, in_id_tabla, tx_old_valor, tx_new_valor, fe_accion, id_usuario) VALUES (88, 'UPD', 'ente', 25, '(25,"ADISSEO FRANCE",2,5,,1,22,"2018-10-17 00:00:00",)', '(25,"ADISSEO FRANCE",4,6,,1,22,"2018-10-17 00:00:00",)', '2019-01-28 13:33:37', 1);
INSERT INTO pagos.tr_bitacora (id_bitacora, co_accion, tx_tabla, in_id_tabla, tx_old_valor, tx_new_valor, fe_accion, id_usuario) VALUES (89, 'UPD', 'ente', 26, '(26,"ADON TRADING FZE C/O ZWETAN ZANEV ART 39 BA",2,5,,1,22,"2018-10-17 00:00:00",)', '(26,"ADON TRADING FZE C/O ZWETAN ZANEV ART 39 BA",4,6,,1,22,"2018-10-17 00:00:00",)', '2019-01-28 13:33:37', 1);
INSERT INTO pagos.tr_bitacora (id_bitacora, co_accion, tx_tabla, in_id_tabla, tx_old_valor, tx_new_valor, fe_accion, id_usuario) VALUES (90, 'UPD', 'ente', 31, '(31,"AGREGADURIA A LA EMBAJADA DE LA REPUBLICA BOLIVARIANA DE VENEZUELA",1,5,,1,22,"2018-10-17 00:00:00",)', '(31,"AGREGADURIA A LA EMBAJADA DE LA REPUBLICA BOLIVARIANA DE VENEZUELA",4,6,,1,22,"2018-10-17 00:00:00",)', '2019-01-28 13:33:37', 1);
INSERT INTO pagos.tr_bitacora (id_bitacora, co_accion, tx_tabla, in_id_tabla, tx_old_valor, tx_new_valor, fe_accion, id_usuario) VALUES (91, 'UPD', 'ente', 37, '(37,"AIRBORNE TECHNOLOGIES GMBH",2,5,,1,22,"2018-10-17 00:00:00",)', '(37,"AIRBORNE TECHNOLOGIES GMBH",4,6,,1,22,"2018-10-17 00:00:00",)', '2019-01-28 13:33:37', 1);
INSERT INTO pagos.tr_bitacora (id_bitacora, co_accion, tx_tabla, in_id_tabla, tx_old_valor, tx_new_valor, fe_accion, id_usuario) VALUES (92, 'UPD', 'ente', 38, '(38,"AIS WORLD LTD",2,5,,1,22,"2018-10-17 00:00:00",)', '(38,"AIS WORLD LTD",4,6,,1,22,"2018-10-17 00:00:00",)', '2019-01-28 13:33:37', 1);
INSERT INTO pagos.tr_bitacora (id_bitacora, co_accion, tx_tabla, in_id_tabla, tx_old_valor, tx_new_valor, fe_accion, id_usuario) VALUES (93, 'UPD', 'ente', 43, '(43,"ALESCO RISK MANAGEMENT SERVICES LIMITED",2,5,,1,22,"2018-10-17 00:00:00",)', '(43,"ALESCO RISK MANAGEMENT SERVICES LIMITED",4,6,,1,22,"2018-10-17 00:00:00",)', '2019-01-28 13:33:37', 1);
INSERT INTO pagos.tr_bitacora (id_bitacora, co_accion, tx_tabla, in_id_tabla, tx_old_valor, tx_new_valor, fe_accion, id_usuario) VALUES (94, 'UPD', 'ente', 71, '(71,"BDV BEHRENS GMBH",2,5,,1,22,"2018-10-17 00:00:00",)', '(71,"BDV BEHRENS GMBH",4,6,,1,22,"2018-10-17 00:00:00",)', '2019-01-28 13:33:37', 1);
INSERT INTO pagos.tr_bitacora (id_bitacora, co_accion, tx_tabla, in_id_tabla, tx_old_valor, tx_new_valor, fe_accion, id_usuario) VALUES (95, 'UPD', 'ente', 72, '(72,"BENOIST ASSETS INC C/O ZWETAN ZANEV ART 39B",2,5,,1,22,"2018-10-17 00:00:00",)', '(72,"BENOIST ASSETS INC C/O ZWETAN ZANEV ART 39B",4,6,,1,22,"2018-10-17 00:00:00",)', '2019-01-28 13:33:37', 1);
INSERT INTO pagos.tr_bitacora (id_bitacora, co_accion, tx_tabla, in_id_tabla, tx_old_valor, tx_new_valor, fe_accion, id_usuario) VALUES (96, 'UPD', 'ente', 149, '(149,"DONGFANG ELECTRIC MACHINERY CO,.LTD",2,5,,1,22,"2018-10-17 00:00:00",)', '(149,"DONGFANG ELECTRIC MACHINERY CO,.LTD",4,6,,1,22,"2018-10-17 00:00:00",)', '2019-01-28 13:33:37', 1);
INSERT INTO pagos.tr_bitacora (id_bitacora, co_accion, tx_tabla, in_id_tabla, tx_old_valor, tx_new_valor, fe_accion, id_usuario) VALUES (97, 'UPD', 'ente', 150, '(150,"DOPPELMAYR SEILBAHNEN GMBH",2,5,,1,22,"2018-10-17 00:00:00",)', '(150,"DOPPELMAYR SEILBAHNEN GMBH",4,6,,1,22,"2018-10-17 00:00:00",)', '2019-01-28 13:33:37', 1);
INSERT INTO pagos.tr_bitacora (id_bitacora, co_accion, tx_tabla, in_id_tabla, tx_old_valor, tx_new_valor, fe_accion, id_usuario) VALUES (98, 'UPD', 'ente', 151, '(151,"DOUBLE YU CO., LIMITED",2,5,,1,22,"2018-10-17 00:00:00",)', '(151,"DOUBLE YU CO., LIMITED",4,6,,1,22,"2018-10-17 00:00:00",)', '2019-01-28 13:33:37', 1);
INSERT INTO pagos.tr_bitacora (id_bitacora, co_accion, tx_tabla, in_id_tabla, tx_old_valor, tx_new_valor, fe_accion, id_usuario) VALUES (99, 'UPD', 'ente', 152, '(152,"DRES S.A.",2,5,,1,22,"2018-10-17 00:00:00",)', '(152,"DRES S.A.",4,6,,1,22,"2018-10-17 00:00:00",)', '2019-01-28 13:33:37', 1);
INSERT INTO pagos.tr_bitacora (id_bitacora, co_accion, tx_tabla, in_id_tabla, tx_old_valor, tx_new_valor, fe_accion, id_usuario) VALUES (100, 'UPD', 'ente', 153, '(153,"DROMEX INTERNATIONAL S.L.",2,5,,1,22,"2018-10-17 00:00:00",)', '(153,"DROMEX INTERNATIONAL S.L.",4,6,,1,22,"2018-10-17 00:00:00",)', '2019-01-28 13:33:37', 1);
INSERT INTO pagos.tr_bitacora (id_bitacora, co_accion, tx_tabla, in_id_tabla, tx_old_valor, tx_new_valor, fe_accion, id_usuario) VALUES (101, 'UPD', 'ente', 154, '(154,"DSM NUTRITIONAL PRODUCTS MEXICO, SA DE CV",2,5,,1,22,"2018-10-17 00:00:00",)', '(154,"DSM NUTRITIONAL PRODUCTS MEXICO, SA DE CV",4,6,,1,22,"2018-10-17 00:00:00",)', '2019-01-28 13:33:37', 1);
INSERT INTO pagos.tr_bitacora (id_bitacora, co_accion, tx_tabla, in_id_tabla, tx_old_valor, tx_new_valor, fe_accion, id_usuario) VALUES (102, 'UPD', 'ente', 155, '(155,"DUMA ENGINEERING GROUP SPRL",2,5,,1,22,"2018-10-17 00:00:00",)', '(155,"DUMA ENGINEERING GROUP SPRL",4,6,,1,22,"2018-10-17 00:00:00",)', '2019-01-28 13:33:37', 1);
INSERT INTO pagos.tr_bitacora (id_bitacora, co_accion, tx_tabla, in_id_tabla, tx_old_valor, tx_new_valor, fe_accion, id_usuario) VALUES (103, 'UPD', 'ente', 156, '(156,"EANA S.E",2,5,,1,22,"2018-10-17 00:00:00",)', '(156,"EANA S.E",4,6,,1,22,"2018-10-17 00:00:00",)', '2019-01-28 13:33:37', 1);
INSERT INTO pagos.tr_bitacora (id_bitacora, co_accion, tx_tabla, in_id_tabla, tx_old_valor, tx_new_valor, fe_accion, id_usuario) VALUES (104, 'UPD', 'ente', 158, '(158,"ECUATORIANA DE ARTEFACTOS SA ECASA",2,5,,1,22,"2018-10-17 00:00:00",)', '(158,"ECUATORIANA DE ARTEFACTOS SA ECASA",4,6,,1,22,"2018-10-17 00:00:00",)', '2019-01-28 13:33:37', 1);
INSERT INTO pagos.tr_bitacora (id_bitacora, co_accion, tx_tabla, in_id_tabla, tx_old_valor, tx_new_valor, fe_accion, id_usuario) VALUES (105, 'UPD', 'ente', 159, '(159,"EIRCSSON AB",2,5,,1,22,"2018-10-17 00:00:00",)', '(159,"EIRCSSON AB",4,6,,1,22,"2018-10-17 00:00:00",)', '2019-01-28 13:33:37', 1);
INSERT INTO pagos.tr_bitacora (id_bitacora, co_accion, tx_tabla, in_id_tabla, tx_old_valor, tx_new_valor, fe_accion, id_usuario) VALUES (106, 'UPD', 'ente', 160, '(160,E-KUANTIA,2,5,,1,22,"2018-10-17 00:00:00",)', '(160,E-KUANTIA,4,6,,1,22,"2018-10-17 00:00:00",)', '2019-01-28 13:33:37', 1);
INSERT INTO pagos.tr_bitacora (id_bitacora, co_accion, tx_tabla, in_id_tabla, tx_old_valor, tx_new_valor, fe_accion, id_usuario) VALUES (107, 'UPD', 'ente', 161, '(161,"ELECTRONICS FORENSIC TECNOLOGHY INC",2,5,,1,22,"2018-10-17 00:00:00",)', '(161,"ELECTRONICS FORENSIC TECNOLOGHY INC",4,6,,1,22,"2018-10-17 00:00:00",)', '2019-01-28 13:33:37', 1);
INSERT INTO pagos.tr_bitacora (id_bitacora, co_accion, tx_tabla, in_id_tabla, tx_old_valor, tx_new_valor, fe_accion, id_usuario) VALUES (108, 'UPD', 'ente', 82, '(82,"BRINTINO SA",2,5,,1,22,"2018-10-17 00:00:00",)', '(82,"BRINTINO SA",4,6,,1,22,"2018-10-17 00:00:00",)', '2019-01-28 13:33:37', 1);
INSERT INTO pagos.tr_bitacora (id_bitacora, co_accion, tx_tabla, in_id_tabla, tx_old_valor, tx_new_valor, fe_accion, id_usuario) VALUES (109, 'UPD', 'ente', 83, '(83,"BRIO INTERNACIONAL LIMITED",2,5,,1,22,"2018-10-17 00:00:00",)', '(83,"BRIO INTERNACIONAL LIMITED",4,6,,1,22,"2018-10-17 00:00:00",)', '2019-01-28 13:33:37', 1);
INSERT INTO pagos.tr_bitacora (id_bitacora, co_accion, tx_tabla, in_id_tabla, tx_old_valor, tx_new_valor, fe_accion, id_usuario) VALUES (110, 'UPD', 'ente', 84, '(84,"BRODITEC S.A",2,5,,1,22,"2018-10-17 00:00:00",)', '(84,"BRODITEC S.A",4,6,,1,22,"2018-10-17 00:00:00",)', '2019-01-28 13:33:37', 1);
INSERT INTO pagos.tr_bitacora (id_bitacora, co_accion, tx_tabla, in_id_tabla, tx_old_valor, tx_new_valor, fe_accion, id_usuario) VALUES (111, 'UPD', 'ente', 85, '(85,"BROKERS RE GROUPE LP",2,5,,1,22,"2018-10-17 00:00:00",)', '(85,"BROKERS RE GROUPE LP",4,6,,1,22,"2018-10-17 00:00:00",)', '2019-01-28 13:33:37', 1);
INSERT INTO pagos.tr_bitacora (id_bitacora, co_accion, tx_tabla, in_id_tabla, tx_old_valor, tx_new_valor, fe_accion, id_usuario) VALUES (112, 'UPD', 'ente', 86, '(86,"BTRD BUSINESS TRAVEL S.R.L.",2,5,,1,22,"2018-10-17 00:00:00",)', '(86,"BTRD BUSINESS TRAVEL S.R.L.",4,6,,1,22,"2018-10-17 00:00:00",)', '2019-01-28 13:33:37', 1);
INSERT INTO pagos.tr_bitacora (id_bitacora, co_accion, tx_tabla, in_id_tabla, tx_old_valor, tx_new_valor, fe_accion, id_usuario) VALUES (113, 'UPD', 'ente', 87, '(87,"BUHLER AG",2,5,,1,22,"2018-10-17 00:00:00",)', '(87,"BUHLER AG",4,6,,1,22,"2018-10-17 00:00:00",)', '2019-01-28 13:33:37', 1);
INSERT INTO pagos.tr_bitacora (id_bitacora, co_accion, tx_tabla, in_id_tabla, tx_old_valor, tx_new_valor, fe_accion, id_usuario) VALUES (114, 'UPD', 'ente', 88, '(88,"BUHLER GMBH",2,5,,1,22,"2018-10-17 00:00:00",)', '(88,"BUHLER GMBH",4,6,,1,22,"2018-10-17 00:00:00",)', '2019-01-28 13:33:37', 1);
INSERT INTO pagos.tr_bitacora (id_bitacora, co_accion, tx_tabla, in_id_tabla, tx_old_valor, tx_new_valor, fe_accion, id_usuario) VALUES (115, 'UPD', 'ente', 89, '(89,"BUTTON CORAL SA",2,5,,1,22,"2018-10-17 00:00:00",)', '(89,"BUTTON CORAL SA",4,6,,1,22,"2018-10-17 00:00:00",)', '2019-01-28 13:33:37', 1);
INSERT INTO pagos.tr_bitacora (id_bitacora, co_accion, tx_tabla, in_id_tabla, tx_old_valor, tx_new_valor, fe_accion, id_usuario) VALUES (116, 'UPD', 'ente', 91, '(91,"C Y M INTERNATIONAL GROUP LLC",2,5,,1,22,"2018-10-17 00:00:00",)', '(91,"C Y M INTERNATIONAL GROUP LLC",4,6,,1,22,"2018-10-17 00:00:00",)', '2019-01-28 13:33:37', 1);
INSERT INTO pagos.tr_bitacora (id_bitacora, co_accion, tx_tabla, in_id_tabla, tx_old_valor, tx_new_valor, fe_accion, id_usuario) VALUES (117, 'UPD', 'ente', 92, '(92,"CAMBRIDGE MERCANTILE CORP",2,5,,1,22,"2018-10-17 00:00:00",)', '(92,"CAMBRIDGE MERCANTILE CORP",4,6,,1,22,"2018-10-17 00:00:00",)', '2019-01-28 13:33:37', 1);
INSERT INTO pagos.tr_bitacora (id_bitacora, co_accion, tx_tabla, in_id_tabla, tx_old_valor, tx_new_valor, fe_accion, id_usuario) VALUES (118, 'UPD', 'ente', 93, '(93,"CAPITAL GARANTIES OF AMERICA, S.A C/O ZWETAN ZANEV",2,5,,1,22,"2018-10-17 00:00:00",)', '(93,"CAPITAL GARANTIES OF AMERICA, S.A C/O ZWETAN ZANEV",4,6,,1,22,"2018-10-17 00:00:00",)', '2019-01-28 13:33:37', 1);
INSERT INTO pagos.tr_bitacora (id_bitacora, co_accion, tx_tabla, in_id_tabla, tx_old_valor, tx_new_valor, fe_accion, id_usuario) VALUES (119, 'UPD', 'ente', 94, '(94,"CASA DA MOEDA DO BRASIL",2,5,,1,22,"2018-10-17 00:00:00",)', '(94,"CASA DA MOEDA DO BRASIL",4,6,,1,22,"2018-10-17 00:00:00",)', '2019-01-28 13:33:37', 1);
INSERT INTO pagos.tr_bitacora (id_bitacora, co_accion, tx_tabla, in_id_tabla, tx_old_valor, tx_new_valor, fe_accion, id_usuario) VALUES (120, 'UPD', 'ente', 95, '(95,"CASANOVA INTERNATIONAL,LLC",2,5,,1,22,"2018-10-17 00:00:00",)', '(95,"CASANOVA INTERNATIONAL,LLC",4,6,,1,22,"2018-10-17 00:00:00",)', '2019-01-28 13:33:37', 1);
INSERT INTO pagos.tr_bitacora (id_bitacora, co_accion, tx_tabla, in_id_tabla, tx_old_valor, tx_new_valor, fe_accion, id_usuario) VALUES (121, 'UPD', 'ente', 96, '(96,"CASCADES MARKETING CORP",2,5,,1,22,"2018-10-17 00:00:00",)', '(96,"CASCADES MARKETING CORP",4,6,,1,22,"2018-10-17 00:00:00",)', '2019-01-28 13:33:37', 1);
INSERT INTO pagos.tr_bitacora (id_bitacora, co_accion, tx_tabla, in_id_tabla, tx_old_valor, tx_new_valor, fe_accion, id_usuario) VALUES (122, 'UPD', 'ente', 97, '(97,"CASILLO COMMODITIES ITALIA S.P.A.",2,5,,1,22,"2018-10-17 00:00:00",)', '(97,"CASILLO COMMODITIES ITALIA S.P.A.",4,6,,1,22,"2018-10-17 00:00:00",)', '2019-01-28 13:33:37', 1);
INSERT INTO pagos.tr_bitacora (id_bitacora, co_accion, tx_tabla, in_id_tabla, tx_old_valor, tx_new_valor, fe_accion, id_usuario) VALUES (123, 'UPD', 'ente', 98, '(98,"CATTANEO MACCANICA SPA",2,5,,1,22,"2018-10-17 00:00:00",)', '(98,"CATTANEO MACCANICA SPA",4,6,,1,22,"2018-10-17 00:00:00",)', '2019-01-28 13:33:37', 1);
INSERT INTO pagos.tr_bitacora (id_bitacora, co_accion, tx_tabla, in_id_tabla, tx_old_valor, tx_new_valor, fe_accion, id_usuario) VALUES (124, 'UPD', 'ente', 99, '(99,"CAVE BLOCKCHAIN GROUP C.A.",2,5,,1,22,"2018-10-17 00:00:00",)', '(99,"CAVE BLOCKCHAIN GROUP C.A.",4,6,,1,22,"2018-10-17 00:00:00",)', '2019-01-28 13:33:37', 1);
INSERT INTO pagos.tr_bitacora (id_bitacora, co_accion, tx_tabla, in_id_tabla, tx_old_valor, tx_new_valor, fe_accion, id_usuario) VALUES (125, 'UPD', 'ente', 100, '(100,CEIEC,2,5,,1,22,"2018-10-17 00:00:00",)', '(100,CEIEC,4,6,,1,22,"2018-10-17 00:00:00",)', '2019-01-28 13:33:37', 1);
INSERT INTO pagos.tr_bitacora (id_bitacora, co_accion, tx_tabla, in_id_tabla, tx_old_valor, tx_new_valor, fe_accion, id_usuario) VALUES (126, 'UPD', 'ente', 101, '(101,"CEKNOL SA",2,5,,1,22,"2018-10-17 00:00:00",)', '(101,"CEKNOL SA",4,6,,1,22,"2018-10-17 00:00:00",)', '2019-01-28 13:33:37', 1);
INSERT INTO pagos.tr_bitacora (id_bitacora, co_accion, tx_tabla, in_id_tabla, tx_old_valor, tx_new_valor, fe_accion, id_usuario) VALUES (127, 'UPD', 'ente', 102, '(102,"CGSI INTERNATIONAL, LLC.",2,5,,1,22,"2018-10-17 00:00:00",)', '(102,"CGSI INTERNATIONAL, LLC.",4,6,,1,22,"2018-10-17 00:00:00",)', '2019-01-28 13:33:37', 1);
INSERT INTO pagos.tr_bitacora (id_bitacora, co_accion, tx_tabla, in_id_tabla, tx_old_valor, tx_new_valor, fe_accion, id_usuario) VALUES (128, 'UPD', 'ente', 103, '(103,"CHALLENGE IBEROAMERICANA TRADING S.A",2,5,,1,22,"2018-10-17 00:00:00",)', '(103,"CHALLENGE IBEROAMERICANA TRADING S.A",4,6,,1,22,"2018-10-17 00:00:00",)', '2019-01-28 13:33:37', 1);
INSERT INTO pagos.tr_bitacora (id_bitacora, co_accion, tx_tabla, in_id_tabla, tx_old_valor, tx_new_valor, fe_accion, id_usuario) VALUES (129, 'UPD', 'ente', 104, '(104,"CHINA PORFIT TRANDING LTD",2,5,,1,22,"2018-10-17 00:00:00",)', '(104,"CHINA PORFIT TRANDING LTD",4,6,,1,22,"2018-10-17 00:00:00",)', '2019-01-28 13:33:37', 1);
INSERT INTO pagos.tr_bitacora (id_bitacora, co_accion, tx_tabla, in_id_tabla, tx_old_valor, tx_new_valor, fe_accion, id_usuario) VALUES (130, 'UPD', 'ente', 105, '(105,"CHR OLESEN LATIN AMERICA A/S",2,5,,1,22,"2018-10-17 00:00:00",)', '(105,"CHR OLESEN LATIN AMERICA A/S",4,6,,1,22,"2018-10-17 00:00:00",)', '2019-01-28 13:33:37', 1);
INSERT INTO pagos.tr_bitacora (id_bitacora, co_accion, tx_tabla, in_id_tabla, tx_old_valor, tx_new_valor, fe_accion, id_usuario) VALUES (131, 'UPD', 'ente', 107, '(107,"CNL-CWC NETWORKS INC",2,5,,1,22,"2018-10-17 00:00:00",)', '(107,"CNL-CWC NETWORKS INC",4,6,,1,22,"2018-10-17 00:00:00",)', '2019-01-28 13:33:37', 1);
INSERT INTO pagos.tr_bitacora (id_bitacora, co_accion, tx_tabla, in_id_tabla, tx_old_valor, tx_new_valor, fe_accion, id_usuario) VALUES (132, 'UPD', 'ente', 108, '(108,"COLOMBIANA KIMBERLY COLPAPEL,S.A.",2,5,,1,22,"2018-10-17 00:00:00",)', '(108,"COLOMBIANA KIMBERLY COLPAPEL,S.A.",4,6,,1,22,"2018-10-17 00:00:00",)', '2019-01-28 13:33:37', 1);
INSERT INTO pagos.tr_bitacora (id_bitacora, co_accion, tx_tabla, in_id_tabla, tx_old_valor, tx_new_valor, fe_accion, id_usuario) VALUES (133, 'UPD', 'ente', 109, '(109,"COLWIDE EUROPE S.R.L.",2,5,,1,22,"2018-10-17 00:00:00",)', '(109,"COLWIDE EUROPE S.R.L.",4,6,,1,22,"2018-10-17 00:00:00",)', '2019-01-28 13:33:37', 1);
INSERT INTO pagos.tr_bitacora (id_bitacora, co_accion, tx_tabla, in_id_tabla, tx_old_valor, tx_new_valor, fe_accion, id_usuario) VALUES (134, 'UPD', 'ente', 110, '(110,"COMERCIALIZADORA KABUCO S.A.",2,5,,1,22,"2018-10-17 00:00:00",)', '(110,"COMERCIALIZADORA KABUCO S.A.",4,6,,1,22,"2018-10-17 00:00:00",)', '2019-01-28 13:33:37', 1);
INSERT INTO pagos.tr_bitacora (id_bitacora, co_accion, tx_tabla, in_id_tabla, tx_old_valor, tx_new_valor, fe_accion, id_usuario) VALUES (135, 'UPD', 'ente', 111, '(111,"COMMONWEALTH BANK AND TRUST LTD",2,5,,1,22,"2018-10-17 00:00:00",)', '(111,"COMMONWEALTH BANK AND TRUST LTD",4,6,,1,22,"2018-10-17 00:00:00",)', '2019-01-28 13:33:37', 1);
INSERT INTO pagos.tr_bitacora (id_bitacora, co_accion, tx_tabla, in_id_tabla, tx_old_valor, tx_new_valor, fe_accion, id_usuario) VALUES (136, 'UPD', 'ente', 112, '(112,"COMPANIA EUROPEA DE COSPELES S.A.",2,5,,1,22,"2018-10-17 00:00:00",)', '(112,"COMPANIA EUROPEA DE COSPELES S.A.",4,6,,1,22,"2018-10-17 00:00:00",)', '2019-01-28 13:33:37', 1);
INSERT INTO pagos.tr_bitacora (id_bitacora, co_accion, tx_tabla, in_id_tabla, tx_old_valor, tx_new_valor, fe_accion, id_usuario) VALUES (137, 'UPD', 'ente', 113, '(113,"COMPLEMENTOS DE PIENSOS COMPUESTOS S.A.",2,5,,1,22,"2018-10-17 00:00:00",)', '(113,"COMPLEMENTOS DE PIENSOS COMPUESTOS S.A.",4,6,,1,22,"2018-10-17 00:00:00",)', '2019-01-28 13:33:37', 1);
INSERT INTO pagos.tr_bitacora (id_bitacora, co_accion, tx_tabla, in_id_tabla, tx_old_valor, tx_new_valor, fe_accion, id_usuario) VALUES (138, 'UPD', 'ente', 114, '(114,"CONSORCIO CONTEMAR UNION TEMPORAL DE EMPRESAS LEY 18-1982",2,5,,1,22,"2018-10-17 00:00:00",)', '(114,"CONSORCIO CONTEMAR UNION TEMPORAL DE EMPRESAS LEY 18-1982",4,6,,1,22,"2018-10-17 00:00:00",)', '2019-01-28 13:33:37', 1);
INSERT INTO pagos.tr_bitacora (id_bitacora, co_accion, tx_tabla, in_id_tabla, tx_old_valor, tx_new_valor, fe_accion, id_usuario) VALUES (139, 'UPD', 'ente', 115, '(115,"CONSORCIO TECNOLOGICO GISA UTE",2,5,,1,22,"2018-10-17 00:00:00",)', '(115,"CONSORCIO TECNOLOGICO GISA UTE",4,6,,1,22,"2018-10-17 00:00:00",)', '2019-01-28 13:33:37', 1);
INSERT INTO pagos.tr_bitacora (id_bitacora, co_accion, tx_tabla, in_id_tabla, tx_old_valor, tx_new_valor, fe_accion, id_usuario) VALUES (140, 'UPD', 'ente', 116, '(116,"CONSORCIO VENEZOLANO DE INDUSTRIAS AERONAUTICAS Y SERVICIOS AEREOS S.A",1,5,,1,22,"2018-10-17 00:00:00",)', '(116,"CONSORCIO VENEZOLANO DE INDUSTRIAS AERONAUTICAS Y SERVICIOS AEREOS S.A",4,6,,1,22,"2018-10-17 00:00:00",)', '2019-01-28 13:33:37', 1);
INSERT INTO pagos.tr_bitacora (id_bitacora, co_accion, tx_tabla, in_id_tabla, tx_old_valor, tx_new_valor, fe_accion, id_usuario) VALUES (141, 'UPD', 'ente', 122, '(122,"CONTRATO N° 0786-00 BCV",2,5,,1,22,"2018-10-17 00:00:00",)', '(122,"CONTRATO N° 0786-00 BCV",4,6,,1,22,"2018-10-17 00:00:00",)', '2019-01-28 13:33:37', 1);
INSERT INTO pagos.tr_bitacora (id_bitacora, co_accion, tx_tabla, in_id_tabla, tx_old_valor, tx_new_valor, fe_accion, id_usuario) VALUES (142, 'UPD', 'ente', 118, '(118,"CONSTRUCTORA 3MI, C.A",2,5,,1,22,"2018-10-17 00:00:00",)', '(118,"CONSTRUCTORA 3MI, C.A",4,6,,1,22,"2018-10-17 00:00:00",)', '2019-01-28 13:33:37', 1);
INSERT INTO pagos.tr_bitacora (id_bitacora, co_accion, tx_tabla, in_id_tabla, tx_old_valor, tx_new_valor, fe_accion, id_usuario) VALUES (143, 'UPD', 'ente', 119, '(119,"CONSUL GROUP RE 2021 CORRETAJE DE REASEGUROS, C.A. C/O ZWETAN ZANEV ART 39 BA",2,5,,1,22,"2018-10-17 00:00:00",)', '(119,"CONSUL GROUP RE 2021 CORRETAJE DE REASEGUROS, C.A. C/O ZWETAN ZANEV ART 39 BA",4,6,,1,22,"2018-10-17 00:00:00",)', '2019-01-28 13:33:37', 1);
INSERT INTO pagos.tr_bitacora (id_bitacora, co_accion, tx_tabla, in_id_tabla, tx_old_valor, tx_new_valor, fe_accion, id_usuario) VALUES (261, 'UPD', 'ente', 256, '(256,"JEPPESEN GMBH",2,5,,1,22,"2018-10-17 00:00:00",)', '(256,"JEPPESEN GMBH",4,6,,1,22,"2018-10-17 00:00:00",)', '2019-01-28 13:33:37', 1);
INSERT INTO pagos.tr_bitacora (id_bitacora, co_accion, tx_tabla, in_id_tabla, tx_old_valor, tx_new_valor, fe_accion, id_usuario) VALUES (144, 'UPD', 'ente', 120, '(120,"CONTINENTAL TRADE SOLUTIONS LIMITED",1,5,,1,22,"2018-10-17 00:00:00",)', '(120,"CONTINENTAL TRADE SOLUTIONS LIMITED",4,6,,1,22,"2018-10-17 00:00:00",)', '2019-01-28 13:33:37', 1);
INSERT INTO pagos.tr_bitacora (id_bitacora, co_accion, tx_tabla, in_id_tabla, tx_old_valor, tx_new_valor, fe_accion, id_usuario) VALUES (145, 'UPD', 'ente', 117, '(117,"CONSTANTIA PATZ GES.M.B.H.",2,5,,1,22,"2018-10-17 00:00:00",)', '(117,"CONSTANTIA PATZ GES.M.B.H.",4,6,,1,22,"2018-10-17 00:00:00",)', '2019-01-28 13:33:37', 1);
INSERT INTO pagos.tr_bitacora (id_bitacora, co_accion, tx_tabla, in_id_tabla, tx_old_valor, tx_new_valor, fe_accion, id_usuario) VALUES (146, 'UPD', 'ente', 123, '(123,CONVIASA,1,5,,1,22,"2018-10-17 00:00:00",)', '(123,CONVIASA,4,6,,1,22,"2018-10-17 00:00:00",)', '2019-01-28 13:33:37', 1);
INSERT INTO pagos.tr_bitacora (id_bitacora, co_accion, tx_tabla, in_id_tabla, tx_old_valor, tx_new_valor, fe_accion, id_usuario) VALUES (147, 'UPD', 'ente', 125, '(125,"COOPERATIVA NACIONAL DE PRODUCTORES DE LECHE CONAPROLE",2,5,,1,22,"2018-10-17 00:00:00",)', '(125,"COOPERATIVA NACIONAL DE PRODUCTORES DE LECHE CONAPROLE",4,6,,1,22,"2018-10-17 00:00:00",)', '2019-01-28 13:33:37', 1);
INSERT INTO pagos.tr_bitacora (id_bitacora, co_accion, tx_tabla, in_id_tabla, tx_old_valor, tx_new_valor, fe_accion, id_usuario) VALUES (148, 'UPD', 'ente', 126, '(126,"CORP INSTRELEC GROUP",2,5,,1,22,"2018-10-17 00:00:00",)', '(126,"CORP INSTRELEC GROUP",4,6,,1,22,"2018-10-17 00:00:00",)', '2019-01-28 13:33:37', 1);
INSERT INTO pagos.tr_bitacora (id_bitacora, co_accion, tx_tabla, in_id_tabla, tx_old_valor, tx_new_valor, fe_accion, id_usuario) VALUES (149, 'UPD', 'ente', 124, '(124,"COOPERATIVA 7 DE SEPTIEMBRE FUNSACOOP",2,5,,1,22,"2018-10-17 00:00:00",)', '(124,"COOPERATIVA 7 DE SEPTIEMBRE FUNSACOOP",4,6,,1,22,"2018-10-17 00:00:00",)', '2019-01-28 13:33:37', 1);
INSERT INTO pagos.tr_bitacora (id_bitacora, co_accion, tx_tabla, in_id_tabla, tx_old_valor, tx_new_valor, fe_accion, id_usuario) VALUES (150, 'UPD', 'ente', 127, '(127,"CORPORACION ANDINA DE FOMENTO",2,5,,1,22,"2018-10-17 00:00:00",)', '(127,"CORPORACION ANDINA DE FOMENTO",4,6,,1,22,"2018-10-17 00:00:00",)', '2019-01-28 13:33:37', 1);
INSERT INTO pagos.tr_bitacora (id_bitacora, co_accion, tx_tabla, in_id_tabla, tx_old_valor, tx_new_valor, fe_accion, id_usuario) VALUES (151, 'UPD', 'ente', 128, '(128,"CORPORACION D1 CA",2,5,,1,22,"2018-10-17 00:00:00",)', '(128,"CORPORACION D1 CA",4,6,,1,22,"2018-10-17 00:00:00",)', '2019-01-28 13:33:37', 1);
INSERT INTO pagos.tr_bitacora (id_bitacora, co_accion, tx_tabla, in_id_tabla, tx_old_valor, tx_new_valor, fe_accion, id_usuario) VALUES (152, 'UPD', 'ente', 130, '(130,"CORPORACION VENEZOLANA DE NAVEGACION",2,5,,1,22,"2018-10-17 00:00:00",)', '(130,"CORPORACION VENEZOLANA DE NAVEGACION",4,6,,1,22,"2018-10-17 00:00:00",)', '2019-01-28 13:33:37', 1);
INSERT INTO pagos.tr_bitacora (id_bitacora, co_accion, tx_tabla, in_id_tabla, tx_old_valor, tx_new_valor, fe_accion, id_usuario) VALUES (153, 'UPD', 'ente', 131, '(131,"CRANE AB",2,5,,1,22,"2018-10-17 00:00:00",)', '(131,"CRANE AB",4,6,,1,22,"2018-10-17 00:00:00",)', '2019-01-28 13:33:37', 1);
INSERT INTO pagos.tr_bitacora (id_bitacora, co_accion, tx_tabla, in_id_tabla, tx_old_valor, tx_new_valor, fe_accion, id_usuario) VALUES (154, 'UPD', 'ente', 132, '(132,"CRYSTALLEX INTERNATIONAL CORPORATION",2,5,,1,22,"2018-10-17 00:00:00",)', '(132,"CRYSTALLEX INTERNATIONAL CORPORATION",4,6,,1,22,"2018-10-17 00:00:00",)', '2019-01-28 13:33:37', 1);
INSERT INTO pagos.tr_bitacora (id_bitacora, co_accion, tx_tabla, in_id_tabla, tx_old_valor, tx_new_valor, fe_accion, id_usuario) VALUES (155, 'UPD', 'ente', 133, '(133,"CUSINATO GIOVANNI S.R.L",2,5,,1,22,"2018-10-17 00:00:00",)', '(133,"CUSINATO GIOVANNI S.R.L",4,6,,1,22,"2018-10-17 00:00:00",)', '2019-01-28 13:33:37', 1);
INSERT INTO pagos.tr_bitacora (id_bitacora, co_accion, tx_tabla, in_id_tabla, tx_old_valor, tx_new_valor, fe_accion, id_usuario) VALUES (156, 'UPD', 'ente', 134, '(134,"CYCLADES INTERNATIONAL CORP",2,5,,1,22,"2018-10-17 00:00:00",)', '(134,"CYCLADES INTERNATIONAL CORP",4,6,,1,22,"2018-10-17 00:00:00",)', '2019-01-28 13:33:37', 1);
INSERT INTO pagos.tr_bitacora (id_bitacora, co_accion, tx_tabla, in_id_tabla, tx_old_valor, tx_new_valor, fe_accion, id_usuario) VALUES (157, 'UPD', 'ente', 135, '(135,"D AND D TRADING GMBH",2,5,,1,22,"2018-10-17 00:00:00",)', '(135,"D AND D TRADING GMBH",4,6,,1,22,"2018-10-17 00:00:00",)', '2019-01-28 13:33:37', 1);
INSERT INTO pagos.tr_bitacora (id_bitacora, co_accion, tx_tabla, in_id_tabla, tx_old_valor, tx_new_valor, fe_accion, id_usuario) VALUES (158, 'UPD', 'ente', 136, '(136,"DANDO DRILLING INTERNATIONAL LTD",2,5,,1,22,"2018-10-17 00:00:00",)', '(136,"DANDO DRILLING INTERNATIONAL LTD",4,6,,1,22,"2018-10-17 00:00:00",)', '2019-01-28 13:33:37', 1);
INSERT INTO pagos.tr_bitacora (id_bitacora, co_accion, tx_tabla, in_id_tabla, tx_old_valor, tx_new_valor, fe_accion, id_usuario) VALUES (159, 'UPD', 'ente', 137, '(137,"DANSKE BANK OYJ",2,5,,1,22,"2018-10-17 00:00:00",)', '(137,"DANSKE BANK OYJ",4,6,,1,22,"2018-10-17 00:00:00",)', '2019-01-28 13:33:37', 1);
INSERT INTO pagos.tr_bitacora (id_bitacora, co_accion, tx_tabla, in_id_tabla, tx_old_valor, tx_new_valor, fe_accion, id_usuario) VALUES (160, 'UPD', 'ente', 138, '(138,"DE JESUS Y DE JESUS SA",2,5,,1,22,"2018-10-17 00:00:00",)', '(138,"DE JESUS Y DE JESUS SA",4,6,,1,22,"2018-10-17 00:00:00",)', '2019-01-28 13:33:37', 1);
INSERT INTO pagos.tr_bitacora (id_bitacora, co_accion, tx_tabla, in_id_tabla, tx_old_valor, tx_new_valor, fe_accion, id_usuario) VALUES (161, 'UPD', 'ente', 140, '(140,"DENPLASUR TRASDING SA C/O ZWETAN ZANEV ART.39",2,5,,1,22,"2018-10-17 00:00:00",)', '(140,"DENPLASUR TRASDING SA C/O ZWETAN ZANEV ART.39",4,6,,1,22,"2018-10-17 00:00:00",)', '2019-01-28 13:33:37', 1);
INSERT INTO pagos.tr_bitacora (id_bitacora, co_accion, tx_tabla, in_id_tabla, tx_old_valor, tx_new_valor, fe_accion, id_usuario) VALUES (162, 'UPD', 'ente', 141, '(141,"DENTONS EUROPE DABROWSKI I WSPOLNICY SPK",2,5,,1,22,"2018-10-17 00:00:00",)', '(141,"DENTONS EUROPE DABROWSKI I WSPOLNICY SPK",4,6,,1,22,"2018-10-17 00:00:00",)', '2019-01-28 13:33:37', 1);
INSERT INTO pagos.tr_bitacora (id_bitacora, co_accion, tx_tabla, in_id_tabla, tx_old_valor, tx_new_valor, fe_accion, id_usuario) VALUES (163, 'UPD', 'ente', 142, '(142,"DESARROLLO AGROPECUARIO LAS LAGUNAS",2,5,,1,22,"2018-10-17 00:00:00",)', '(142,"DESARROLLO AGROPECUARIO LAS LAGUNAS",4,6,,1,22,"2018-10-17 00:00:00",)', '2019-01-28 13:33:37', 1);
INSERT INTO pagos.tr_bitacora (id_bitacora, co_accion, tx_tabla, in_id_tabla, tx_old_valor, tx_new_valor, fe_accion, id_usuario) VALUES (164, 'UPD', 'ente', 143, '(143,"DESMET BALLESTRA GROUP NV",2,5,,1,22,"2018-10-17 00:00:00",)', '(143,"DESMET BALLESTRA GROUP NV",4,6,,1,22,"2018-10-17 00:00:00",)', '2019-01-28 13:33:37', 1);
INSERT INTO pagos.tr_bitacora (id_bitacora, co_accion, tx_tabla, in_id_tabla, tx_old_valor, tx_new_valor, fe_accion, id_usuario) VALUES (165, 'UPD', 'ente', 144, '(144,"DEUTGB2L DEUTSCHE BANK AG LONDON GB",2,5,,1,22,"2018-10-17 00:00:00",)', '(144,"DEUTGB2L DEUTSCHE BANK AG LONDON GB",4,6,,1,22,"2018-10-17 00:00:00",)', '2019-01-28 13:33:37', 1);
INSERT INTO pagos.tr_bitacora (id_bitacora, co_accion, tx_tabla, in_id_tabla, tx_old_valor, tx_new_valor, fe_accion, id_usuario) VALUES (166, 'UPD', 'ente', 145, '(145,"DEX IBERICA,S.A",2,5,,1,22,"2018-10-17 00:00:00",)', '(145,"DEX IBERICA,S.A",4,6,,1,22,"2018-10-17 00:00:00",)', '2019-01-28 13:33:37', 1);
INSERT INTO pagos.tr_bitacora (id_bitacora, co_accion, tx_tabla, in_id_tabla, tx_old_valor, tx_new_valor, fe_accion, id_usuario) VALUES (167, 'UPD', 'ente', 146, '(146,"DIGITAL IMPORT AND EXPORT,CORP",2,5,,1,22,"2018-10-17 00:00:00",)', '(146,"DIGITAL IMPORT AND EXPORT,CORP",4,6,,1,22,"2018-10-17 00:00:00",)', '2019-01-28 13:33:37', 1);
INSERT INTO pagos.tr_bitacora (id_bitacora, co_accion, tx_tabla, in_id_tabla, tx_old_valor, tx_new_valor, fe_accion, id_usuario) VALUES (168, 'UPD', 'ente', 147, '(147,"DISTELVENCA PANAMA C.A C/O ZWETAN ZANEV ART. 39 BA",2,5,,1,22,"2018-10-17 00:00:00",)', '(147,"DISTELVENCA PANAMA C.A C/O ZWETAN ZANEV ART. 39 BA",4,6,,1,22,"2018-10-17 00:00:00",)', '2019-01-28 13:33:37', 1);
INSERT INTO pagos.tr_bitacora (id_bitacora, co_accion, tx_tabla, in_id_tabla, tx_old_valor, tx_new_valor, fe_accion, id_usuario) VALUES (169, 'UPD', 'ente', 148, '(148,"DISTRI FARM INC",2,5,,1,22,"2018-10-17 00:00:00",)', '(148,"DISTRI FARM INC",4,6,,1,22,"2018-10-17 00:00:00",)', '2019-01-28 13:33:37', 1);
INSERT INTO pagos.tr_bitacora (id_bitacora, co_accion, tx_tabla, in_id_tabla, tx_old_valor, tx_new_valor, fe_accion, id_usuario) VALUES (170, 'UPD', 'ente', 162, '(162,"ELECTROTECNICA SAQUI,C.A.",2,5,,1,22,"2018-10-17 00:00:00",)', '(162,"ELECTROTECNICA SAQUI,C.A.",4,6,,1,22,"2018-10-17 00:00:00",)', '2019-01-28 13:33:37', 1);
INSERT INTO pagos.tr_bitacora (id_bitacora, co_accion, tx_tabla, in_id_tabla, tx_old_valor, tx_new_valor, fe_accion, id_usuario) VALUES (171, 'UPD', 'ente', 163, '(163,"ELURE SA",2,5,,1,22,"2018-10-17 00:00:00",)', '(163,"ELURE SA",4,6,,1,22,"2018-10-17 00:00:00",)', '2019-01-28 13:33:37', 1);
INSERT INTO pagos.tr_bitacora (id_bitacora, co_accion, tx_tabla, in_id_tabla, tx_old_valor, tx_new_valor, fe_accion, id_usuario) VALUES (172, 'UPD', 'ente', 81, '(81,"BRASVEN CORP",2,5,,1,22,"2018-10-17 00:00:00",)', '(81,"BRASVEN CORP",4,6,,1,22,"2018-10-17 00:00:00",)', '2019-01-28 13:33:37', 1);
INSERT INTO pagos.tr_bitacora (id_bitacora, co_accion, tx_tabla, in_id_tabla, tx_old_valor, tx_new_valor, fe_accion, id_usuario) VALUES (173, 'UPD', 'ente', 164, '(164,"EMBAIXADA DA REPUBLICA BOLIVARIANA",1,5,,1,22,"2018-10-17 00:00:00",)', '(164,"EMBAIXADA DA REPUBLICA BOLIVARIANA",4,6,,1,22,"2018-10-17 00:00:00",)', '2019-01-28 13:33:37', 1);
INSERT INTO pagos.tr_bitacora (id_bitacora, co_accion, tx_tabla, in_id_tabla, tx_old_valor, tx_new_valor, fe_accion, id_usuario) VALUES (174, 'UPD', 'ente', 121, '(121,"CONTRATISTA TECNICOS PROFESIONALES",2,5,,1,22,"2018-10-17 00:00:00",)', '(121,"CONTRATISTA TECNICOS PROFESIONALES",4,6,,1,22,"2018-10-17 00:00:00",)', '2019-01-28 13:33:37', 1);
INSERT INTO pagos.tr_bitacora (id_bitacora, co_accion, tx_tabla, in_id_tabla, tx_old_valor, tx_new_valor, fe_accion, id_usuario) VALUES (175, 'UPD', 'ente', 169, '(169,"EMBASSY OF VENEZUELA",1,5,,1,22,"2018-10-17 00:00:00",)', '(169,"EMBASSY OF VENEZUELA",4,6,,1,22,"2018-10-17 00:00:00",)', '2019-01-28 13:33:37', 1);
INSERT INTO pagos.tr_bitacora (id_bitacora, co_accion, tx_tabla, in_id_tabla, tx_old_valor, tx_new_valor, fe_accion, id_usuario) VALUES (176, 'UPD', 'ente', 168, '(168,"EMBAJADA DE VENEZUELA 
SANTO DOMINGO",1,5,,1,22,"2018-10-17 00:00:00",)', '(168,"EMBAJADA DE VENEZUELA 
SANTO DOMINGO",4,6,,1,22,"2018-10-17 00:00:00",)', '2019-01-28 13:33:37', 1);
INSERT INTO pagos.tr_bitacora (id_bitacora, co_accion, tx_tabla, in_id_tabla, tx_old_valor, tx_new_valor, fe_accion, id_usuario) VALUES (177, 'UPD', 'ente', 172, '(172,"ENPING CITY HENGXIN TRADING CO LTD",2,5,,1,22,"2018-10-17 00:00:00",)', '(172,"ENPING CITY HENGXIN TRADING CO LTD",4,6,,1,22,"2018-10-17 00:00:00",)', '2019-01-28 13:33:37', 1);
INSERT INTO pagos.tr_bitacora (id_bitacora, co_accion, tx_tabla, in_id_tabla, tx_old_valor, tx_new_valor, fe_accion, id_usuario) VALUES (178, 'UPD', 'ente', 171, '(171,"EMS TECHNOLOGIES CANADA LTD",2,5,,1,22,"2018-10-17 00:00:00",)', '(171,"EMS TECHNOLOGIES CANADA LTD",4,6,,1,22,"2018-10-17 00:00:00",)', '2019-01-28 13:33:37', 1);
INSERT INTO pagos.tr_bitacora (id_bitacora, co_accion, tx_tabla, in_id_tabla, tx_old_valor, tx_new_valor, fe_accion, id_usuario) VALUES (179, 'UPD', 'ente', 167, '(167,"EMBAJADA DE LA REPUBLICA BOLIVARIANA DE VENEZUELA EN LA REPUBLICA DE BELARUS",1,5,,1,22,"2018-10-17 00:00:00",)', '(167,"EMBAJADA DE LA REPUBLICA BOLIVARIANA DE VENEZUELA EN LA REPUBLICA DE BELARUS",4,6,,1,22,"2018-10-17 00:00:00",)', '2019-01-28 13:33:37', 1);
INSERT INTO pagos.tr_bitacora (id_bitacora, co_accion, tx_tabla, in_id_tabla, tx_old_valor, tx_new_valor, fe_accion, id_usuario) VALUES (180, 'UPD', 'ente', 173, '(173,"EPSILON INDUSTRIAL SUPPLY INC",2,5,,1,22,"2018-10-17 00:00:00",)', '(173,"EPSILON INDUSTRIAL SUPPLY INC",4,6,,1,22,"2018-10-17 00:00:00",)', '2019-01-28 13:33:37', 1);
INSERT INTO pagos.tr_bitacora (id_bitacora, co_accion, tx_tabla, in_id_tabla, tx_old_valor, tx_new_valor, fe_accion, id_usuario) VALUES (181, 'UPD', 'ente', 174, '(174,"ERICSSON AB",2,5,,1,22,"2018-10-17 00:00:00",)', '(174,"ERICSSON AB",4,6,,1,22,"2018-10-17 00:00:00",)', '2019-01-28 13:33:37', 1);
INSERT INTO pagos.tr_bitacora (id_bitacora, co_accion, tx_tabla, in_id_tabla, tx_old_valor, tx_new_valor, fe_accion, id_usuario) VALUES (182, 'UPD', 'ente', 175, '(175,"ESCALANTE MOTORS MERIDA C.A",2,5,,1,22,"2018-10-17 00:00:00",)', '(175,"ESCALANTE MOTORS MERIDA C.A",4,6,,1,22,"2018-10-17 00:00:00",)', '2019-01-28 13:33:37', 1);
INSERT INTO pagos.tr_bitacora (id_bitacora, co_accion, tx_tabla, in_id_tabla, tx_old_valor, tx_new_valor, fe_accion, id_usuario) VALUES (183, 'UPD', 'ente', 176, '(176,"ESCUELA EUROPEA DE DIRECCION Y EMPRESA S.L.",2,5,,1,22,"2018-10-17 00:00:00",)', '(176,"ESCUELA EUROPEA DE DIRECCION Y EMPRESA S.L.",4,6,,1,22,"2018-10-17 00:00:00",)', '2019-01-28 13:33:37', 1);
INSERT INTO pagos.tr_bitacora (id_bitacora, co_accion, tx_tabla, in_id_tabla, tx_old_valor, tx_new_valor, fe_accion, id_usuario) VALUES (184, 'UPD', 'ente', 177, '(177,"ESTRUCTURAS NACIONALES BRHO UNIPESS",2,5,,1,22,"2018-10-17 00:00:00",)', '(177,"ESTRUCTURAS NACIONALES BRHO UNIPESS",4,6,,1,22,"2018-10-17 00:00:00",)', '2019-01-28 13:33:37', 1);
INSERT INTO pagos.tr_bitacora (id_bitacora, co_accion, tx_tabla, in_id_tabla, tx_old_valor, tx_new_valor, fe_accion, id_usuario) VALUES (185, 'UPD', 'ente', 178, '(178,"ESTRUCTURAS NACIONALES SA ENSA",2,5,,1,22,"2018-10-17 00:00:00",)', '(178,"ESTRUCTURAS NACIONALES SA ENSA",4,6,,1,22,"2018-10-17 00:00:00",)', '2019-01-28 13:33:37', 1);
INSERT INTO pagos.tr_bitacora (id_bitacora, co_accion, tx_tabla, in_id_tabla, tx_old_valor, tx_new_valor, fe_accion, id_usuario) VALUES (186, 'UPD', 'ente', 179, '(179,"ETASEL MUHENDISLIK SAN.TIC.LTD.STI.",2,5,,1,22,"2018-10-17 00:00:00",)', '(179,"ETASEL MUHENDISLIK SAN.TIC.LTD.STI.",4,6,,1,22,"2018-10-17 00:00:00",)', '2019-01-28 13:33:37', 1);
INSERT INTO pagos.tr_bitacora (id_bitacora, co_accion, tx_tabla, in_id_tabla, tx_old_valor, tx_new_valor, fe_accion, id_usuario) VALUES (187, 'UPD', 'ente', 180, '(180,"ETUDE CANONICA VALTICOS AND ASSOCIES",2,5,,1,22,"2018-10-17 00:00:00",)', '(180,"ETUDE CANONICA VALTICOS AND ASSOCIES",4,6,,1,22,"2018-10-17 00:00:00",)', '2019-01-28 13:33:37', 1);
INSERT INTO pagos.tr_bitacora (id_bitacora, co_accion, tx_tabla, in_id_tabla, tx_old_valor, tx_new_valor, fe_accion, id_usuario) VALUES (188, 'UPD', 'ente', 181, '(181,"EUR MONEYCORP BANK LTD",2,5,,1,22,"2018-10-17 00:00:00",)', '(181,"EUR MONEYCORP BANK LTD",4,6,,1,22,"2018-10-17 00:00:00",)', '2019-01-28 13:33:37', 1);
INSERT INTO pagos.tr_bitacora (id_bitacora, co_accion, tx_tabla, in_id_tabla, tx_old_valor, tx_new_valor, fe_accion, id_usuario) VALUES (189, 'UPD', 'ente', 182, '(182,"EUROCOM BROADCAST",2,5,,1,22,"2018-10-17 00:00:00",)', '(182,"EUROCOM BROADCAST",4,6,,1,22,"2018-10-17 00:00:00",)', '2019-01-28 13:33:37', 1);
INSERT INTO pagos.tr_bitacora (id_bitacora, co_accion, tx_tabla, in_id_tabla, tx_old_valor, tx_new_valor, fe_accion, id_usuario) VALUES (190, 'UPD', 'ente', 183, '(183,"EUROESTE SA",2,5,,1,22,"2018-10-17 00:00:00",)', '(183,"EUROESTE SA",4,6,,1,22,"2018-10-17 00:00:00",)', '2019-01-28 13:33:37', 1);
INSERT INTO pagos.tr_bitacora (id_bitacora, co_accion, tx_tabla, in_id_tabla, tx_old_valor, tx_new_valor, fe_accion, id_usuario) VALUES (191, 'UPD', 'ente', 184, '(184,"EUROMONEY TRANSFER LTD",2,5,,1,22,"2018-10-17 00:00:00",)', '(184,"EUROMONEY TRANSFER LTD",4,6,,1,22,"2018-10-17 00:00:00",)', '2019-01-28 13:33:37', 1);
INSERT INTO pagos.tr_bitacora (id_bitacora, co_accion, tx_tabla, in_id_tabla, tx_old_valor, tx_new_valor, fe_accion, id_usuario) VALUES (192, 'UPD', 'ente', 185, '(185,"EUROPAD OIL SERVICES LDA",2,5,,1,22,"2018-10-17 00:00:00",)', '(185,"EUROPAD OIL SERVICES LDA",4,6,,1,22,"2018-10-17 00:00:00",)', '2019-01-28 13:33:37', 1);
INSERT INTO pagos.tr_bitacora (id_bitacora, co_accion, tx_tabla, in_id_tabla, tx_old_valor, tx_new_valor, fe_accion, id_usuario) VALUES (193, 'UPD', 'ente', 186, '(186,"EX-CLE S.A.",2,5,,1,22,"2018-10-17 00:00:00",)', '(186,"EX-CLE S.A.",4,6,,1,22,"2018-10-17 00:00:00",)', '2019-01-28 13:33:37', 1);
INSERT INTO pagos.tr_bitacora (id_bitacora, co_accion, tx_tabla, in_id_tabla, tx_old_valor, tx_new_valor, fe_accion, id_usuario) VALUES (194, 'UPD', 'ente', 187, '(187,"FACTORY NUMBER TEN LTD",2,5,,1,22,"2018-10-17 00:00:00",)', '(187,"FACTORY NUMBER TEN LTD",4,6,,1,22,"2018-10-17 00:00:00",)', '2019-01-28 13:33:37', 1);
INSERT INTO pagos.tr_bitacora (id_bitacora, co_accion, tx_tabla, in_id_tabla, tx_old_valor, tx_new_valor, fe_accion, id_usuario) VALUES (195, 'UPD', 'ente', 188, '(188,"FALKEN S.A",2,5,,1,22,"2018-10-17 00:00:00",)', '(188,"FALKEN S.A",4,6,,1,22,"2018-10-17 00:00:00",)', '2019-01-28 13:33:37', 1);
INSERT INTO pagos.tr_bitacora (id_bitacora, co_accion, tx_tabla, in_id_tabla, tx_old_valor, tx_new_valor, fe_accion, id_usuario) VALUES (196, 'UPD', 'ente', 189, '(189,"FARFALA OVERSEAS CORP",2,5,,1,22,"2018-10-17 00:00:00",)', '(189,"FARFALA OVERSEAS CORP",4,6,,1,22,"2018-10-17 00:00:00",)', '2019-01-28 13:33:37', 1);
INSERT INTO pagos.tr_bitacora (id_bitacora, co_accion, tx_tabla, in_id_tabla, tx_old_valor, tx_new_valor, fe_accion, id_usuario) VALUES (197, 'UPD', 'ente', 190, '(190,"FB FOODS CA LIMITED / ZWETAN ZANEV ART 39",2,5,,1,22,"2018-10-17 00:00:00",)', '(190,"FB FOODS CA LIMITED / ZWETAN ZANEV ART 39",4,6,,1,22,"2018-10-17 00:00:00",)', '2019-01-28 13:33:37', 1);
INSERT INTO pagos.tr_bitacora (id_bitacora, co_accion, tx_tabla, in_id_tabla, tx_old_valor, tx_new_valor, fe_accion, id_usuario) VALUES (198, 'UPD', 'ente', 191, '(191,"FEDRIGONI BRASIL, PAPEIS, LTDA",2,5,,1,22,"2018-10-17 00:00:00",)', '(191,"FEDRIGONI BRASIL, PAPEIS, LTDA",4,6,,1,22,"2018-10-17 00:00:00",)', '2019-01-28 13:33:37', 1);
INSERT INTO pagos.tr_bitacora (id_bitacora, co_accion, tx_tabla, in_id_tabla, tx_old_valor, tx_new_valor, fe_accion, id_usuario) VALUES (199, 'UPD', 'ente', 192, '(192,"FFC APILCOR INVESTMENT",2,5,,1,22,"2018-10-17 00:00:00",)', '(192,"FFC APILCOR INVESTMENT",4,6,,1,22,"2018-10-17 00:00:00",)', '2019-01-28 13:33:37', 1);
INSERT INTO pagos.tr_bitacora (id_bitacora, co_accion, tx_tabla, in_id_tabla, tx_old_valor, tx_new_valor, fe_accion, id_usuario) VALUES (200, 'UPD', 'ente', 193, '(193,"FFC ESCALANTE MOTORS MERIDA",2,5,,1,22,"2018-10-17 00:00:00",)', '(193,"FFC ESCALANTE MOTORS MERIDA",4,6,,1,22,"2018-10-17 00:00:00",)', '2019-01-28 13:33:37', 1);
INSERT INTO pagos.tr_bitacora (id_bitacora, co_accion, tx_tabla, in_id_tabla, tx_old_valor, tx_new_valor, fe_accion, id_usuario) VALUES (201, 'UPD', 'ente', 194, '(194,"FFC.MESTRE MUNDO INTERNACIONAL LIMITADA",2,5,,1,22,"2018-10-17 00:00:00",)', '(194,"FFC.MESTRE MUNDO INTERNACIONAL LIMITADA",4,6,,1,22,"2018-10-17 00:00:00",)', '2019-01-28 13:33:37', 1);
INSERT INTO pagos.tr_bitacora (id_bitacora, co_accion, tx_tabla, in_id_tabla, tx_old_valor, tx_new_valor, fe_accion, id_usuario) VALUES (202, 'UPD', 'ente', 195, '(195,"FIGUES HOLDINGS INC/ZWETAN ZANEV AR",2,5,,1,22,"2018-10-17 00:00:00",)', '(195,"FIGUES HOLDINGS INC/ZWETAN ZANEV AR",4,6,,1,22,"2018-10-17 00:00:00",)', '2019-01-28 13:33:37', 1);
INSERT INTO pagos.tr_bitacora (id_bitacora, co_accion, tx_tabla, in_id_tabla, tx_old_valor, tx_new_valor, fe_accion, id_usuario) VALUES (203, 'UPD', 'ente', 196, '(196,"FINANZES S.A",2,5,,1,22,"2018-10-17 00:00:00",)', '(196,"FINANZES S.A",4,6,,1,22,"2018-10-17 00:00:00",)', '2019-01-28 13:33:37', 1);
INSERT INTO pagos.tr_bitacora (id_bitacora, co_accion, tx_tabla, in_id_tabla, tx_old_valor, tx_new_valor, fe_accion, id_usuario) VALUES (204, 'UPD', 'ente', 197, '(197,"FLYHIGH TRADING COMPANY LIMITED",2,5,,1,22,"2018-10-17 00:00:00",)', '(197,"FLYHIGH TRADING COMPANY LIMITED",4,6,,1,22,"2018-10-17 00:00:00",)', '2019-01-28 13:33:37', 1);
INSERT INTO pagos.tr_bitacora (id_bitacora, co_accion, tx_tabla, in_id_tabla, tx_old_valor, tx_new_valor, fe_accion, id_usuario) VALUES (205, 'UPD', 'ente', 198, '(198,"FOLEY HOAG LLP",2,5,,1,22,"2018-10-17 00:00:00",)', '(198,"FOLEY HOAG LLP",4,6,,1,22,"2018-10-17 00:00:00",)', '2019-01-28 13:33:37', 1);
INSERT INTO pagos.tr_bitacora (id_bitacora, co_accion, tx_tabla, in_id_tabla, tx_old_valor, tx_new_valor, fe_accion, id_usuario) VALUES (206, 'UPD', 'ente', 201, '(201,"FORTRESS BANK IBU",2,5,,1,22,"2018-10-17 00:00:00",)', '(201,"FORTRESS BANK IBU",4,6,,1,22,"2018-10-17 00:00:00",)', '2019-01-28 13:33:37', 1);
INSERT INTO pagos.tr_bitacora (id_bitacora, co_accion, tx_tabla, in_id_tabla, tx_old_valor, tx_new_valor, fe_accion, id_usuario) VALUES (207, 'UPD', 'ente', 200, '(200,"FORENSIC TECHNOLOGY (EUROPE) LTD",2,5,,1,22,"2018-10-17 00:00:00",)', '(200,"FORENSIC TECHNOLOGY (EUROPE) LTD",4,6,,1,22,"2018-10-17 00:00:00",)', '2019-01-28 13:33:37', 1);
INSERT INTO pagos.tr_bitacora (id_bitacora, co_accion, tx_tabla, in_id_tabla, tx_old_valor, tx_new_valor, fe_accion, id_usuario) VALUES (208, 'UPD', 'ente', 202, '(202,"FORZA INTERNATIONAL SUPPLY CORP C/O ZWETAN ZANEV",2,5,,1,22,"2018-10-17 00:00:00",)', '(202,"FORZA INTERNATIONAL SUPPLY CORP C/O ZWETAN ZANEV",4,6,,1,22,"2018-10-17 00:00:00",)', '2019-01-28 13:33:37', 1);
INSERT INTO pagos.tr_bitacora (id_bitacora, co_accion, tx_tabla, in_id_tabla, tx_old_valor, tx_new_valor, fe_accion, id_usuario) VALUES (209, 'UPD', 'ente', 199, '(199,"FONDO DE DESARROLLO NACIONAL FONDEN, S.A.",1,5,,1,22,"2018-10-17 00:00:00",)', '(199,"FONDO DE DESARROLLO NACIONAL FONDEN, S.A.",4,6,,1,22,"2018-10-17 00:00:00",)', '2019-01-28 13:33:37', 1);
INSERT INTO pagos.tr_bitacora (id_bitacora, co_accion, tx_tabla, in_id_tabla, tx_old_valor, tx_new_valor, fe_accion, id_usuario) VALUES (210, 'UPD', 'ente', 203, '(203,"FR EQUIPMENT AND TECHNOLOGY CORP",2,5,,1,22,"2018-10-17 00:00:00",)', '(203,"FR EQUIPMENT AND TECHNOLOGY CORP",4,6,,1,22,"2018-10-17 00:00:00",)', '2019-01-28 13:33:37', 1);
INSERT INTO pagos.tr_bitacora (id_bitacora, co_accion, tx_tabla, in_id_tabla, tx_old_valor, tx_new_valor, fe_accion, id_usuario) VALUES (211, 'UPD', 'ente', 204, '(204,"FREZO INTERNATIONAL TRADING CORPORATION",2,5,,1,22,"2018-10-17 00:00:00",)', '(204,"FREZO INTERNATIONAL TRADING CORPORATION",4,6,,1,22,"2018-10-17 00:00:00",)', '2019-01-28 13:33:37', 1);
INSERT INTO pagos.tr_bitacora (id_bitacora, co_accion, tx_tabla, in_id_tabla, tx_old_valor, tx_new_valor, fe_accion, id_usuario) VALUES (212, 'UPD', 'ente', 205, '(205,"GENETICS SPANISH,S.L.",2,5,,1,22,"2018-10-17 00:00:00",)', '(205,"GENETICS SPANISH,S.L.",4,6,,1,22,"2018-10-17 00:00:00",)', '2019-01-28 13:33:37', 1);
INSERT INTO pagos.tr_bitacora (id_bitacora, co_accion, tx_tabla, in_id_tabla, tx_old_valor, tx_new_valor, fe_accion, id_usuario) VALUES (213, 'UPD', 'ente', 206, '(206,"GENTEC,S.A.",2,5,,1,22,"2018-10-17 00:00:00",)', '(206,"GENTEC,S.A.",4,6,,1,22,"2018-10-17 00:00:00",)', '2019-01-28 13:33:37', 1);
INSERT INTO pagos.tr_bitacora (id_bitacora, co_accion, tx_tabla, in_id_tabla, tx_old_valor, tx_new_valor, fe_accion, id_usuario) VALUES (214, 'UPD', 'ente', 207, '(207,"GEORGIAN REINSURANCE BROKERS LTD",2,5,,1,22,"2018-10-17 00:00:00",)', '(207,"GEORGIAN REINSURANCE BROKERS LTD",4,6,,1,22,"2018-10-17 00:00:00",)', '2019-01-28 13:33:37', 1);
INSERT INTO pagos.tr_bitacora (id_bitacora, co_accion, tx_tabla, in_id_tabla, tx_old_valor, tx_new_valor, fe_accion, id_usuario) VALUES (215, 'UPD', 'ente', 209, '(209,"GLOBAL FINANCIAL CORPORATION",2,5,,1,22,"2018-10-17 00:00:00",)', '(209,"GLOBAL FINANCIAL CORPORATION",4,6,,1,22,"2018-10-17 00:00:00",)', '2019-01-28 13:33:37', 1);
INSERT INTO pagos.tr_bitacora (id_bitacora, co_accion, tx_tabla, in_id_tabla, tx_old_valor, tx_new_valor, fe_accion, id_usuario) VALUES (216, 'UPD', 'ente', 210, '(210,"GLOBAL INVESTMENTS 1411 LTD",2,5,,1,22,"2018-10-17 00:00:00",)', '(210,"GLOBAL INVESTMENTS 1411 LTD",4,6,,1,22,"2018-10-17 00:00:00",)', '2019-01-28 13:33:37', 1);
INSERT INTO pagos.tr_bitacora (id_bitacora, co_accion, tx_tabla, in_id_tabla, tx_old_valor, tx_new_valor, fe_accion, id_usuario) VALUES (217, 'UPD', 'ente', 211, '(211,"GLOBAL SUPPLIES CORPORATION S.A",2,5,,1,22,"2018-10-17 00:00:00",)', '(211,"GLOBAL SUPPLIES CORPORATION S.A",4,6,,1,22,"2018-10-17 00:00:00",)', '2019-01-28 13:33:37', 1);
INSERT INTO pagos.tr_bitacora (id_bitacora, co_accion, tx_tabla, in_id_tabla, tx_old_valor, tx_new_valor, fe_accion, id_usuario) VALUES (218, 'UPD', 'ente', 212, '(212,"GLOBE INGREDIENTS BV",2,5,,1,22,"2018-10-17 00:00:00",)', '(212,"GLOBE INGREDIENTS BV",4,6,,1,22,"2018-10-17 00:00:00",)', '2019-01-28 13:33:37', 1);
INSERT INTO pagos.tr_bitacora (id_bitacora, co_accion, tx_tabla, in_id_tabla, tx_old_valor, tx_new_valor, fe_accion, id_usuario) VALUES (219, 'UPD', 'ente', 213, '(213,"GLOBENET CABOS SUBMARINOS BERMUDA LTD",2,5,,1,22,"2018-10-17 00:00:00",)', '(213,"GLOBENET CABOS SUBMARINOS BERMUDA LTD",4,6,,1,22,"2018-10-17 00:00:00",)', '2019-01-28 13:33:37', 1);
INSERT INTO pagos.tr_bitacora (id_bitacora, co_accion, tx_tabla, in_id_tabla, tx_old_valor, tx_new_valor, fe_accion, id_usuario) VALUES (220, 'UPD', 'ente', 214, '(214,"GLOBOAVES SAO PAULO AGROAVICOLA LTDA",2,5,,1,22,"2018-10-17 00:00:00",)', '(214,"GLOBOAVES SAO PAULO AGROAVICOLA LTDA",4,6,,1,22,"2018-10-17 00:00:00",)', '2019-01-28 13:33:37', 1);
INSERT INTO pagos.tr_bitacora (id_bitacora, co_accion, tx_tabla, in_id_tabla, tx_old_valor, tx_new_valor, fe_accion, id_usuario) VALUES (221, 'UPD', 'ente', 215, '(215,"GO GROUP HOLDINGS INC",2,5,,1,22,"2018-10-17 00:00:00",)', '(215,"GO GROUP HOLDINGS INC",4,6,,1,22,"2018-10-17 00:00:00",)', '2019-01-28 13:33:37', 1);
INSERT INTO pagos.tr_bitacora (id_bitacora, co_accion, tx_tabla, in_id_tabla, tx_old_valor, tx_new_valor, fe_accion, id_usuario) VALUES (222, 'UPD', 'ente', 216, '(216,"GOBERNACION DEL ESTADO VARGAS",2,5,,1,22,"2018-10-17 00:00:00",)', '(216,"GOBERNACION DEL ESTADO VARGAS",4,6,,1,22,"2018-10-17 00:00:00",)', '2019-01-28 13:33:37', 1);
INSERT INTO pagos.tr_bitacora (id_bitacora, co_accion, tx_tabla, in_id_tabla, tx_old_valor, tx_new_valor, fe_accion, id_usuario) VALUES (223, 'UPD', 'ente', 217, '(217,"GODAR FINANCIAL CORPORATION",2,5,,1,22,"2018-10-17 00:00:00",)', '(217,"GODAR FINANCIAL CORPORATION",4,6,,1,22,"2018-10-17 00:00:00",)', '2019-01-28 13:33:37', 1);
INSERT INTO pagos.tr_bitacora (id_bitacora, co_accion, tx_tabla, in_id_tabla, tx_old_valor, tx_new_valor, fe_accion, id_usuario) VALUES (224, 'UPD', 'ente', 218, '(218,"GOLD RESERVE INC",2,5,,1,22,"2018-10-17 00:00:00",)', '(218,"GOLD RESERVE INC",4,6,,1,22,"2018-10-17 00:00:00",)', '2019-01-28 13:33:37', 1);
INSERT INTO pagos.tr_bitacora (id_bitacora, co_accion, tx_tabla, in_id_tabla, tx_old_valor, tx_new_valor, fe_accion, id_usuario) VALUES (225, 'UPD', 'ente', 219, '(219,"GRUPO HGM TECNOLOGIAS SUBMARINAS,S.L",2,5,,1,22,"2018-10-17 00:00:00",)', '(219,"GRUPO HGM TECNOLOGIAS SUBMARINAS,S.L",4,6,,1,22,"2018-10-17 00:00:00",)', '2019-01-28 13:33:37', 1);
INSERT INTO pagos.tr_bitacora (id_bitacora, co_accion, tx_tabla, in_id_tabla, tx_old_valor, tx_new_valor, fe_accion, id_usuario) VALUES (226, 'UPD', 'ente', 220, '(220,"GUANGDONG CHIGO AIR CONDITIONING CO.,LTD.",2,5,,1,22,"2018-10-17 00:00:00",)', '(220,"GUANGDONG CHIGO AIR CONDITIONING CO.,LTD.",4,6,,1,22,"2018-10-17 00:00:00",)', '2019-01-28 13:33:37', 1);
INSERT INTO pagos.tr_bitacora (id_bitacora, co_accion, tx_tabla, in_id_tabla, tx_old_valor, tx_new_valor, fe_accion, id_usuario) VALUES (227, 'UPD', 'ente', 221, '(221,"HEADLINE LLC,LTD / ZWETAN ZANEV ART 30 BA",2,5,,1,22,"2018-10-17 00:00:00",)', '(221,"HEADLINE LLC,LTD / ZWETAN ZANEV ART 30 BA",4,6,,1,22,"2018-10-17 00:00:00",)', '2019-01-28 13:33:37', 1);
INSERT INTO pagos.tr_bitacora (id_bitacora, co_accion, tx_tabla, in_id_tabla, tx_old_valor, tx_new_valor, fe_accion, id_usuario) VALUES (228, 'UPD', 'ente', 222, '(222,"HEFEI HUALING CO.,LTD",2,5,,1,22,"2018-10-17 00:00:00",)', '(222,"HEFEI HUALING CO.,LTD",4,6,,1,22,"2018-10-17 00:00:00",)', '2019-01-28 13:33:37', 1);
INSERT INTO pagos.tr_bitacora (id_bitacora, co_accion, tx_tabla, in_id_tabla, tx_old_valor, tx_new_valor, fe_accion, id_usuario) VALUES (229, 'UPD', 'ente', 223, '(223,"HENDRIX GENETICS LTDA",2,5,,1,22,"2018-10-17 00:00:00",)', '(223,"HENDRIX GENETICS LTDA",4,6,,1,22,"2018-10-17 00:00:00",)', '2019-01-28 13:33:37', 1);
INSERT INTO pagos.tr_bitacora (id_bitacora, co_accion, tx_tabla, in_id_tabla, tx_old_valor, tx_new_valor, fe_accion, id_usuario) VALUES (230, 'UPD', 'ente', 224, '(224,"HK SHANS INT L GROUP LIMITED",2,5,,1,22,"2018-10-17 00:00:00",)', '(224,"HK SHANS INT L GROUP LIMITED",4,6,,1,22,"2018-10-17 00:00:00",)', '2019-01-28 13:33:37', 1);
INSERT INTO pagos.tr_bitacora (id_bitacora, co_accion, tx_tabla, in_id_tabla, tx_old_valor, tx_new_valor, fe_accion, id_usuario) VALUES (231, 'UPD', 'ente', 225, '(225,"HOSPITAL SIRIO LIBANES",2,5,,1,22,"2018-10-17 00:00:00",)', '(225,"HOSPITAL SIRIO LIBANES",4,6,,1,22,"2018-10-17 00:00:00",)', '2019-01-28 13:33:37', 1);
INSERT INTO pagos.tr_bitacora (id_bitacora, co_accion, tx_tabla, in_id_tabla, tx_old_valor, tx_new_valor, fe_accion, id_usuario) VALUES (232, 'UPD', 'ente', 226, '(226,"HUAL TECHNOLOGIES S.A C/O ZWETAN ZANEV",2,5,,1,22,"2018-10-17 00:00:00",)', '(226,"HUAL TECHNOLOGIES S.A C/O ZWETAN ZANEV",4,6,,1,22,"2018-10-17 00:00:00",)', '2019-01-28 13:33:37', 1);
INSERT INTO pagos.tr_bitacora (id_bitacora, co_accion, tx_tabla, in_id_tabla, tx_old_valor, tx_new_valor, fe_accion, id_usuario) VALUES (233, 'UPD', 'ente', 227, '(227,"HYR TRADE LIMITED C/O ZWETAN ZANEV",2,5,,1,22,"2018-10-17 00:00:00",)', '(227,"HYR TRADE LIMITED C/O ZWETAN ZANEV",4,6,,1,22,"2018-10-17 00:00:00",)', '2019-01-28 13:33:37', 1);
INSERT INTO pagos.tr_bitacora (id_bitacora, co_accion, tx_tabla, in_id_tabla, tx_old_valor, tx_new_valor, fe_accion, id_usuario) VALUES (234, 'UPD', 'ente', 228, '(228,"IBM WORL TRADE CORPORATION",2,5,,1,22,"2018-10-17 00:00:00",)', '(228,"IBM WORL TRADE CORPORATION",4,6,,1,22,"2018-10-17 00:00:00",)', '2019-01-28 13:33:37', 1);
INSERT INTO pagos.tr_bitacora (id_bitacora, co_accion, tx_tabla, in_id_tabla, tx_old_valor, tx_new_valor, fe_accion, id_usuario) VALUES (235, 'UPD', 'ente', 229, '(229,"IBRAQUIM TECN LDA-SUCURSAL PORTUGAL",2,5,,1,22,"2018-10-17 00:00:00",)', '(229,"IBRAQUIM TECN LDA-SUCURSAL PORTUGAL",4,6,,1,22,"2018-10-17 00:00:00",)', '2019-01-28 13:33:37', 1);
INSERT INTO pagos.tr_bitacora (id_bitacora, co_accion, tx_tabla, in_id_tabla, tx_old_valor, tx_new_valor, fe_accion, id_usuario) VALUES (236, 'UPD', 'ente', 230, '(230,"IBRAQUIM TECOLOGIA LTDA",2,5,,1,22,"2018-10-17 00:00:00",)', '(230,"IBRAQUIM TECOLOGIA LTDA",4,6,,1,22,"2018-10-17 00:00:00",)', '2019-01-28 13:33:37', 1);
INSERT INTO pagos.tr_bitacora (id_bitacora, co_accion, tx_tabla, in_id_tabla, tx_old_valor, tx_new_valor, fe_accion, id_usuario) VALUES (237, 'UPD', 'ente', 231, '(231,"IDA S.R.L.",2,5,,1,22,"2018-10-17 00:00:00",)', '(231,"IDA S.R.L.",4,6,,1,22,"2018-10-17 00:00:00",)', '2019-01-28 13:33:37', 1);
INSERT INTO pagos.tr_bitacora (id_bitacora, co_accion, tx_tabla, in_id_tabla, tx_old_valor, tx_new_valor, fe_accion, id_usuario) VALUES (238, 'UPD', 'ente', 232, '(232,"IDE-CESEM INSTITUTO DE DIRECTIVOS EMPRESARIALES",2,5,,1,22,"2018-10-17 00:00:00",)', '(232,"IDE-CESEM INSTITUTO DE DIRECTIVOS EMPRESARIALES",4,6,,1,22,"2018-10-17 00:00:00",)', '2019-01-28 13:33:37', 1);
INSERT INTO pagos.tr_bitacora (id_bitacora, co_accion, tx_tabla, in_id_tabla, tx_old_valor, tx_new_valor, fe_accion, id_usuario) VALUES (239, 'UPD', 'ente', 233, '(233,"IMPORT AND EXPORT Y COM LTD",2,5,,1,22,"2018-10-17 00:00:00",)', '(233,"IMPORT AND EXPORT Y COM LTD",4,6,,1,22,"2018-10-17 00:00:00",)', '2019-01-28 13:33:37', 1);
INSERT INTO pagos.tr_bitacora (id_bitacora, co_accion, tx_tabla, in_id_tabla, tx_old_valor, tx_new_valor, fe_accion, id_usuario) VALUES (240, 'UPD', 'ente', 234, '(234,"INCLAM,S.A.",2,5,,1,22,"2018-10-17 00:00:00",)', '(234,"INCLAM,S.A.",4,6,,1,22,"2018-10-17 00:00:00",)', '2019-01-28 13:33:37', 1);
INSERT INTO pagos.tr_bitacora (id_bitacora, co_accion, tx_tabla, in_id_tabla, tx_old_valor, tx_new_valor, fe_accion, id_usuario) VALUES (241, 'UPD', 'ente', 236, '(236,"INORCA CONSULTORES,S.L.",2,5,,1,22,"2018-10-17 00:00:00",)', '(236,"INORCA CONSULTORES,S.L.",4,6,,1,22,"2018-10-17 00:00:00",)', '2019-01-28 13:33:37', 1);
INSERT INTO pagos.tr_bitacora (id_bitacora, co_accion, tx_tabla, in_id_tabla, tx_old_valor, tx_new_valor, fe_accion, id_usuario) VALUES (242, 'UPD', 'ente', 237, '(237,"INSIGNA INTERNATIONAL TRADING CO., LIMITED",2,5,,1,22,"2018-10-17 00:00:00",)', '(237,"INSIGNA INTERNATIONAL TRADING CO., LIMITED",4,6,,1,22,"2018-10-17 00:00:00",)', '2019-01-28 13:33:37', 1);
INSERT INTO pagos.tr_bitacora (id_bitacora, co_accion, tx_tabla, in_id_tabla, tx_old_valor, tx_new_valor, fe_accion, id_usuario) VALUES (243, 'UPD', 'ente', 238, '(238,"INSTITUCION FERIAL DE MADRID",2,5,,1,22,"2018-10-17 00:00:00",)', '(238,"INSTITUCION FERIAL DE MADRID",4,6,,1,22,"2018-10-17 00:00:00",)', '2019-01-28 13:33:37', 1);
INSERT INTO pagos.tr_bitacora (id_bitacora, co_accion, tx_tabla, in_id_tabla, tx_old_valor, tx_new_valor, fe_accion, id_usuario) VALUES (244, 'UPD', 'ente', 239, '(239,"INSTITUTO DE DIRECTIVOS DE EMPRESA, S.L.",2,5,,1,22,"2018-10-17 00:00:00",)', '(239,"INSTITUTO DE DIRECTIVOS DE EMPRESA, S.L.",4,6,,1,22,"2018-10-17 00:00:00",)', '2019-01-28 13:33:37', 1);
INSERT INTO pagos.tr_bitacora (id_bitacora, co_accion, tx_tabla, in_id_tabla, tx_old_valor, tx_new_valor, fe_accion, id_usuario) VALUES (245, 'UPD', 'ente', 240, '(240,"INSTITUTO NACIONAL DE AERONAUTICA CIVIL (INAC)",2,5,,1,22,"2018-10-17 00:00:00",)', '(240,"INSTITUTO NACIONAL DE AERONAUTICA CIVIL (INAC)",4,6,,1,22,"2018-10-17 00:00:00",)', '2019-01-28 13:33:37', 1);
INSERT INTO pagos.tr_bitacora (id_bitacora, co_accion, tx_tabla, in_id_tabla, tx_old_valor, tx_new_valor, fe_accion, id_usuario) VALUES (246, 'UPD', 'ente', 241, '(241,"INTEGRAL EMERGENCY SOLUTIONS INC",2,5,,1,22,"2018-10-17 00:00:00",)', '(241,"INTEGRAL EMERGENCY SOLUTIONS INC",4,6,,1,22,"2018-10-17 00:00:00",)', '2019-01-28 13:33:37', 1);
INSERT INTO pagos.tr_bitacora (id_bitacora, co_accion, tx_tabla, in_id_tabla, tx_old_valor, tx_new_valor, fe_accion, id_usuario) VALUES (247, 'UPD', 'ente', 242, '(242,"INTELSAT GLOBAL SALES AND MARKETING LTD",2,5,,1,22,"2018-10-17 00:00:00",)', '(242,"INTELSAT GLOBAL SALES AND MARKETING LTD",4,6,,1,22,"2018-10-17 00:00:00",)', '2019-01-28 13:33:37', 1);
INSERT INTO pagos.tr_bitacora (id_bitacora, co_accion, tx_tabla, in_id_tabla, tx_old_valor, tx_new_valor, fe_accion, id_usuario) VALUES (248, 'UPD', 'ente', 243, '(243,"INTERLUDE COMPANY SERVICES S.A.",2,5,,1,22,"2018-10-17 00:00:00",)', '(243,"INTERLUDE COMPANY SERVICES S.A.",4,6,,1,22,"2018-10-17 00:00:00",)', '2019-01-28 13:33:37', 1);
INSERT INTO pagos.tr_bitacora (id_bitacora, co_accion, tx_tabla, in_id_tabla, tx_old_valor, tx_new_valor, fe_accion, id_usuario) VALUES (249, 'UPD', 'ente', 244, '(244,"INTERNACIONAL CHAMBER OF COMMERCE",2,5,,1,22,"2018-10-17 00:00:00",)', '(244,"INTERNACIONAL CHAMBER OF COMMERCE",4,6,,1,22,"2018-10-17 00:00:00",)', '2019-01-28 13:33:37', 1);
INSERT INTO pagos.tr_bitacora (id_bitacora, co_accion, tx_tabla, in_id_tabla, tx_old_valor, tx_new_valor, fe_accion, id_usuario) VALUES (250, 'UPD', 'ente', 245, '(245,"INTERNATIONAL PHARMA TRADE",2,5,,1,22,"2018-10-17 00:00:00",)', '(245,"INTERNATIONAL PHARMA TRADE",4,6,,1,22,"2018-10-17 00:00:00",)', '2019-01-28 13:33:37', 1);
INSERT INTO pagos.tr_bitacora (id_bitacora, co_accion, tx_tabla, in_id_tabla, tx_old_valor, tx_new_valor, fe_accion, id_usuario) VALUES (251, 'UPD', 'ente', 246, '(246,"INTERTEKNICA INTERNACIONAL DE TECNOLOGIA SL",2,5,,1,22,"2018-10-17 00:00:00",)', '(246,"INTERTEKNICA INTERNACIONAL DE TECNOLOGIA SL",4,6,,1,22,"2018-10-17 00:00:00",)', '2019-01-28 13:33:37', 1);
INSERT INTO pagos.tr_bitacora (id_bitacora, co_accion, tx_tabla, in_id_tabla, tx_old_valor, tx_new_valor, fe_accion, id_usuario) VALUES (252, 'UPD', 'ente', 247, '(247,"INVERSIONES ALFAMAQ C.A.",2,5,,1,22,"2018-10-17 00:00:00",)', '(247,"INVERSIONES ALFAMAQ C.A.",4,6,,1,22,"2018-10-17 00:00:00",)', '2019-01-28 13:33:37', 1);
INSERT INTO pagos.tr_bitacora (id_bitacora, co_accion, tx_tabla, in_id_tabla, tx_old_valor, tx_new_valor, fe_accion, id_usuario) VALUES (253, 'UPD', 'ente', 275, '(275,"LANDSCAPE VISION CORPORATION SA",1,5,,1,22,"2018-10-17 00:00:00",)', '(275,"LANDSCAPE VISION CORPORATION SA",4,6,,1,22,"2018-10-17 00:00:00",)', '2019-01-28 13:33:37', 1);
INSERT INTO pagos.tr_bitacora (id_bitacora, co_accion, tx_tabla, in_id_tabla, tx_old_valor, tx_new_valor, fe_accion, id_usuario) VALUES (254, 'UPD', 'ente', 249, '(249,"INVERSIONES RAMAJA LIMITADA",2,5,,1,22,"2018-10-17 00:00:00",)', '(249,"INVERSIONES RAMAJA LIMITADA",4,6,,1,22,"2018-10-17 00:00:00",)', '2019-01-28 13:33:37', 1);
INSERT INTO pagos.tr_bitacora (id_bitacora, co_accion, tx_tabla, in_id_tabla, tx_old_valor, tx_new_valor, fe_accion, id_usuario) VALUES (255, 'UPD', 'ente', 250, '(250,"IRON CORP",2,5,,1,22,"2018-10-17 00:00:00",)', '(250,"IRON CORP",4,6,,1,22,"2018-10-17 00:00:00",)', '2019-01-28 13:33:37', 1);
INSERT INTO pagos.tr_bitacora (id_bitacora, co_accion, tx_tabla, in_id_tabla, tx_old_valor, tx_new_valor, fe_accion, id_usuario) VALUES (256, 'UPD', 'ente', 251, '(251,"ISACES LTD",2,5,,1,22,"2018-10-17 00:00:00",)', '(251,"ISACES LTD",4,6,,1,22,"2018-10-17 00:00:00",)', '2019-01-28 13:33:37', 1);
INSERT INTO pagos.tr_bitacora (id_bitacora, co_accion, tx_tabla, in_id_tabla, tx_old_valor, tx_new_valor, fe_accion, id_usuario) VALUES (257, 'UPD', 'ente', 252, '(252,"ITALPAST S.R.L.",2,5,,1,22,"2018-10-17 00:00:00",)', '(252,"ITALPAST S.R.L.",4,6,,1,22,"2018-10-17 00:00:00",)', '2019-01-28 13:33:37', 1);
INSERT INTO pagos.tr_bitacora (id_bitacora, co_accion, tx_tabla, in_id_tabla, tx_old_valor, tx_new_valor, fe_accion, id_usuario) VALUES (258, 'UPD', 'ente', 253, '(253,"ITAU UNIBANCO S.A",2,5,,1,22,"2018-10-17 00:00:00",)', '(253,"ITAU UNIBANCO S.A",4,6,,1,22,"2018-10-17 00:00:00",)', '2019-01-28 13:33:37', 1);
INSERT INTO pagos.tr_bitacora (id_bitacora, co_accion, tx_tabla, in_id_tabla, tx_old_valor, tx_new_valor, fe_accion, id_usuario) VALUES (259, 'UPD', 'ente', 254, '(254,"J AND B INTERNATIONAL TRAD",2,5,,1,22,"2018-10-17 00:00:00",)', '(254,"J AND B INTERNATIONAL TRAD",4,6,,1,22,"2018-10-17 00:00:00",)', '2019-01-28 13:33:37', 1);
INSERT INTO pagos.tr_bitacora (id_bitacora, co_accion, tx_tabla, in_id_tabla, tx_old_valor, tx_new_valor, fe_accion, id_usuario) VALUES (260, 'UPD', 'ente', 255, '(255,"J FALKEN S.A.C",2,5,,1,22,"2018-10-17 00:00:00",)', '(255,"J FALKEN S.A.C",4,6,,1,22,"2018-10-17 00:00:00",)', '2019-01-28 13:33:37', 1);
INSERT INTO pagos.tr_bitacora (id_bitacora, co_accion, tx_tabla, in_id_tabla, tx_old_valor, tx_new_valor, fe_accion, id_usuario) VALUES (262, 'UPD', 'ente', 257, '(257,"JETSKY TRADING LIMITED",2,5,,1,22,"2018-10-17 00:00:00",)', '(257,"JETSKY TRADING LIMITED",4,6,,1,22,"2018-10-17 00:00:00",)', '2019-01-28 13:33:37', 1);
INSERT INTO pagos.tr_bitacora (id_bitacora, co_accion, tx_tabla, in_id_tabla, tx_old_valor, tx_new_valor, fe_accion, id_usuario) VALUES (263, 'UPD', 'ente', 258, '(258,"JIANGSU YAWEI MACHINE TOOL CO LTD",2,5,,1,22,"2018-10-17 00:00:00",)', '(258,"JIANGSU YAWEI MACHINE TOOL CO LTD",4,6,,1,22,"2018-10-17 00:00:00",)', '2019-01-28 13:33:37', 1);
INSERT INTO pagos.tr_bitacora (id_bitacora, co_accion, tx_tabla, in_id_tabla, tx_old_valor, tx_new_valor, fe_accion, id_usuario) VALUES (264, 'UPD', 'ente', 259, '(259,"JNFX LTD",2,5,,1,22,"2018-10-17 00:00:00",)', '(259,"JNFX LTD",4,6,,1,22,"2018-10-17 00:00:00",)', '2019-01-28 13:33:37', 1);
INSERT INTO pagos.tr_bitacora (id_bitacora, co_accion, tx_tabla, in_id_tabla, tx_old_valor, tx_new_valor, fe_accion, id_usuario) VALUES (265, 'UPD', 'ente', 260, '(260,"JNKX LTD",2,5,,1,22,"2018-10-17 00:00:00",)', '(260,"JNKX LTD",4,6,,1,22,"2018-10-17 00:00:00",)', '2019-01-28 13:33:37', 1);
INSERT INTO pagos.tr_bitacora (id_bitacora, co_accion, tx_tabla, in_id_tabla, tx_old_valor, tx_new_valor, fe_accion, id_usuario) VALUES (266, 'UPD', 'ente', 261, '(261,"JSV BELZARUBEZHSTROY SA",2,5,,1,22,"2018-10-17 00:00:00",)', '(261,"JSV BELZARUBEZHSTROY SA",4,6,,1,22,"2018-10-17 00:00:00",)', '2019-01-28 13:33:37', 1);
INSERT INTO pagos.tr_bitacora (id_bitacora, co_accion, tx_tabla, in_id_tabla, tx_old_valor, tx_new_valor, fe_accion, id_usuario) VALUES (267, 'UPD', 'ente', 262, '(262,"JUAN CARLOS LATASSA PEDROZA",2,5,,1,22,"2018-10-17 00:00:00",)', '(262,"JUAN CARLOS LATASSA PEDROZA",4,6,,1,22,"2018-10-17 00:00:00",)', '2019-01-28 13:33:37', 1);
INSERT INTO pagos.tr_bitacora (id_bitacora, co_accion, tx_tabla, in_id_tabla, tx_old_valor, tx_new_valor, fe_accion, id_usuario) VALUES (268, 'UPD', 'ente', 263, '(263,"JUAN CARLOS ZAMBRANO PACHECO",2,5,,1,22,"2018-10-17 00:00:00",)', '(263,"JUAN CARLOS ZAMBRANO PACHECO",4,6,,1,22,"2018-10-17 00:00:00",)', '2019-01-28 13:33:37', 1);
INSERT INTO pagos.tr_bitacora (id_bitacora, co_accion, tx_tabla, in_id_tabla, tx_old_valor, tx_new_valor, fe_accion, id_usuario) VALUES (269, 'UPD', 'ente', 264, '(264,"JWPB 2102 GRUPO COMERCIAL SA DE CV",2,5,,1,22,"2018-10-17 00:00:00",)', '(264,"JWPB 2102 GRUPO COMERCIAL SA DE CV",4,6,,1,22,"2018-10-17 00:00:00",)', '2019-01-28 13:33:37', 1);
INSERT INTO pagos.tr_bitacora (id_bitacora, co_accion, tx_tabla, in_id_tabla, tx_old_valor, tx_new_valor, fe_accion, id_usuario) VALUES (270, 'UPD', 'ente', 265, '(265,"KAI BASSEN LANDMASCHINEN",2,5,,1,22,"2018-10-17 00:00:00",)', '(265,"KAI BASSEN LANDMASCHINEN",4,6,,1,22,"2018-10-17 00:00:00",)', '2019-01-28 13:33:37', 1);
INSERT INTO pagos.tr_bitacora (id_bitacora, co_accion, tx_tabla, in_id_tabla, tx_old_valor, tx_new_valor, fe_accion, id_usuario) VALUES (271, 'UPD', 'ente', 266, '(266,"KBA NOTASYS S.A",2,5,,1,22,"2018-10-17 00:00:00",)', '(266,"KBA NOTASYS S.A",4,6,,1,22,"2018-10-17 00:00:00",)', '2019-01-28 13:33:37', 1);
INSERT INTO pagos.tr_bitacora (id_bitacora, co_accion, tx_tabla, in_id_tabla, tx_old_valor, tx_new_valor, fe_accion, id_usuario) VALUES (272, 'UPD', 'ente', 267, '(267,"KLAUD CARRIER DATA CENTER SA DE CV",2,5,,1,22,"2018-10-17 00:00:00",)', '(267,"KLAUD CARRIER DATA CENTER SA DE CV",4,6,,1,22,"2018-10-17 00:00:00",)', '2019-01-28 13:33:37', 1);
INSERT INTO pagos.tr_bitacora (id_bitacora, co_accion, tx_tabla, in_id_tabla, tx_old_valor, tx_new_valor, fe_accion, id_usuario) VALUES (273, 'UPD', 'ente', 268, '(268,"KOREA OCEAN ENGINERRING AND CONSULTANTS CO LTD",2,5,,1,22,"2018-10-17 00:00:00",)', '(268,"KOREA OCEAN ENGINERRING AND CONSULTANTS CO LTD",4,6,,1,22,"2018-10-17 00:00:00",)', '2019-01-28 13:33:37', 1);
INSERT INTO pagos.tr_bitacora (id_bitacora, co_accion, tx_tabla, in_id_tabla, tx_old_valor, tx_new_valor, fe_accion, id_usuario) VALUES (274, 'UPD', 'ente', 269, '(269,"KSR,SA",2,5,,1,22,"2018-10-17 00:00:00",)', '(269,"KSR,SA",4,6,,1,22,"2018-10-17 00:00:00",)', '2019-01-28 13:33:37', 1);
INSERT INTO pagos.tr_bitacora (id_bitacora, co_accion, tx_tabla, in_id_tabla, tx_old_valor, tx_new_valor, fe_accion, id_usuario) VALUES (275, 'UPD', 'ente', 270, '(270,"LA GUARDIA TRADING GROUP CORP",2,5,,1,22,"2018-10-17 00:00:00",)', '(270,"LA GUARDIA TRADING GROUP CORP",4,6,,1,22,"2018-10-17 00:00:00",)', '2019-01-28 13:33:37', 1);
INSERT INTO pagos.tr_bitacora (id_bitacora, co_accion, tx_tabla, in_id_tabla, tx_old_valor, tx_new_valor, fe_accion, id_usuario) VALUES (276, 'UPD', 'ente', 271, '(271,"LA NUEVA TELEVISION DEL SUR CA",2,5,,1,22,"2018-10-17 00:00:00",)', '(271,"LA NUEVA TELEVISION DEL SUR CA",4,6,,1,22,"2018-10-17 00:00:00",)', '2019-01-28 13:33:37', 1);
INSERT INTO pagos.tr_bitacora (id_bitacora, co_accion, tx_tabla, in_id_tabla, tx_old_valor, tx_new_valor, fe_accion, id_usuario) VALUES (277, 'UPD', 'ente', 272, '(272,"LABORATORIOS HIPRA,S.A.",2,5,,1,22,"2018-10-17 00:00:00",)', '(272,"LABORATORIOS HIPRA,S.A.",4,6,,1,22,"2018-10-17 00:00:00",)', '2019-01-28 13:33:37', 1);
INSERT INTO pagos.tr_bitacora (id_bitacora, co_accion, tx_tabla, in_id_tabla, tx_old_valor, tx_new_valor, fe_accion, id_usuario) VALUES (278, 'UPD', 'ente', 273, '(273,LACNIC,2,5,,1,22,"2018-10-17 00:00:00",)', '(273,LACNIC,4,6,,1,22,"2018-10-17 00:00:00",)', '2019-01-28 13:33:37', 1);
INSERT INTO pagos.tr_bitacora (id_bitacora, co_accion, tx_tabla, in_id_tabla, tx_old_valor, tx_new_valor, fe_accion, id_usuario) VALUES (279, 'UPD', 'ente', 276, '(276,"LANDUCCI S.R.L",2,5,,1,22,"2018-10-17 00:00:00",)', '(276,"LANDUCCI S.R.L",4,6,,1,22,"2018-10-17 00:00:00",)', '2019-01-28 13:33:37', 1);
INSERT INTO pagos.tr_bitacora (id_bitacora, co_accion, tx_tabla, in_id_tabla, tx_old_valor, tx_new_valor, fe_accion, id_usuario) VALUES (280, 'UPD', 'ente', 277, '(277,"LANZ VALDIVIA ISABEL ANGELICA",2,5,,1,22,"2018-10-17 00:00:00",)', '(277,"LANZ VALDIVIA ISABEL ANGELICA",4,6,,1,22,"2018-10-17 00:00:00",)', '2019-01-28 13:33:37', 1);
INSERT INTO pagos.tr_bitacora (id_bitacora, co_accion, tx_tabla, in_id_tabla, tx_old_valor, tx_new_valor, fe_accion, id_usuario) VALUES (281, 'UPD', 'ente', 278, '(278,LAVINCORP,2,5,,1,22,"2018-10-17 00:00:00",)', '(278,LAVINCORP,4,6,,1,22,"2018-10-17 00:00:00",)', '2019-01-28 13:33:37', 1);
INSERT INTO pagos.tr_bitacora (id_bitacora, co_accion, tx_tabla, in_id_tabla, tx_old_valor, tx_new_valor, fe_accion, id_usuario) VALUES (282, 'UPD', 'ente', 279, '(279,"LEFITUR SA",2,5,,1,22,"2018-10-17 00:00:00",)', '(279,"LEFITUR SA",4,6,,1,22,"2018-10-17 00:00:00",)', '2019-01-28 13:33:37', 1);
INSERT INTO pagos.tr_bitacora (id_bitacora, co_accion, tx_tabla, in_id_tabla, tx_old_valor, tx_new_valor, fe_accion, id_usuario) VALUES (283, 'UPD', 'ente', 280, '(280,"LENA ENGENHARIA E CONSTRUCOES S.A",2,5,,1,22,"2018-10-17 00:00:00",)', '(280,"LENA ENGENHARIA E CONSTRUCOES S.A",4,6,,1,22,"2018-10-17 00:00:00",)', '2019-01-28 13:33:37', 1);
INSERT INTO pagos.tr_bitacora (id_bitacora, co_accion, tx_tabla, in_id_tabla, tx_old_valor, tx_new_valor, fe_accion, id_usuario) VALUES (284, 'UPD', 'ente', 281, '(281,"LESOD INTERNATIONAL TRADE (SHANGHAI) LIMITED",2,5,,1,22,"2018-10-17 00:00:00",)', '(281,"LESOD INTERNATIONAL TRADE (SHANGHAI) LIMITED",4,6,,1,22,"2018-10-17 00:00:00",)', '2019-01-28 13:33:37', 1);
INSERT INTO pagos.tr_bitacora (id_bitacora, co_accion, tx_tabla, in_id_tabla, tx_old_valor, tx_new_valor, fe_accion, id_usuario) VALUES (285, 'UPD', 'ente', 282, '(282,"LETAFET TURIZM TICARET LIMITED SIRKETI",2,5,,1,22,"2018-10-17 00:00:00",)', '(282,"LETAFET TURIZM TICARET LIMITED SIRKETI",4,6,,1,22,"2018-10-17 00:00:00",)', '2019-01-28 13:33:37', 1);
INSERT INTO pagos.tr_bitacora (id_bitacora, co_accion, tx_tabla, in_id_tabla, tx_old_valor, tx_new_valor, fe_accion, id_usuario) VALUES (286, 'UPD', 'ente', 283, '(283,"LGE CORAL HOLDCO LTD",2,5,,1,22,"2018-10-17 00:00:00",)', '(283,"LGE CORAL HOLDCO LTD",4,6,,1,22,"2018-10-17 00:00:00",)', '2019-01-28 13:33:37', 1);
INSERT INTO pagos.tr_bitacora (id_bitacora, co_accion, tx_tabla, in_id_tabla, tx_old_valor, tx_new_valor, fe_accion, id_usuario) VALUES (287, 'UPD', 'ente', 284, '(284,"LIDO INTERNACIONAL, S.A",2,5,,1,22,"2018-10-17 00:00:00",)', '(284,"LIDO INTERNACIONAL, S.A",4,6,,1,22,"2018-10-17 00:00:00",)', '2019-01-28 13:33:37', 1);
INSERT INTO pagos.tr_bitacora (id_bitacora, co_accion, tx_tabla, in_id_tabla, tx_old_valor, tx_new_valor, fe_accion, id_usuario) VALUES (288, 'UPD', 'ente', 285, '(285,"LIFT EQUIPMENTS INC",2,5,,1,22,"2018-10-17 00:00:00",)', '(285,"LIFT EQUIPMENTS INC",4,6,,1,22,"2018-10-17 00:00:00",)', '2019-01-28 13:33:37', 1);
INSERT INTO pagos.tr_bitacora (id_bitacora, co_accion, tx_tabla, in_id_tabla, tx_old_valor, tx_new_valor, fe_accion, id_usuario) VALUES (289, 'UPD', 'ente', 286, '(286,"LINCO FOOD SYSTEMS A/S",2,5,,1,22,"2018-10-17 00:00:00",)', '(286,"LINCO FOOD SYSTEMS A/S",4,6,,1,22,"2018-10-17 00:00:00",)', '2019-01-28 13:33:37', 1);
INSERT INTO pagos.tr_bitacora (id_bitacora, co_accion, tx_tabla, in_id_tabla, tx_old_valor, tx_new_valor, fe_accion, id_usuario) VALUES (290, 'UPD', 'ente', 287, '(287,"LOHMANN TIERZUCHT GMBH",2,5,,1,22,"2018-10-17 00:00:00",)', '(287,"LOHMANN TIERZUCHT GMBH",4,6,,1,22,"2018-10-17 00:00:00",)', '2019-01-28 13:33:37', 1);
INSERT INTO pagos.tr_bitacora (id_bitacora, co_accion, tx_tabla, in_id_tabla, tx_old_valor, tx_new_valor, fe_accion, id_usuario) VALUES (291, 'UPD', 'ente', 288, '(288,"LUCAS DE VALENZUELA LUQUE",2,5,,1,22,"2018-10-17 00:00:00",)', '(288,"LUCAS DE VALENZUELA LUQUE",4,6,,1,22,"2018-10-17 00:00:00",)', '2019-01-28 13:33:37', 1);
INSERT INTO pagos.tr_bitacora (id_bitacora, co_accion, tx_tabla, in_id_tabla, tx_old_valor, tx_new_valor, fe_accion, id_usuario) VALUES (292, 'UPD', 'ente', 289, '(289,"LUCK FORTUNE INTERNATIONAL TRADING LIMITED",2,5,,1,22,"2018-10-17 00:00:00",)', '(289,"LUCK FORTUNE INTERNATIONAL TRADING LIMITED",4,6,,1,22,"2018-10-17 00:00:00",)', '2019-01-28 13:33:37', 1);
INSERT INTO pagos.tr_bitacora (id_bitacora, co_accion, tx_tabla, in_id_tabla, tx_old_valor, tx_new_valor, fe_accion, id_usuario) VALUES (293, 'UPD', 'ente', 290, '(290,"LUIGI GIULIANO",2,5,,1,22,"2018-10-17 00:00:00",)', '(290,"LUIGI GIULIANO",4,6,,1,22,"2018-10-17 00:00:00",)', '2019-01-28 13:33:37', 1);
INSERT INTO pagos.tr_bitacora (id_bitacora, co_accion, tx_tabla, in_id_tabla, tx_old_valor, tx_new_valor, fe_accion, id_usuario) VALUES (294, 'UPD', 'ente', 291, '(291,"LUSHAN WIN TONE ENGINEERING TECHNOLOGY CO.,LTD",2,5,,1,22,"2018-10-17 00:00:00",)', '(291,"LUSHAN WIN TONE ENGINEERING TECHNOLOGY CO.,LTD",4,6,,1,22,"2018-10-17 00:00:00",)', '2019-01-28 13:33:37', 1);
INSERT INTO pagos.tr_bitacora (id_bitacora, co_accion, tx_tabla, in_id_tabla, tx_old_valor, tx_new_valor, fe_accion, id_usuario) VALUES (295, 'UPD', 'ente', 292, '(292,LVBP,2,5,,1,22,"2018-10-17 00:00:00",)', '(292,LVBP,4,6,,1,22,"2018-10-17 00:00:00",)', '2019-01-28 13:33:37', 1);
INSERT INTO pagos.tr_bitacora (id_bitacora, co_accion, tx_tabla, in_id_tabla, tx_old_valor, tx_new_valor, fe_accion, id_usuario) VALUES (296, 'UPD', 'ente', 293, '(293,"M AND S GENERAL SUPPLY, S.A",2,5,,1,22,"2018-10-17 00:00:00",)', '(293,"M AND S GENERAL SUPPLY, S.A",4,6,,1,22,"2018-10-17 00:00:00",)', '2019-01-28 13:33:37', 1);
INSERT INTO pagos.tr_bitacora (id_bitacora, co_accion, tx_tabla, in_id_tabla, tx_old_valor, tx_new_valor, fe_accion, id_usuario) VALUES (297, 'UPD', 'ente', 295, '(295,"MALAKUT INSURANCE BROKERS (ASIA) LTD",2,5,,1,22,"2018-10-17 00:00:00",)', '(295,"MALAKUT INSURANCE BROKERS (ASIA) LTD",4,6,,1,22,"2018-10-17 00:00:00",)', '2019-01-28 13:33:37', 1);
INSERT INTO pagos.tr_bitacora (id_bitacora, co_accion, tx_tabla, in_id_tabla, tx_old_valor, tx_new_valor, fe_accion, id_usuario) VALUES (298, 'UPD', 'ente', 296, '(296,"MANCINI S.P.A.",2,5,,1,22,"2018-10-17 00:00:00",)', '(296,"MANCINI S.P.A.",4,6,,1,22,"2018-10-17 00:00:00",)', '2019-01-28 13:33:37', 1);
INSERT INTO pagos.tr_bitacora (id_bitacora, co_accion, tx_tabla, in_id_tabla, tx_old_valor, tx_new_valor, fe_accion, id_usuario) VALUES (299, 'UPD', 'ente', 297, '(297,MANUCHAR,2,5,,1,22,"2018-10-17 00:00:00",)', '(297,MANUCHAR,4,6,,1,22,"2018-10-17 00:00:00",)', '2019-01-28 13:33:37', 1);
INSERT INTO pagos.tr_bitacora (id_bitacora, co_accion, tx_tabla, in_id_tabla, tx_old_valor, tx_new_valor, fe_accion, id_usuario) VALUES (300, 'UPD', 'ente', 294, '(294,"MAJESTICK ARCH TECHNOLOGY INC.",2,5,,1,22,"2018-10-17 00:00:00",)', '(294,"MAJESTICK ARCH TECHNOLOGY INC.",4,6,,1,22,"2018-10-17 00:00:00",)', '2019-01-28 13:33:37', 1);
INSERT INTO pagos.tr_bitacora (id_bitacora, co_accion, tx_tabla, in_id_tabla, tx_old_valor, tx_new_valor, fe_accion, id_usuario) VALUES (301, 'UPD', 'ente', 298, '(298,"MAREL STORK POULTRY PROCESSING B.V",2,5,,1,22,"2018-10-17 00:00:00",)', '(298,"MAREL STORK POULTRY PROCESSING B.V",4,6,,1,22,"2018-10-17 00:00:00",)', '2019-01-28 13:33:37', 1);
INSERT INTO pagos.tr_bitacora (id_bitacora, co_accion, tx_tabla, in_id_tabla, tx_old_valor, tx_new_valor, fe_accion, id_usuario) VALUES (302, 'UPD', 'ente', 299, '(299,"MARINE SCIENCE EXPOMETAL S.L.",2,5,,1,22,"2018-10-17 00:00:00",)', '(299,"MARINE SCIENCE EXPOMETAL S.L.",4,6,,1,22,"2018-10-17 00:00:00",)', '2019-01-28 13:33:37', 1);
INSERT INTO pagos.tr_bitacora (id_bitacora, co_accion, tx_tabla, in_id_tabla, tx_old_valor, tx_new_valor, fe_accion, id_usuario) VALUES (303, 'UPD', 'ente', 300, '(300,"MASS JOY INDUSTRIES LIMITED",2,5,,1,22,"2018-10-17 00:00:00",)', '(300,"MASS JOY INDUSTRIES LIMITED",4,6,,1,22,"2018-10-17 00:00:00",)', '2019-01-28 13:33:37', 1);
INSERT INTO pagos.tr_bitacora (id_bitacora, co_accion, tx_tabla, in_id_tabla, tx_old_valor, tx_new_valor, fe_accion, id_usuario) VALUES (304, 'UPD', 'ente', 301, '(301,"MASTER WORLD INTERNATIONAL LIMITED",2,5,,1,22,"2018-10-17 00:00:00",)', '(301,"MASTER WORLD INTERNATIONAL LIMITED",4,6,,1,22,"2018-10-17 00:00:00",)', '2019-01-28 13:33:37', 1);
INSERT INTO pagos.tr_bitacora (id_bitacora, co_accion, tx_tabla, in_id_tabla, tx_old_valor, tx_new_valor, fe_accion, id_usuario) VALUES (305, 'UPD', 'ente', 302, '(302,"MASTERCARD INTERNATIONAL",2,5,,1,22,"2018-10-17 00:00:00",)', '(302,"MASTERCARD INTERNATIONAL",4,6,,1,22,"2018-10-17 00:00:00",)', '2019-01-28 13:33:37', 1);
INSERT INTO pagos.tr_bitacora (id_bitacora, co_accion, tx_tabla, in_id_tabla, tx_old_valor, tx_new_valor, fe_accion, id_usuario) VALUES (306, 'UPD', 'ente', 303, '(303,"MAX POWR ENGINEERING LTD",2,5,,1,22,"2018-10-17 00:00:00",)', '(303,"MAX POWR ENGINEERING LTD",4,6,,1,22,"2018-10-17 00:00:00",)', '2019-01-28 13:33:37', 1);
INSERT INTO pagos.tr_bitacora (id_bitacora, co_accion, tx_tabla, in_id_tabla, tx_old_valor, tx_new_valor, fe_accion, id_usuario) VALUES (307, 'UPD', 'ente', 304, '(304,"MAXATLANTIC INVESTMENTS SLU",2,5,,1,22,"2018-10-17 00:00:00",)', '(304,"MAXATLANTIC INVESTMENTS SLU",4,6,,1,22,"2018-10-17 00:00:00",)', '2019-01-28 13:33:37', 1);
INSERT INTO pagos.tr_bitacora (id_bitacora, co_accion, tx_tabla, in_id_tabla, tx_old_valor, tx_new_valor, fe_accion, id_usuario) VALUES (308, 'UPD', 'ente', 305, '(305,"MAYVENJOR S.A.C",2,5,,1,22,"2018-10-17 00:00:00",)', '(305,"MAYVENJOR S.A.C",4,6,,1,22,"2018-10-17 00:00:00",)', '2019-01-28 13:33:37', 1);
INSERT INTO pagos.tr_bitacora (id_bitacora, co_accion, tx_tabla, in_id_tabla, tx_old_valor, tx_new_valor, fe_accion, id_usuario) VALUES (309, 'UPD', 'ente', 307, '(307,"MILLION RISE INDUSTRIES LIMITED",2,5,,1,22,"2018-10-17 00:00:00",)', '(307,"MILLION RISE INDUSTRIES LIMITED",4,6,,1,22,"2018-10-17 00:00:00",)', '2019-01-28 13:33:37', 1);
INSERT INTO pagos.tr_bitacora (id_bitacora, co_accion, tx_tabla, in_id_tabla, tx_old_valor, tx_new_valor, fe_accion, id_usuario) VALUES (310, 'UPD', 'ente', 309, '(309,"MINISTERIO PARA EL COMERCIO EXTERIOR Y LA INVERSION EXTRANJERA Y LA COLABORACION ECONOMICA (MINCEX)",1,5,,1,22,"2018-10-17 00:00:00",)', '(309,"MINISTERIO PARA EL COMERCIO EXTERIOR Y LA INVERSION EXTRANJERA Y LA COLABORACION ECONOMICA (MINCEX)",4,6,,1,22,"2018-10-17 00:00:00",)', '2019-01-28 13:33:37', 1);
INSERT INTO pagos.tr_bitacora (id_bitacora, co_accion, tx_tabla, in_id_tabla, tx_old_valor, tx_new_valor, fe_accion, id_usuario) VALUES (311, 'UPD', 'ente', 312, '(312,"MK KRAYEM GIYIM TEKSTIL ITHAT TICARET LIMITED SIRKETI",2,5,,1,22,"2018-10-17 00:00:00",)', '(312,"MK KRAYEM GIYIM TEKSTIL ITHAT TICARET LIMITED SIRKETI",4,6,,1,22,"2018-10-17 00:00:00",)', '2019-01-28 13:33:37', 1);
INSERT INTO pagos.tr_bitacora (id_bitacora, co_accion, tx_tabla, in_id_tabla, tx_old_valor, tx_new_valor, fe_accion, id_usuario) VALUES (312, 'UPD', 'ente', 310, '(310,"MINITUB GMBH",2,5,,1,22,"2018-10-17 00:00:00",)', '(310,"MINITUB GMBH",4,6,,1,22,"2018-10-17 00:00:00",)', '2019-01-28 13:33:37', 1);
INSERT INTO pagos.tr_bitacora (id_bitacora, co_accion, tx_tabla, in_id_tabla, tx_old_valor, tx_new_valor, fe_accion, id_usuario) VALUES (313, 'UPD', 'ente', 311, '(311,"MK KRAYEM GIYIM TEKSTIL ITHALAT IHRACAT LTD.STI",2,5,,1,22,"2018-10-17 00:00:00",)', '(311,"MK KRAYEM GIYIM TEKSTIL ITHALAT IHRACAT LTD.STI",4,6,,1,22,"2018-10-17 00:00:00",)', '2019-01-28 13:33:37', 1);
INSERT INTO pagos.tr_bitacora (id_bitacora, co_accion, tx_tabla, in_id_tabla, tx_old_valor, tx_new_valor, fe_accion, id_usuario) VALUES (314, 'UPD', 'ente', 308, '(308,"MINISTERIO DEL PODER POPULAR PARA LA ECONOMIA Y FINANZAS",1,5,,1,22,"2018-10-17 00:00:00",)', '(308,"MINISTERIO DEL PODER POPULAR PARA LA ECONOMIA Y FINANZAS",4,6,,1,22,"2018-10-17 00:00:00",)', '2019-01-28 13:33:37', 1);
INSERT INTO pagos.tr_bitacora (id_bitacora, co_accion, tx_tabla, in_id_tabla, tx_old_valor, tx_new_valor, fe_accion, id_usuario) VALUES (315, 'UPD', 'ente', 313, '(313,"MOBA B.V",2,5,,1,22,"2018-10-17 00:00:00",)', '(313,"MOBA B.V",4,6,,1,22,"2018-10-17 00:00:00",)', '2019-01-28 13:33:37', 1);
INSERT INTO pagos.tr_bitacora (id_bitacora, co_accion, tx_tabla, in_id_tabla, tx_old_valor, tx_new_valor, fe_accion, id_usuario) VALUES (316, 'UPD', 'ente', 314, '(314,"MOLITECNICA,S.R.L.",2,5,,1,22,"2018-10-17 00:00:00",)', '(314,"MOLITECNICA,S.R.L.",4,6,,1,22,"2018-10-17 00:00:00",)', '2019-01-28 13:33:37', 1);
INSERT INTO pagos.tr_bitacora (id_bitacora, co_accion, tx_tabla, in_id_tabla, tx_old_valor, tx_new_valor, fe_accion, id_usuario) VALUES (317, 'UPD', 'ente', 315, '(315,"MORGAN STANLEY SMITH BARNEY LLC",2,5,,1,22,"2018-10-17 00:00:00",)', '(315,"MORGAN STANLEY SMITH BARNEY LLC",4,6,,1,22,"2018-10-17 00:00:00",)', '2019-01-28 13:33:37', 1);
INSERT INTO pagos.tr_bitacora (id_bitacora, co_accion, tx_tabla, in_id_tabla, tx_old_valor, tx_new_valor, fe_accion, id_usuario) VALUES (318, 'UPD', 'ente', 316, '(316,"MORICHAL CORP",2,5,,1,22,"2018-10-17 00:00:00",)', '(316,"MORICHAL CORP",4,6,,1,22,"2018-10-17 00:00:00",)', '2019-01-28 13:33:37', 1);
INSERT INTO pagos.tr_bitacora (id_bitacora, co_accion, tx_tabla, in_id_tabla, tx_old_valor, tx_new_valor, fe_accion, id_usuario) VALUES (319, 'UPD', 'ente', 317, '(317,"MPCONSTRUCCIONES DEL DUCA PAGLIARI CA",2,5,,1,22,"2018-10-17 00:00:00",)', '(317,"MPCONSTRUCCIONES DEL DUCA PAGLIARI CA",4,6,,1,22,"2018-10-17 00:00:00",)', '2019-01-28 13:33:37', 1);
INSERT INTO pagos.tr_bitacora (id_bitacora, co_accion, tx_tabla, in_id_tabla, tx_old_valor, tx_new_valor, fe_accion, id_usuario) VALUES (320, 'UPD', 'ente', 318, '(318,"MULBERRY PROJE YATIRIM AS C/O ZWETAN ZANEV ART.39 BA",2,5,,1,22,"2018-10-17 00:00:00",)', '(318,"MULBERRY PROJE YATIRIM AS C/O ZWETAN ZANEV ART.39 BA",4,6,,1,22,"2018-10-17 00:00:00",)', '2019-01-28 13:33:37', 1);
INSERT INTO pagos.tr_bitacora (id_bitacora, co_accion, tx_tabla, in_id_tabla, tx_old_valor, tx_new_valor, fe_accion, id_usuario) VALUES (321, 'UPD', 'ente', 319, '(319,"NICCOLAI TRAFILE S.R.L",2,5,,1,22,"2018-10-17 00:00:00",)', '(319,"NICCOLAI TRAFILE S.R.L",4,6,,1,22,"2018-10-17 00:00:00",)', '2019-01-28 13:33:37', 1);
INSERT INTO pagos.tr_bitacora (id_bitacora, co_accion, tx_tabla, in_id_tabla, tx_old_valor, tx_new_valor, fe_accion, id_usuario) VALUES (322, 'UPD', 'ente', 320, '(320,"NINGBO LESLI IMPORT AND EXPORTCOLTD",2,5,,1,22,"2018-10-17 00:00:00",)', '(320,"NINGBO LESLI IMPORT AND EXPORTCOLTD",4,6,,1,22,"2018-10-17 00:00:00",)', '2019-01-28 13:33:37', 1);
INSERT INTO pagos.tr_bitacora (id_bitacora, co_accion, tx_tabla, in_id_tabla, tx_old_valor, tx_new_valor, fe_accion, id_usuario) VALUES (323, 'UPD', 'ente', 321, '(321,"NOOR CAPITAL PSC",2,5,,1,22,"2018-10-17 00:00:00",)', '(321,"NOOR CAPITAL PSC",4,6,,1,22,"2018-10-17 00:00:00",)', '2019-01-28 13:33:37', 1);
INSERT INTO pagos.tr_bitacora (id_bitacora, co_accion, tx_tabla, in_id_tabla, tx_old_valor, tx_new_valor, fe_accion, id_usuario) VALUES (324, 'UPD', 'ente', 322, '(322,"NORTECA INTERNATIONAL LIMITED C/O ZWETAN ZANEV",2,5,,1,22,"2018-10-17 00:00:00",)', '(322,"NORTECA INTERNATIONAL LIMITED C/O ZWETAN ZANEV",4,6,,1,22,"2018-10-17 00:00:00",)', '2019-01-28 13:33:37', 1);
INSERT INTO pagos.tr_bitacora (id_bitacora, co_accion, tx_tabla, in_id_tabla, tx_old_valor, tx_new_valor, fe_accion, id_usuario) VALUES (325, 'UPD', 'ente', 323, '(323,"NORTH INTERNATIONAL BANK",2,5,,1,22,"2018-10-17 00:00:00",)', '(323,"NORTH INTERNATIONAL BANK",4,6,,1,22,"2018-10-17 00:00:00",)', '2019-01-28 13:33:37', 1);
INSERT INTO pagos.tr_bitacora (id_bitacora, co_accion, tx_tabla, in_id_tabla, tx_old_valor, tx_new_valor, fe_accion, id_usuario) VALUES (326, 'UPD', 'ente', 324, '(324,"NOVATECH INTERNATIONAL LLC",2,5,,1,22,"2018-10-17 00:00:00",)', '(324,"NOVATECH INTERNATIONAL LLC",4,6,,1,22,"2018-10-17 00:00:00",)', '2019-01-28 13:33:37', 1);
INSERT INTO pagos.tr_bitacora (id_bitacora, co_accion, tx_tabla, in_id_tabla, tx_old_valor, tx_new_valor, fe_accion, id_usuario) VALUES (327, 'UPD', 'ente', 325, '(325,"NOVAX GROUP SA",2,5,,1,22,"2018-10-17 00:00:00",)', '(325,"NOVAX GROUP SA",4,6,,1,22,"2018-10-17 00:00:00",)', '2019-01-28 13:33:37', 1);
INSERT INTO pagos.tr_bitacora (id_bitacora, co_accion, tx_tabla, in_id_tabla, tx_old_valor, tx_new_valor, fe_accion, id_usuario) VALUES (328, 'UPD', 'ente', 326, '(326,"NUCTECH COMPANY LIMITED",2,5,,1,22,"2018-10-17 00:00:00",)', '(326,"NUCTECH COMPANY LIMITED",4,6,,1,22,"2018-10-17 00:00:00",)', '2019-01-28 13:33:37', 1);
INSERT INTO pagos.tr_bitacora (id_bitacora, co_accion, tx_tabla, in_id_tabla, tx_old_valor, tx_new_valor, fe_accion, id_usuario) VALUES (329, 'UPD', 'ente', 327, '(327,"NVAYO LIMITED",2,5,,1,22,"2018-10-17 00:00:00",)', '(327,"NVAYO LIMITED",4,6,,1,22,"2018-10-17 00:00:00",)', '2019-01-28 13:33:37', 1);
INSERT INTO pagos.tr_bitacora (id_bitacora, co_accion, tx_tabla, in_id_tabla, tx_old_valor, tx_new_valor, fe_accion, id_usuario) VALUES (330, 'UPD', 'ente', 329, '(329,O.C.M.S.R.L,2,5,,1,22,"2018-10-17 00:00:00",)', '(329,O.C.M.S.R.L,4,6,,1,22,"2018-10-17 00:00:00",)', '2019-01-28 13:33:37', 1);
INSERT INTO pagos.tr_bitacora (id_bitacora, co_accion, tx_tabla, in_id_tabla, tx_old_valor, tx_new_valor, fe_accion, id_usuario) VALUES (331, 'UPD', 'ente', 330, '(330,"O.P.U.M.A.TRADING S.N.C",2,5,,1,22,"2018-10-17 00:00:00",)', '(330,"O.P.U.M.A.TRADING S.N.C",4,6,,1,22,"2018-10-17 00:00:00",)', '2019-01-28 13:33:37', 1);
INSERT INTO pagos.tr_bitacora (id_bitacora, co_accion, tx_tabla, in_id_tabla, tx_old_valor, tx_new_valor, fe_accion, id_usuario) VALUES (332, 'UPD', 'ente', 331, '(331,"OBA FOOD GIDA SANAYI TIC.A.S.",2,5,,1,22,"2018-10-17 00:00:00",)', '(331,"OBA FOOD GIDA SANAYI TIC.A.S.",4,6,,1,22,"2018-10-17 00:00:00",)', '2019-01-28 13:33:37', 1);
INSERT INTO pagos.tr_bitacora (id_bitacora, co_accion, tx_tabla, in_id_tabla, tx_old_valor, tx_new_valor, fe_accion, id_usuario) VALUES (333, 'UPD', 'ente', 332, '(332,"OCEANICA DE SEGUROS, C.A.",2,5,,1,22,"2018-10-17 00:00:00",)', '(332,"OCEANICA DE SEGUROS, C.A.",4,6,,1,22,"2018-10-17 00:00:00",)', '2019-01-28 13:33:37', 1);
INSERT INTO pagos.tr_bitacora (id_bitacora, co_accion, tx_tabla, in_id_tabla, tx_old_valor, tx_new_valor, fe_accion, id_usuario) VALUES (334, 'UPD', 'ente', 399, '(399,"SIGOS NV",1,5,,1,22,"2018-10-17 00:00:00",)', '(399,"SIGOS NV",4,6,,1,22,"2018-10-17 00:00:00",)', '2019-01-28 13:33:37', 1);
INSERT INTO pagos.tr_bitacora (id_bitacora, co_accion, tx_tabla, in_id_tabla, tx_old_valor, tx_new_valor, fe_accion, id_usuario) VALUES (335, 'UPD', 'ente', 334, '(334,"OFICINA DE INTEGRACION CHILE",2,5,,1,22,"2018-10-17 00:00:00",)', '(334,"OFICINA DE INTEGRACION CHILE",4,6,,1,22,"2018-10-17 00:00:00",)', '2019-01-28 13:33:37', 1);
INSERT INTO pagos.tr_bitacora (id_bitacora, co_accion, tx_tabla, in_id_tabla, tx_old_valor, tx_new_valor, fe_accion, id_usuario) VALUES (336, 'UPD', 'ente', 336, '(336,OIPC-INTERPOL,2,5,,1,22,"2018-10-17 00:00:00",)', '(336,OIPC-INTERPOL,4,6,,1,22,"2018-10-17 00:00:00",)', '2019-01-28 13:33:37', 1);
INSERT INTO pagos.tr_bitacora (id_bitacora, co_accion, tx_tabla, in_id_tabla, tx_old_valor, tx_new_valor, fe_accion, id_usuario) VALUES (337, 'UPD', 'ente', 335, '(335,"OFICINA NACIONAL DEL TESORO DE VENEZUELA",1,5,,1,22,"2018-10-17 00:00:00",)', '(335,"OFICINA NACIONAL DEL TESORO DE VENEZUELA",4,6,,1,22,"2018-10-17 00:00:00",)', '2019-01-28 13:33:37', 1);
INSERT INTO pagos.tr_bitacora (id_bitacora, co_accion, tx_tabla, in_id_tabla, tx_old_valor, tx_new_valor, fe_accion, id_usuario) VALUES (338, 'UPD', 'ente', 337, '(337,"OLS,CO",2,5,,1,22,"2018-10-17 00:00:00",)', '(337,"OLS,CO",4,6,,1,22,"2018-10-17 00:00:00",)', '2019-01-28 13:33:37', 1);
INSERT INTO pagos.tr_bitacora (id_bitacora, co_accion, tx_tabla, in_id_tabla, tx_old_valor, tx_new_valor, fe_accion, id_usuario) VALUES (339, 'UPD', 'ente', 338, '(338,"OMEGA TECHNOLOGY INC",2,5,,1,22,"2018-10-17 00:00:00",)', '(338,"OMEGA TECHNOLOGY INC",4,6,,1,22,"2018-10-17 00:00:00",)', '2019-01-28 13:33:37', 1);
INSERT INTO pagos.tr_bitacora (id_bitacora, co_accion, tx_tabla, in_id_tabla, tx_old_valor, tx_new_valor, fe_accion, id_usuario) VALUES (340, 'UPD', 'ente', 339, '(339,"OPERADORA DHO 22 C.A",2,5,,1,22,"2018-10-17 00:00:00",)', '(339,"OPERADORA DHO 22 C.A",4,6,,1,22,"2018-10-17 00:00:00",)', '2019-01-28 13:33:37', 1);
INSERT INTO pagos.tr_bitacora (id_bitacora, co_accion, tx_tabla, in_id_tabla, tx_old_valor, tx_new_valor, fe_accion, id_usuario) VALUES (341, 'UPD', 'ente', 340, '(340,"ORBIT GLOBAL TRANDING CORPORATION",2,5,,1,22,"2018-10-17 00:00:00",)', '(340,"ORBIT GLOBAL TRANDING CORPORATION",4,6,,1,22,"2018-10-17 00:00:00",)', '2019-01-28 13:33:37', 1);
INSERT INTO pagos.tr_bitacora (id_bitacora, co_accion, tx_tabla, in_id_tabla, tx_old_valor, tx_new_valor, fe_accion, id_usuario) VALUES (342, 'UPD', 'ente', 341, '(341,"ORFFA ADDITIVES B.V.",2,5,,1,22,"2018-10-17 00:00:00",)', '(341,"ORFFA ADDITIVES B.V.",4,6,,1,22,"2018-10-17 00:00:00",)', '2019-01-28 13:33:37', 1);
INSERT INTO pagos.tr_bitacora (id_bitacora, co_accion, tx_tabla, in_id_tabla, tx_old_valor, tx_new_valor, fe_accion, id_usuario) VALUES (343, 'UPD', 'ente', 343, '(343,"OTTEVANGER MILLING ENGINEERS B.V",2,5,,1,22,"2018-10-17 00:00:00",)', '(343,"OTTEVANGER MILLING ENGINEERS B.V",4,6,,1,22,"2018-10-17 00:00:00",)', '2019-01-28 13:33:37', 1);
INSERT INTO pagos.tr_bitacora (id_bitacora, co_accion, tx_tabla, in_id_tabla, tx_old_valor, tx_new_valor, fe_accion, id_usuario) VALUES (344, 'UPD', 'ente', 344, '(344,"OVD KINEGRAM AG",2,5,,1,22,"2018-10-17 00:00:00",)', '(344,"OVD KINEGRAM AG",4,6,,1,22,"2018-10-17 00:00:00",)', '2019-01-28 13:33:37', 1);
INSERT INTO pagos.tr_bitacora (id_bitacora, co_accion, tx_tabla, in_id_tabla, tx_old_valor, tx_new_valor, fe_accion, id_usuario) VALUES (345, 'UPD', 'ente', 345, '(345,"P.D.E.X.USA LLC",2,5,,1,22,"2018-10-17 00:00:00",)', '(345,"P.D.E.X.USA LLC",4,6,,1,22,"2018-10-17 00:00:00",)', '2019-01-28 13:33:37', 1);
INSERT INTO pagos.tr_bitacora (id_bitacora, co_accion, tx_tabla, in_id_tabla, tx_old_valor, tx_new_valor, fe_accion, id_usuario) VALUES (346, 'UPD', 'ente', 346, '(346,"PAVAN S.P.A.",2,5,,1,22,"2018-10-17 00:00:00",)', '(346,"PAVAN S.P.A.",4,6,,1,22,"2018-10-17 00:00:00",)', '2019-01-28 13:33:37', 1);
INSERT INTO pagos.tr_bitacora (id_bitacora, co_accion, tx_tabla, in_id_tabla, tx_old_valor, tx_new_valor, fe_accion, id_usuario) VALUES (347, 'UPD', 'ente', 347, '(347,"PEREZ ROTONDARO PABLO",2,5,,1,22,"2018-10-17 00:00:00",)', '(347,"PEREZ ROTONDARO PABLO",4,6,,1,22,"2018-10-17 00:00:00",)', '2019-01-28 13:33:37', 1);
INSERT INTO pagos.tr_bitacora (id_bitacora, co_accion, tx_tabla, in_id_tabla, tx_old_valor, tx_new_valor, fe_accion, id_usuario) VALUES (348, 'UPD', 'ente', 348, '(348,"PETKEM EUROPE TRADING E SERVICOS LDA",2,5,,1,22,"2018-10-17 00:00:00",)', '(348,"PETKEM EUROPE TRADING E SERVICOS LDA",4,6,,1,22,"2018-10-17 00:00:00",)', '2019-01-28 13:33:37', 1);
INSERT INTO pagos.tr_bitacora (id_bitacora, co_accion, tx_tabla, in_id_tabla, tx_old_valor, tx_new_valor, fe_accion, id_usuario) VALUES (349, 'UPD', 'ente', 357, '(357,"POLY-CLIP SYSTEM GMBH AND CO., KG",2,5,,1,22,"2018-10-17 00:00:00",)', '(357,"POLY-CLIP SYSTEM GMBH AND CO., KG",4,6,,1,22,"2018-10-17 00:00:00",)', '2019-01-28 13:33:37', 1);
INSERT INTO pagos.tr_bitacora (id_bitacora, co_accion, tx_tabla, in_id_tabla, tx_old_valor, tx_new_valor, fe_accion, id_usuario) VALUES (350, 'UPD', 'ente', 349, '(349,"PETROLEOS DE VENEZUELA, S.A.",1,5,,1,22,"2018-10-17 00:00:00",)', '(349,"PETROLEOS DE VENEZUELA, S.A.",4,6,,1,22,"2018-10-17 00:00:00",)', '2019-01-28 13:33:37', 1);
INSERT INTO pagos.tr_bitacora (id_bitacora, co_accion, tx_tabla, in_id_tabla, tx_old_valor, tx_new_valor, fe_accion, id_usuario) VALUES (351, 'UPD', 'ente', 351, '(351,"PIKE AVIATION S.A",2,5,,1,22,"2018-10-17 00:00:00",)', '(351,"PIKE AVIATION S.A",4,6,,1,22,"2018-10-17 00:00:00",)', '2019-01-28 13:33:37', 1);
INSERT INTO pagos.tr_bitacora (id_bitacora, co_accion, tx_tabla, in_id_tabla, tx_old_valor, tx_new_valor, fe_accion, id_usuario) VALUES (352, 'UPD', 'ente', 352, '(352,"PLATINO CARGO CORP",2,5,,1,22,"2018-10-17 00:00:00",)', '(352,"PLATINO CARGO CORP",4,6,,1,22,"2018-10-17 00:00:00",)', '2019-01-28 13:33:37', 1);
INSERT INTO pagos.tr_bitacora (id_bitacora, co_accion, tx_tabla, in_id_tabla, tx_old_valor, tx_new_valor, fe_accion, id_usuario) VALUES (353, 'UPD', 'ente', 353, '(353,"PLUS ADVISORS PANAMA CORPORATION",2,5,,1,22,"2018-10-17 00:00:00",)', '(353,"PLUS ADVISORS PANAMA CORPORATION",4,6,,1,22,"2018-10-17 00:00:00",)', '2019-01-28 13:33:37', 1);
INSERT INTO pagos.tr_bitacora (id_bitacora, co_accion, tx_tabla, in_id_tabla, tx_old_valor, tx_new_valor, fe_accion, id_usuario) VALUES (354, 'UPD', 'ente', 354, '(354,"PMS INTERNATIONAL, S.L.",2,5,,1,22,"2018-10-17 00:00:00",)', '(354,"PMS INTERNATIONAL, S.L.",4,6,,1,22,"2018-10-17 00:00:00",)', '2019-01-28 13:33:37', 1);
INSERT INTO pagos.tr_bitacora (id_bitacora, co_accion, tx_tabla, in_id_tabla, tx_old_valor, tx_new_valor, fe_accion, id_usuario) VALUES (355, 'UPD', 'ente', 355, '(355,"POLARIS SUPPLIES SOCIEDADE UNIPERSSOAL LDA",2,5,,1,22,"2018-10-17 00:00:00",)', '(355,"POLARIS SUPPLIES SOCIEDADE UNIPERSSOAL LDA",4,6,,1,22,"2018-10-17 00:00:00",)', '2019-01-28 13:33:37', 1);
INSERT INTO pagos.tr_bitacora (id_bitacora, co_accion, tx_tabla, in_id_tabla, tx_old_valor, tx_new_valor, fe_accion, id_usuario) VALUES (356, 'UPD', 'ente', 356, '(356,"POLIGAL PORTUGAL, UNIPESSOAL, LDA",2,5,,1,22,"2018-10-17 00:00:00",)', '(356,"POLIGAL PORTUGAL, UNIPESSOAL, LDA",4,6,,1,22,"2018-10-17 00:00:00",)', '2019-01-28 13:33:37', 1);
INSERT INTO pagos.tr_bitacora (id_bitacora, co_accion, tx_tabla, in_id_tabla, tx_old_valor, tx_new_valor, fe_accion, id_usuario) VALUES (357, 'UPD', 'ente', 350, '(350,"PETROQUIMICA DE VENEZUELA SA PEQUIVEN",1,5,,1,22,"2018-10-17 00:00:00",)', '(350,"PETROQUIMICA DE VENEZUELA SA PEQUIVEN",4,6,,1,22,"2018-10-17 00:00:00",)', '2019-01-28 13:33:37', 1);
INSERT INTO pagos.tr_bitacora (id_bitacora, co_accion, tx_tabla, in_id_tabla, tx_old_valor, tx_new_valor, fe_accion, id_usuario) VALUES (358, 'UPD', 'ente', 358, '(358,"PRODUCTOS SWISSAGRO C.A.",2,5,,1,22,"2018-10-17 00:00:00",)', '(358,"PRODUCTOS SWISSAGRO C.A.",4,6,,1,22,"2018-10-17 00:00:00",)', '2019-01-28 13:33:37', 1);
INSERT INTO pagos.tr_bitacora (id_bitacora, co_accion, tx_tabla, in_id_tabla, tx_old_valor, tx_new_valor, fe_accion, id_usuario) VALUES (359, 'UPD', 'ente', 359, '(359,"PROFIT CORPORATION CA",2,5,,1,22,"2018-10-17 00:00:00",)', '(359,"PROFIT CORPORATION CA",4,6,,1,22,"2018-10-17 00:00:00",)', '2019-01-28 13:33:37', 1);
INSERT INTO pagos.tr_bitacora (id_bitacora, co_accion, tx_tabla, in_id_tabla, tx_old_valor, tx_new_valor, fe_accion, id_usuario) VALUES (360, 'UPD', 'ente', 360, '(360,"PROJECTINA AG",2,5,,1,22,"2018-10-17 00:00:00",)', '(360,"PROJECTINA AG",4,6,,1,22,"2018-10-17 00:00:00",)', '2019-01-28 13:33:37', 1);
INSERT INTO pagos.tr_bitacora (id_bitacora, co_accion, tx_tabla, in_id_tabla, tx_old_valor, tx_new_valor, fe_accion, id_usuario) VALUES (361, 'UPD', 'ente', 361, '(361,"PROMIVI FRANCE SAS",2,5,,1,22,"2018-10-17 00:00:00",)', '(361,"PROMIVI FRANCE SAS",4,6,,1,22,"2018-10-17 00:00:00",)', '2019-01-28 13:33:37', 1);
INSERT INTO pagos.tr_bitacora (id_bitacora, co_accion, tx_tabla, in_id_tabla, tx_old_valor, tx_new_valor, fe_accion, id_usuario) VALUES (362, 'UPD', 'ente', 362, '(362,"PRYDWIN GROUP S.R.L",2,5,,1,22,"2018-10-17 00:00:00",)', '(362,"PRYDWIN GROUP S.R.L",4,6,,1,22,"2018-10-17 00:00:00",)', '2019-01-28 13:33:37', 1);
INSERT INTO pagos.tr_bitacora (id_bitacora, co_accion, tx_tabla, in_id_tabla, tx_old_valor, tx_new_valor, fe_accion, id_usuario) VALUES (363, 'UPD', 'ente', 363, '(363,"PULIDO VALERO CESAR AUGUSTO",2,5,,1,22,"2018-10-17 00:00:00",)', '(363,"PULIDO VALERO CESAR AUGUSTO",4,6,,1,22,"2018-10-17 00:00:00",)', '2019-01-28 13:33:37', 1);
INSERT INTO pagos.tr_bitacora (id_bitacora, co_accion, tx_tabla, in_id_tabla, tx_old_valor, tx_new_valor, fe_accion, id_usuario) VALUES (364, 'UPD', 'ente', 364, '(364,"PX INDUSTRIA E COMERCIO DE MAQUINAS LTDA EPP",2,5,,1,22,"2018-10-17 00:00:00",)', '(364,"PX INDUSTRIA E COMERCIO DE MAQUINAS LTDA EPP",4,6,,1,22,"2018-10-17 00:00:00",)', '2019-01-28 13:33:37', 1);
INSERT INTO pagos.tr_bitacora (id_bitacora, co_accion, tx_tabla, in_id_tabla, tx_old_valor, tx_new_valor, fe_accion, id_usuario) VALUES (365, 'UPD', 'ente', 366, '(366,"RAPRESENTANZA PERMANENTE DELLA REPUBLICA BOLIVARIANA DE VENEZUELA PRESSO LA FAO",2,5,,1,22,"2018-10-17 00:00:00",)', '(366,"RAPRESENTANZA PERMANENTE DELLA REPUBLICA BOLIVARIANA DE VENEZUELA PRESSO LA FAO",4,6,,1,22,"2018-10-17 00:00:00",)', '2019-01-28 13:33:37', 1);
INSERT INTO pagos.tr_bitacora (id_bitacora, co_accion, tx_tabla, in_id_tabla, tx_old_valor, tx_new_valor, fe_accion, id_usuario) VALUES (366, 'UPD', 'ente', 367, '(367,"REED EXHIBITIONS LIMITED",2,5,,1,22,"2018-10-17 00:00:00",)', '(367,"REED EXHIBITIONS LIMITED",4,6,,1,22,"2018-10-17 00:00:00",)', '2019-01-28 13:33:37', 1);
INSERT INTO pagos.tr_bitacora (id_bitacora, co_accion, tx_tabla, in_id_tabla, tx_old_valor, tx_new_valor, fe_accion, id_usuario) VALUES (367, 'UPD', 'ente', 368, '(368,"REGAL SKY INC",2,5,,1,22,"2018-10-17 00:00:00",)', '(368,"REGAL SKY INC",4,6,,1,22,"2018-10-17 00:00:00",)', '2019-01-28 13:33:37', 1);
INSERT INTO pagos.tr_bitacora (id_bitacora, co_accion, tx_tabla, in_id_tabla, tx_old_valor, tx_new_valor, fe_accion, id_usuario) VALUES (368, 'UPD', 'ente', 369, '(369,"REINALDO JESUS NAVAS BOLIVAR",2,5,,1,22,"2018-10-17 00:00:00",)', '(369,"REINALDO JESUS NAVAS BOLIVAR",4,6,,1,22,"2018-10-17 00:00:00",)', '2019-01-28 13:33:37', 1);
INSERT INTO pagos.tr_bitacora (id_bitacora, co_accion, tx_tabla, in_id_tabla, tx_old_valor, tx_new_valor, fe_accion, id_usuario) VALUES (369, 'UPD', 'ente', 370, '(370,"RESI INFORMATICA SPA",2,5,,1,22,"2018-10-17 00:00:00",)', '(370,"RESI INFORMATICA SPA",4,6,,1,22,"2018-10-17 00:00:00",)', '2019-01-28 13:33:37', 1);
INSERT INTO pagos.tr_bitacora (id_bitacora, co_accion, tx_tabla, in_id_tabla, tx_old_valor, tx_new_valor, fe_accion, id_usuario) VALUES (370, 'UPD', 'ente', 371, '(371,"RETAILNOVA LLC",2,5,,1,22,"2018-10-17 00:00:00",)', '(371,"RETAILNOVA LLC",4,6,,1,22,"2018-10-17 00:00:00",)', '2019-01-28 13:33:37', 1);
INSERT INTO pagos.tr_bitacora (id_bitacora, co_accion, tx_tabla, in_id_tabla, tx_old_valor, tx_new_valor, fe_accion, id_usuario) VALUES (371, 'UPD', 'ente', 372, '(372,"RHENOCHEM AG",2,5,,1,22,"2018-10-17 00:00:00",)', '(372,"RHENOCHEM AG",4,6,,1,22,"2018-10-17 00:00:00",)', '2019-01-28 13:33:37', 1);
INSERT INTO pagos.tr_bitacora (id_bitacora, co_accion, tx_tabla, in_id_tabla, tx_old_valor, tx_new_valor, fe_accion, id_usuario) VALUES (372, 'UPD', 'ente', 373, '(373,"RICCIARELLI S.P.A.",2,5,,1,22,"2018-10-17 00:00:00",)', '(373,"RICCIARELLI S.P.A.",4,6,,1,22,"2018-10-17 00:00:00",)', '2019-01-28 13:33:37', 1);
INSERT INTO pagos.tr_bitacora (id_bitacora, co_accion, tx_tabla, in_id_tabla, tx_old_valor, tx_new_valor, fe_accion, id_usuario) VALUES (373, 'UPD', 'ente', 374, '(374,"RICH GRAND ENGINEERING LTD",2,5,,1,22,"2018-10-17 00:00:00",)', '(374,"RICH GRAND ENGINEERING LTD",4,6,,1,22,"2018-10-17 00:00:00",)', '2019-01-28 13:33:37', 1);
INSERT INTO pagos.tr_bitacora (id_bitacora, co_accion, tx_tabla, in_id_tabla, tx_old_valor, tx_new_valor, fe_accion, id_usuario) VALUES (374, 'UPD', 'ente', 375, '(375,"ROC INTERNATIONAL FZC",2,5,,1,22,"2018-10-17 00:00:00",)', '(375,"ROC INTERNATIONAL FZC",4,6,,1,22,"2018-10-17 00:00:00",)', '2019-01-28 13:33:37', 1);
INSERT INTO pagos.tr_bitacora (id_bitacora, co_accion, tx_tabla, in_id_tabla, tx_old_valor, tx_new_valor, fe_accion, id_usuario) VALUES (375, 'UPD', 'ente', 376, '(376,"RUSORO MINING LTD",2,5,,1,22,"2018-10-17 00:00:00",)', '(376,"RUSORO MINING LTD",4,6,,1,22,"2018-10-17 00:00:00",)', '2019-01-28 13:33:37', 1);
INSERT INTO pagos.tr_bitacora (id_bitacora, co_accion, tx_tabla, in_id_tabla, tx_old_valor, tx_new_valor, fe_accion, id_usuario) VALUES (376, 'UPD', 'ente', 377, '(377,"SAFRA NATIONAL BANK OF NY",2,5,,1,22,"2018-10-17 00:00:00",)', '(377,"SAFRA NATIONAL BANK OF NY",4,6,,1,22,"2018-10-17 00:00:00",)', '2019-01-28 13:33:37', 1);
INSERT INTO pagos.tr_bitacora (id_bitacora, co_accion, tx_tabla, in_id_tabla, tx_old_valor, tx_new_valor, fe_accion, id_usuario) VALUES (377, 'UPD', 'ente', 378, '(378,"SAN RAMON SERVICIOS LOGISTICOS LIMITED C/O",2,5,,1,22,"2018-10-17 00:00:00",)', '(378,"SAN RAMON SERVICIOS LOGISTICOS LIMITED C/O",4,6,,1,22,"2018-10-17 00:00:00",)', '2019-01-28 13:33:37', 1);
INSERT INTO pagos.tr_bitacora (id_bitacora, co_accion, tx_tabla, in_id_tabla, tx_old_valor, tx_new_valor, fe_accion, id_usuario) VALUES (378, 'UPD', 'ente', 379, '(379,"SANCOR COOPERATIVAS UNIDAS LIMITADA",2,5,,1,22,"2018-10-17 00:00:00",)', '(379,"SANCOR COOPERATIVAS UNIDAS LIMITADA",4,6,,1,22,"2018-10-17 00:00:00",)', '2019-01-28 13:33:37', 1);
INSERT INTO pagos.tr_bitacora (id_bitacora, co_accion, tx_tabla, in_id_tabla, tx_old_valor, tx_new_valor, fe_accion, id_usuario) VALUES (379, 'UPD', 'ente', 380, '(380,"SANY AUTOMOBILE MANUFACTURING CO LTD",2,5,,1,22,"2018-10-17 00:00:00",)', '(380,"SANY AUTOMOBILE MANUFACTURING CO LTD",4,6,,1,22,"2018-10-17 00:00:00",)', '2019-01-28 13:33:37', 1);
INSERT INTO pagos.tr_bitacora (id_bitacora, co_accion, tx_tabla, in_id_tabla, tx_old_valor, tx_new_valor, fe_accion, id_usuario) VALUES (380, 'UPD', 'ente', 381, '(381,"SASU TEAM R",2,5,,1,22,"2018-10-17 00:00:00",)', '(381,"SASU TEAM R",4,6,,1,22,"2018-10-17 00:00:00",)', '2019-01-28 13:33:37', 1);
INSERT INTO pagos.tr_bitacora (id_bitacora, co_accion, tx_tabla, in_id_tabla, tx_old_valor, tx_new_valor, fe_accion, id_usuario) VALUES (381, 'UPD', 'ente', 382, '(382,"SAVANE INTERNATIONAL CORP.",2,5,,1,22,"2018-10-17 00:00:00",)', '(382,"SAVANE INTERNATIONAL CORP.",4,6,,1,22,"2018-10-17 00:00:00",)', '2019-01-28 13:33:37', 1);
INSERT INTO pagos.tr_bitacora (id_bitacora, co_accion, tx_tabla, in_id_tabla, tx_old_valor, tx_new_valor, fe_accion, id_usuario) VALUES (382, 'UPD', 'ente', 383, '(383,"SCHUTTE AND BUNEMANN GMBH AND CO. KG, BREMEN",2,5,,1,22,"2018-10-17 00:00:00",)', '(383,"SCHUTTE AND BUNEMANN GMBH AND CO. KG, BREMEN",4,6,,1,22,"2018-10-17 00:00:00",)', '2019-01-28 13:33:37', 1);
INSERT INTO pagos.tr_bitacora (id_bitacora, co_accion, tx_tabla, in_id_tabla, tx_old_valor, tx_new_valor, fe_accion, id_usuario) VALUES (383, 'UPD', 'ente', 387, '(387,"SERGIO AGUILERA",2,5,,1,22,"2018-10-17 00:00:00",)', '(387,"SERGIO AGUILERA",4,6,,1,22,"2018-10-17 00:00:00",)', '2019-01-28 13:33:37', 1);
INSERT INTO pagos.tr_bitacora (id_bitacora, co_accion, tx_tabla, in_id_tabla, tx_old_valor, tx_new_valor, fe_accion, id_usuario) VALUES (384, 'UPD', 'ente', 385, '(385,"SELEMATIC SPA",2,5,,1,22,"2018-10-17 00:00:00",)', '(385,"SELEMATIC SPA",4,6,,1,22,"2018-10-17 00:00:00",)', '2019-01-28 13:33:37', 1);
INSERT INTO pagos.tr_bitacora (id_bitacora, co_accion, tx_tabla, in_id_tabla, tx_old_valor, tx_new_valor, fe_accion, id_usuario) VALUES (385, 'UPD', 'ente', 386, '(386,"SELEX ES GmBH",2,5,,1,22,"2018-10-17 00:00:00",)', '(386,"SELEX ES GmBH",4,6,,1,22,"2018-10-17 00:00:00",)', '2019-01-28 13:33:37', 1);
INSERT INTO pagos.tr_bitacora (id_bitacora, co_accion, tx_tabla, in_id_tabla, tx_old_valor, tx_new_valor, fe_accion, id_usuario) VALUES (386, 'UPD', 'ente', 384, '(384,"SEGUROS HORIZONTE",1,5,,1,22,"2018-10-17 00:00:00",)', '(384,"SEGUROS HORIZONTE",4,6,,1,22,"2018-10-17 00:00:00",)', '2019-01-28 13:33:37', 1);
INSERT INTO pagos.tr_bitacora (id_bitacora, co_accion, tx_tabla, in_id_tabla, tx_old_valor, tx_new_valor, fe_accion, id_usuario) VALUES (387, 'UPD', 'ente', 388, '(388,"SERVICIOS INTEGRALES GANADEROS Y AGROALIMENTARIOS S.L.",2,5,,1,22,"2018-10-17 00:00:00",)', '(388,"SERVICIOS INTEGRALES GANADEROS Y AGROALIMENTARIOS S.L.",4,6,,1,22,"2018-10-17 00:00:00",)', '2019-01-28 13:33:37', 1);
INSERT INTO pagos.tr_bitacora (id_bitacora, co_accion, tx_tabla, in_id_tabla, tx_old_valor, tx_new_valor, fe_accion, id_usuario) VALUES (388, 'UPD', 'ente', 389, '(389,"SEVEN INTERNATIONAL CORP",2,5,,1,22,"2018-10-17 00:00:00",)', '(389,"SEVEN INTERNATIONAL CORP",4,6,,1,22,"2018-10-17 00:00:00",)', '2019-01-28 13:33:37', 1);
INSERT INTO pagos.tr_bitacora (id_bitacora, co_accion, tx_tabla, in_id_tabla, tx_old_valor, tx_new_valor, fe_accion, id_usuario) VALUES (389, 'UPD', 'ente', 390, '(390,"SF VG VERONESE GROUP SA",2,5,,1,22,"2018-10-17 00:00:00",)', '(390,"SF VG VERONESE GROUP SA",4,6,,1,22,"2018-10-17 00:00:00",)', '2019-01-28 13:33:37', 1);
INSERT INTO pagos.tr_bitacora (id_bitacora, co_accion, tx_tabla, in_id_tabla, tx_old_valor, tx_new_valor, fe_accion, id_usuario) VALUES (390, 'UPD', 'ente', 391, '(391,"SHANDONG INSPUR IMPORT AND EXPORT CO LTD",2,5,,1,22,"2018-10-17 00:00:00",)', '(391,"SHANDONG INSPUR IMPORT AND EXPORT CO LTD",4,6,,1,22,"2018-10-17 00:00:00",)', '2019-01-28 13:33:37', 1);
INSERT INTO pagos.tr_bitacora (id_bitacora, co_accion, tx_tabla, in_id_tabla, tx_old_valor, tx_new_valor, fe_accion, id_usuario) VALUES (391, 'UPD', 'ente', 393, '(393,"SHENZHEN QIYUE OPTRONICS CO.,LTD",2,5,,1,22,"2018-10-17 00:00:00",)', '(393,"SHENZHEN QIYUE OPTRONICS CO.,LTD",4,6,,1,22,"2018-10-17 00:00:00",)', '2019-01-28 13:33:37', 1);
INSERT INTO pagos.tr_bitacora (id_bitacora, co_accion, tx_tabla, in_id_tabla, tx_old_valor, tx_new_valor, fe_accion, id_usuario) VALUES (392, 'UPD', 'ente', 394, '(394,"SHINNING CAPITAL INTERNATIONAL LIMITED",2,5,,1,22,"2018-10-17 00:00:00",)', '(394,"SHINNING CAPITAL INTERNATIONAL LIMITED",4,6,,1,22,"2018-10-17 00:00:00",)', '2019-01-28 13:33:37', 1);
INSERT INTO pagos.tr_bitacora (id_bitacora, co_accion, tx_tabla, in_id_tabla, tx_old_valor, tx_new_valor, fe_accion, id_usuario) VALUES (393, 'UPD', 'ente', 395, '(395,"SICPA, S.A.",2,5,,1,22,"2018-10-17 00:00:00",)', '(395,"SICPA, S.A.",4,6,,1,22,"2018-10-17 00:00:00",)', '2019-01-28 13:33:37', 1);
INSERT INTO pagos.tr_bitacora (id_bitacora, co_accion, tx_tabla, in_id_tabla, tx_old_valor, tx_new_valor, fe_accion, id_usuario) VALUES (394, 'UPD', 'ente', 396, '(396,"SIGA, S.L.",2,5,,1,22,"2018-10-17 00:00:00",)', '(396,"SIGA, S.L.",4,6,,1,22,"2018-10-17 00:00:00",)', '2019-01-28 13:33:37', 1);
INSERT INTO pagos.tr_bitacora (id_bitacora, co_accion, tx_tabla, in_id_tabla, tx_old_valor, tx_new_valor, fe_accion, id_usuario) VALUES (395, 'UPD', 'ente', 397, '(397,"SIGMA INDUSTRIAL SUPPLY INC",2,5,,1,22,"2018-10-17 00:00:00",)', '(397,"SIGMA INDUSTRIAL SUPPLY INC",4,6,,1,22,"2018-10-17 00:00:00",)', '2019-01-28 13:33:37', 1);
INSERT INTO pagos.tr_bitacora (id_bitacora, co_accion, tx_tabla, in_id_tabla, tx_old_valor, tx_new_valor, fe_accion, id_usuario) VALUES (396, 'UPD', 'ente', 398, '(398,"SIGMA INTERNATIONAL SERVICES INC",2,5,,1,22,"2018-10-17 00:00:00",)', '(398,"SIGMA INTERNATIONAL SERVICES INC",4,6,,1,22,"2018-10-17 00:00:00",)', '2019-01-28 13:33:37', 1);
INSERT INTO pagos.tr_bitacora (id_bitacora, co_accion, tx_tabla, in_id_tabla, tx_old_valor, tx_new_valor, fe_accion, id_usuario) VALUES (397, 'UPD', 'ente', 400, '(400,"SIPPOR INTERNATIONAL LIMITED",2,5,,1,22,"2018-10-17 00:00:00",)', '(400,"SIPPOR INTERNATIONAL LIMITED",4,6,,1,22,"2018-10-17 00:00:00",)', '2019-01-28 13:33:37', 1);
INSERT INTO pagos.tr_bitacora (id_bitacora, co_accion, tx_tabla, in_id_tabla, tx_old_valor, tx_new_valor, fe_accion, id_usuario) VALUES (398, 'UPD', 'ente', 401, '(401,"SISTEMAS Y REDES ROTUX SA DE CV",2,5,,1,22,"2018-10-17 00:00:00",)', '(401,"SISTEMAS Y REDES ROTUX SA DE CV",4,6,,1,22,"2018-10-17 00:00:00",)', '2019-01-28 13:33:37', 1);
INSERT INTO pagos.tr_bitacora (id_bitacora, co_accion, tx_tabla, in_id_tabla, tx_old_valor, tx_new_valor, fe_accion, id_usuario) VALUES (399, 'UPD', 'ente', 402, '(402,"SKY NICE INTERNATIONAL TRADING LIMITED",2,5,,1,22,"2018-10-17 00:00:00",)', '(402,"SKY NICE INTERNATIONAL TRADING LIMITED",4,6,,1,22,"2018-10-17 00:00:00",)', '2019-01-28 13:33:37', 1);
INSERT INTO pagos.tr_bitacora (id_bitacora, co_accion, tx_tabla, in_id_tabla, tx_old_valor, tx_new_valor, fe_accion, id_usuario) VALUES (400, 'UPD', 'ente', 403, '(403,"SMX SERVICES AND CONSULTING INC",2,5,,1,22,"2018-10-17 00:00:00",)', '(403,"SMX SERVICES AND CONSULTING INC",4,6,,1,22,"2018-10-17 00:00:00",)', '2019-01-28 13:33:37', 1);
INSERT INTO pagos.tr_bitacora (id_bitacora, co_accion, tx_tabla, in_id_tabla, tx_old_valor, tx_new_valor, fe_accion, id_usuario) VALUES (401, 'UPD', 'ente', 404, '(404,"SOCIEDAD COMERCIAL NARPECA",2,5,,1,22,"2018-10-17 00:00:00",)', '(404,"SOCIEDAD COMERCIAL NARPECA",4,6,,1,22,"2018-10-17 00:00:00",)', '2019-01-28 13:33:37', 1);
INSERT INTO pagos.tr_bitacora (id_bitacora, co_accion, tx_tabla, in_id_tabla, tx_old_valor, tx_new_valor, fe_accion, id_usuario) VALUES (402, 'UPD', 'ente', 405, '(405,"SOLINEX EUROPE SL",2,5,,1,22,"2018-10-17 00:00:00",)', '(405,"SOLINEX EUROPE SL",4,6,,1,22,"2018-10-17 00:00:00",)', '2019-01-28 13:33:37', 1);
INSERT INTO pagos.tr_bitacora (id_bitacora, co_accion, tx_tabla, in_id_tabla, tx_old_valor, tx_new_valor, fe_accion, id_usuario) VALUES (403, 'UPD', 'ente', 406, '(406,"SOLUCIONES INTEGRALES BFOR S.L.",2,5,,1,22,"2018-10-17 00:00:00",)', '(406,"SOLUCIONES INTEGRALES BFOR S.L.",4,6,,1,22,"2018-10-17 00:00:00",)', '2019-01-28 13:33:37', 1);
INSERT INTO pagos.tr_bitacora (id_bitacora, co_accion, tx_tabla, in_id_tabla, tx_old_valor, tx_new_valor, fe_accion, id_usuario) VALUES (404, 'UPD', 'ente', 407, '(407,"SONECA LLC",2,5,,1,22,"2018-10-17 00:00:00",)', '(407,"SONECA LLC",4,6,,1,22,"2018-10-17 00:00:00",)', '2019-01-28 13:33:37', 1);
INSERT INTO pagos.tr_bitacora (id_bitacora, co_accion, tx_tabla, in_id_tabla, tx_old_valor, tx_new_valor, fe_accion, id_usuario) VALUES (405, 'UPD', 'ente', 408, '(408,"SOUTH AMERICAN INTERNATIONAL BANK CURACAO N.V",2,5,,1,22,"2018-10-17 00:00:00",)', '(408,"SOUTH AMERICAN INTERNATIONAL BANK CURACAO N.V",4,6,,1,22,"2018-10-17 00:00:00",)', '2019-01-28 13:33:37', 1);
INSERT INTO pagos.tr_bitacora (id_bitacora, co_accion, tx_tabla, in_id_tabla, tx_old_valor, tx_new_valor, fe_accion, id_usuario) VALUES (406, 'UPD', 'ente', 409, '(409,"SOUTH PACIFIC FINANCIAL",2,5,,1,22,"2018-10-17 00:00:00",)', '(409,"SOUTH PACIFIC FINANCIAL",4,6,,1,22,"2018-10-17 00:00:00",)', '2019-01-28 13:33:37', 1);
INSERT INTO pagos.tr_bitacora (id_bitacora, co_accion, tx_tabla, in_id_tabla, tx_old_valor, tx_new_valor, fe_accion, id_usuario) VALUES (407, 'UPD', 'ente', 410, '(410,"SPFG E PAYMENTS SAPI DE CV",2,5,,1,22,"2018-10-17 00:00:00",)', '(410,"SPFG E PAYMENTS SAPI DE CV",4,6,,1,22,"2018-10-17 00:00:00",)', '2019-01-28 13:33:37', 1);
INSERT INTO pagos.tr_bitacora (id_bitacora, co_accion, tx_tabla, in_id_tabla, tx_old_valor, tx_new_valor, fe_accion, id_usuario) VALUES (408, 'UPD', 'ente', 411, '(411,"STAR DEFENCE LOGISTIC",2,5,,1,22,"2018-10-17 00:00:00",)', '(411,"STAR DEFENCE LOGISTIC",4,6,,1,22,"2018-10-17 00:00:00",)', '2019-01-28 13:33:37', 1);
INSERT INTO pagos.tr_bitacora (id_bitacora, co_accion, tx_tabla, in_id_tabla, tx_old_valor, tx_new_valor, fe_accion, id_usuario) VALUES (409, 'UPD', 'ente', 412, '(412,"STR TACTICAL CONSULTING GROUP INTERNATIONAL SRL",2,5,,1,22,"2018-10-17 00:00:00",)', '(412,"STR TACTICAL CONSULTING GROUP INTERNATIONAL SRL",4,6,,1,22,"2018-10-17 00:00:00",)', '2019-01-28 13:33:37', 1);
INSERT INTO pagos.tr_bitacora (id_bitacora, co_accion, tx_tabla, in_id_tabla, tx_old_valor, tx_new_valor, fe_accion, id_usuario) VALUES (410, 'UPD', 'ente', 413, '(413,"SUNFLOWER EXTRA LTD",2,5,,1,22,"2018-10-17 00:00:00",)', '(413,"SUNFLOWER EXTRA LTD",4,6,,1,22,"2018-10-17 00:00:00",)', '2019-01-28 13:33:37', 1);
INSERT INTO pagos.tr_bitacora (id_bitacora, co_accion, tx_tabla, in_id_tabla, tx_old_valor, tx_new_valor, fe_accion, id_usuario) VALUES (411, 'UPD', 'ente', 414, '(414,"SUPLICOM LLC",2,5,,1,22,"2018-10-17 00:00:00",)', '(414,"SUPLICOM LLC",4,6,,1,22,"2018-10-17 00:00:00",)', '2019-01-28 13:33:37', 1);
INSERT INTO pagos.tr_bitacora (id_bitacora, co_accion, tx_tabla, in_id_tabla, tx_old_valor, tx_new_valor, fe_accion, id_usuario) VALUES (412, 'UPD', 'ente', 415, '(415,"SUPPLY ROMOR GROUP SL",2,5,,1,22,"2018-10-17 00:00:00",)', '(415,"SUPPLY ROMOR GROUP SL",4,6,,1,22,"2018-10-17 00:00:00",)', '2019-01-28 13:33:37', 1);
INSERT INTO pagos.tr_bitacora (id_bitacora, co_accion, tx_tabla, in_id_tabla, tx_old_valor, tx_new_valor, fe_accion, id_usuario) VALUES (413, 'UPD', 'ente', 416, '(416,"SWD TRADING LIMITED",2,5,,1,22,"2018-10-17 00:00:00",)', '(416,"SWD TRADING LIMITED",4,6,,1,22,"2018-10-17 00:00:00",)', '2019-01-28 13:33:37', 1);
INSERT INTO pagos.tr_bitacora (id_bitacora, co_accion, tx_tabla, in_id_tabla, tx_old_valor, tx_new_valor, fe_accion, id_usuario) VALUES (414, 'UPD', 'ente', 417, '(417,"SWISS LATAM AG C/O ZWETAN ZANEV, ART 39",2,5,,1,22,"2018-10-17 00:00:00",)', '(417,"SWISS LATAM AG C/O ZWETAN ZANEV, ART 39",4,6,,1,22,"2018-10-17 00:00:00",)', '2019-01-28 13:33:37', 1);
INSERT INTO pagos.tr_bitacora (id_bitacora, co_accion, tx_tabla, in_id_tabla, tx_old_valor, tx_new_valor, fe_accion, id_usuario) VALUES (415, 'UPD', 'ente', 165, '(165,"EMBAJADA DE LA REPUBLICA BOLIVARIANA DE VENEZUELA",1,5,,1,22,"2018-10-17 00:00:00",)', '(165,"EMBAJADA DE LA REPUBLICA BOLIVARIANA DE VENEZUELA",4,6,,1,22,"2018-10-17 00:00:00",)', '2019-01-28 13:33:37', 1);
INSERT INTO pagos.tr_bitacora (id_bitacora, co_accion, tx_tabla, in_id_tabla, tx_old_valor, tx_new_valor, fe_accion, id_usuario) VALUES (416, 'UPD', 'ente', 166, '(166,"EMBAJADA DE LA REPUBLICA BOLIVARIANA DE VENEZUELA EN LA FEDERACION RUSA",1,5,,1,22,"2018-10-17 00:00:00",)', '(166,"EMBAJADA DE LA REPUBLICA BOLIVARIANA DE VENEZUELA EN LA FEDERACION RUSA",4,6,,1,22,"2018-10-17 00:00:00",)', '2019-01-28 13:33:37', 1);
INSERT INTO pagos.tr_bitacora (id_bitacora, co_accion, tx_tabla, in_id_tabla, tx_old_valor, tx_new_valor, fe_accion, id_usuario) VALUES (417, 'UPD', 'ente', 208, '(208,"GIESECKE DEVRIENT CURRENCY TECHNOLOGY GMBH",2,5,,1,22,"2018-10-17 00:00:00",)', '(208,"GIESECKE DEVRIENT CURRENCY TECHNOLOGY GMBH",4,6,,1,22,"2018-10-17 00:00:00",)', '2019-01-28 13:33:37', 1);
INSERT INTO pagos.tr_bitacora (id_bitacora, co_accion, tx_tabla, in_id_tabla, tx_old_valor, tx_new_valor, fe_accion, id_usuario) VALUES (418, 'UPD', 'ente', 235, '(235,"INGLEWOOD SOCIEDADE DE SERVICOS INTERNACIONAIS LDA",2,5,,1,22,"2018-10-17 00:00:00",)', '(235,"INGLEWOOD SOCIEDADE DE SERVICOS INTERNACIONAIS LDA",4,6,,1,22,"2018-10-17 00:00:00",)', '2019-01-28 13:33:37', 1);
INSERT INTO pagos.tr_bitacora (id_bitacora, co_accion, tx_tabla, in_id_tabla, tx_old_valor, tx_new_valor, fe_accion, id_usuario) VALUES (419, 'UPD', 'ente', 248, '(248,"INVERSIONES OPORTUNIDADES Y NEGOCIOS SL",2,5,,1,22,"2018-10-17 00:00:00",)', '(248,"INVERSIONES OPORTUNIDADES Y NEGOCIOS SL",4,6,,1,22,"2018-10-17 00:00:00",)', '2019-01-28 13:33:37', 1);
INSERT INTO pagos.tr_bitacora (id_bitacora, co_accion, tx_tabla, in_id_tabla, tx_old_valor, tx_new_valor, fe_accion, id_usuario) VALUES (420, 'UPD', 'ente', 274, '(274,"LAMFORT KOZMETIK TEMIZLIK MEDIKAL SAN.VE TIC.LTD.STL",2,5,,1,22,"2018-10-17 00:00:00",)', '(274,"LAMFORT KOZMETIK TEMIZLIK MEDIKAL SAN.VE TIC.LTD.STL",4,6,,1,22,"2018-10-17 00:00:00",)', '2019-01-28 13:33:37', 1);
INSERT INTO pagos.tr_bitacora (id_bitacora, co_accion, tx_tabla, in_id_tabla, tx_old_valor, tx_new_valor, fe_accion, id_usuario) VALUES (421, 'UPD', 'ente', 306, '(306,"MESTRE MUNDO INTERNACIONAL LIMITADA",2,5,,1,22,"2018-10-17 00:00:00",)', '(306,"MESTRE MUNDO INTERNACIONAL LIMITADA",4,6,,1,22,"2018-10-17 00:00:00",)', '2019-01-28 13:33:37', 1);
INSERT INTO pagos.tr_bitacora (id_bitacora, co_accion, tx_tabla, in_id_tabla, tx_old_valor, tx_new_valor, fe_accion, id_usuario) VALUES (422, 'UPD', 'ente', 328, '(328,"O AND M ENTERPRISE LIMITED C/O ZWETAN ZANEV ART. 39 BA",2,5,,1,22,"2018-10-17 00:00:00",)', '(328,"O AND M ENTERPRISE LIMITED C/O ZWETAN ZANEV ART. 39 BA",4,6,,1,22,"2018-10-17 00:00:00",)', '2019-01-28 13:33:37', 1);
INSERT INTO pagos.tr_bitacora (id_bitacora, co_accion, tx_tabla, in_id_tabla, tx_old_valor, tx_new_valor, fe_accion, id_usuario) VALUES (423, 'UPD', 'ente', 333, '(333,"OFICINA ADJUNTA DE GASTOS ESPECIALES A LA EMBAJADA",1,5,,1,22,"2018-10-17 00:00:00",)', '(333,"OFICINA ADJUNTA DE GASTOS ESPECIALES A LA EMBAJADA",4,6,,1,22,"2018-10-17 00:00:00",)', '2019-01-28 13:33:37', 1);
INSERT INTO pagos.tr_bitacora (id_bitacora, co_accion, tx_tabla, in_id_tabla, tx_old_valor, tx_new_valor, fe_accion, id_usuario) VALUES (424, 'UPD', 'ente', 342, '(342,"ORGANIZACION PANAMERICANA DE LA SALUD OPS",2,5,,1,22,"2018-10-17 00:00:00",)', '(342,"ORGANIZACION PANAMERICANA DE LA SALUD OPS",4,6,,1,22,"2018-10-17 00:00:00",)', '2019-01-28 13:33:37', 1);
INSERT INTO pagos.tr_bitacora (id_bitacora, co_accion, tx_tabla, in_id_tabla, tx_old_valor, tx_new_valor, fe_accion, id_usuario) VALUES (425, 'UPD', 'ente', 365, '(365,"RAPPRESENTANZA PERMANENTE BOLIVARIANA DE VENEZUELA CO LA FAO",2,5,,1,22,"2018-10-17 00:00:00",)', '(365,"RAPPRESENTANZA PERMANENTE BOLIVARIANA DE VENEZUELA CO LA FAO",4,6,,1,22,"2018-10-17 00:00:00",)', '2019-01-28 13:33:37', 1);
INSERT INTO pagos.tr_bitacora (id_bitacora, co_accion, tx_tabla, in_id_tabla, tx_old_valor, tx_new_valor, fe_accion, id_usuario) VALUES (426, 'UPD', 'ente', 392, '(392,"SHENZHEN LILLY AND ASSOCIATES INTERNATIONAL TRANSPORTATION AND LOGISTICS CO LTD",2,5,,1,22,"2018-10-17 00:00:00",)', '(392,"SHENZHEN LILLY AND ASSOCIATES INTERNATIONAL TRANSPORTATION AND LOGISTICS CO LTD",4,6,,1,22,"2018-10-17 00:00:00",)', '2019-01-28 13:33:37', 1);
INSERT INTO pagos.tr_bitacora (id_bitacora, co_accion, tx_tabla, in_id_tabla, tx_old_valor, tx_new_valor, fe_accion, id_usuario) VALUES (427, 'UPD', 'ente', 418, '(418,"SYGMA INTERNATIONAL SERVICES INC",2,5,,1,22,"2018-10-17 00:00:00",)', '(418,"SYGMA INTERNATIONAL SERVICES INC",4,6,,1,22,"2018-10-17 00:00:00",)', '2019-01-28 13:33:37', 1);
INSERT INTO pagos.tr_bitacora (id_bitacora, co_accion, tx_tabla, in_id_tabla, tx_old_valor, tx_new_valor, fe_accion, id_usuario) VALUES (428, 'UPD', 'ente', 419, '(419,"SYMAGA, S.A.U",2,5,,1,22,"2018-10-17 00:00:00",)', '(419,"SYMAGA, S.A.U",4,6,,1,22,"2018-10-17 00:00:00",)', '2019-01-28 13:33:37', 1);
INSERT INTO pagos.tr_bitacora (id_bitacora, co_accion, tx_tabla, in_id_tabla, tx_old_valor, tx_new_valor, fe_accion, id_usuario) VALUES (429, 'UPD', 'ente', 420, '(420,"SYNGENTA AGRO URUGUAY SA",2,5,,1,22,"2018-10-17 00:00:00",)', '(420,"SYNGENTA AGRO URUGUAY SA",4,6,,1,22,"2018-10-17 00:00:00",)', '2019-01-28 13:33:37', 1);
INSERT INTO pagos.tr_bitacora (id_bitacora, co_accion, tx_tabla, in_id_tabla, tx_old_valor, tx_new_valor, fe_accion, id_usuario) VALUES (430, 'UPD', 'ente', 421, '(421,"SYNIVERSE TECHNOLOGIES LLC",2,5,,1,22,"2018-10-17 00:00:00",)', '(421,"SYNIVERSE TECHNOLOGIES LLC",4,6,,1,22,"2018-10-17 00:00:00",)', '2019-01-28 13:33:37', 1);
INSERT INTO pagos.tr_bitacora (id_bitacora, co_accion, tx_tabla, in_id_tabla, tx_old_valor, tx_new_valor, fe_accion, id_usuario) VALUES (431, 'UPD', 'ente', 422, '(422,"SYSTEME L AEROSPATIALE ET L AVIATION",2,5,,1,22,"2018-10-17 00:00:00",)', '(422,"SYSTEME L AEROSPATIALE ET L AVIATION",4,6,,1,22,"2018-10-17 00:00:00",)', '2019-01-28 13:33:37', 1);
INSERT INTO pagos.tr_bitacora (id_bitacora, co_accion, tx_tabla, in_id_tabla, tx_old_valor, tx_new_valor, fe_accion, id_usuario) VALUES (432, 'UPD', 'ente', 423, '(423,"TAIZHONGHE TRADE (SHENZEN) CO.LTD",2,5,,1,22,"2018-10-17 00:00:00",)', '(423,"TAIZHONGHE TRADE (SHENZEN) CO.LTD",4,6,,1,22,"2018-10-17 00:00:00",)', '2019-01-28 13:33:37', 1);
INSERT INTO pagos.tr_bitacora (id_bitacora, co_accion, tx_tabla, in_id_tabla, tx_old_valor, tx_new_valor, fe_accion, id_usuario) VALUES (433, 'UPD', 'ente', 424, '(424,"TBILISI GE",2,5,,1,22,"2018-10-17 00:00:00",)', '(424,"TBILISI GE",4,6,,1,22,"2018-10-17 00:00:00",)', '2019-01-28 13:33:37', 1);
INSERT INTO pagos.tr_bitacora (id_bitacora, co_accion, tx_tabla, in_id_tabla, tx_old_valor, tx_new_valor, fe_accion, id_usuario) VALUES (434, 'UPD', 'ente', 425, '(425,"TCL HOME APPLIANCES (HK) CO.,LTD",2,5,,1,22,"2018-10-17 00:00:00",)', '(425,"TCL HOME APPLIANCES (HK) CO.,LTD",4,6,,1,22,"2018-10-17 00:00:00",)', '2019-01-28 13:33:37', 1);
INSERT INTO pagos.tr_bitacora (id_bitacora, co_accion, tx_tabla, in_id_tabla, tx_old_valor, tx_new_valor, fe_accion, id_usuario) VALUES (435, 'UPD', 'ente', 426, '(426,"TECNICAS E INGENIERIA DE PROTECCION S.A.",2,5,,1,22,"2018-10-17 00:00:00",)', '(426,"TECNICAS E INGENIERIA DE PROTECCION S.A.",4,6,,1,22,"2018-10-17 00:00:00",)', '2019-01-28 13:33:37', 1);
INSERT INTO pagos.tr_bitacora (id_bitacora, co_accion, tx_tabla, in_id_tabla, tx_old_valor, tx_new_valor, fe_accion, id_usuario) VALUES (436, 'UPD', 'ente', 427, '(427,"TELECOM ITALIA SPARKLE SPA",2,5,,1,22,"2018-10-17 00:00:00",)', '(427,"TELECOM ITALIA SPARKLE SPA",4,6,,1,22,"2018-10-17 00:00:00",)', '2019-01-28 13:33:37', 1);
INSERT INTO pagos.tr_bitacora (id_bitacora, co_accion, tx_tabla, in_id_tabla, tx_old_valor, tx_new_valor, fe_accion, id_usuario) VALUES (437, 'UPD', 'ente', 428, '(428,"TELIA CARRIER AB",2,5,,1,22,"2018-10-17 00:00:00",)', '(428,"TELIA CARRIER AB",4,6,,1,22,"2018-10-17 00:00:00",)', '2019-01-28 13:33:37', 1);
INSERT INTO pagos.tr_bitacora (id_bitacora, co_accion, tx_tabla, in_id_tabla, tx_old_valor, tx_new_valor, fe_accion, id_usuario) VALUES (438, 'UPD', 'ente', 429, '(429,"TETRA PAK GLOBAL DISTRIBUTION S.A",2,5,,1,22,"2018-10-17 00:00:00",)', '(429,"TETRA PAK GLOBAL DISTRIBUTION S.A",4,6,,1,22,"2018-10-17 00:00:00",)', '2019-01-28 13:33:37', 1);
INSERT INTO pagos.tr_bitacora (id_bitacora, co_accion, tx_tabla, in_id_tabla, tx_old_valor, tx_new_valor, fe_accion, id_usuario) VALUES (439, 'UPD', 'ente', 430, '(430,"THALASSA LIMITED",2,5,,1,22,"2018-10-17 00:00:00",)', '(430,"THALASSA LIMITED",4,6,,1,22,"2018-10-17 00:00:00",)', '2019-01-28 13:33:37', 1);
INSERT INTO pagos.tr_bitacora (id_bitacora, co_accion, tx_tabla, in_id_tabla, tx_old_valor, tx_new_valor, fe_accion, id_usuario) VALUES (440, 'UPD', 'ente', 431, '(431,"THE EMBASSY OF VENEZUELA IN TRINIDAD AND TOBAGO",2,5,,1,22,"2018-10-17 00:00:00",)', '(431,"THE EMBASSY OF VENEZUELA IN TRINIDAD AND TOBAGO",4,6,,1,22,"2018-10-17 00:00:00",)', '2019-01-28 13:33:37', 1);
INSERT INTO pagos.tr_bitacora (id_bitacora, co_accion, tx_tabla, in_id_tabla, tx_old_valor, tx_new_valor, fe_accion, id_usuario) VALUES (441, 'UPD', 'ente', 440, '(440,"UNION INTERNACIONAL DE TELECOMUNICACIONES",2,5,,1,22,"2018-10-17 00:00:00",)', '(440,"UNION INTERNACIONAL DE TELECOMUNICACIONES",4,6,,1,22,"2018-10-17 00:00:00",)', '2019-01-28 13:33:37', 1);
INSERT INTO pagos.tr_bitacora (id_bitacora, co_accion, tx_tabla, in_id_tabla, tx_old_valor, tx_new_valor, fe_accion, id_usuario) VALUES (442, 'UPD', 'ente', 433, '(433,"THINQ PHARMA CRO LIMITED",2,5,,1,22,"2018-10-17 00:00:00",)', '(433,"THINQ PHARMA CRO LIMITED",4,6,,1,22,"2018-10-17 00:00:00",)', '2019-01-28 13:33:37', 1);
INSERT INTO pagos.tr_bitacora (id_bitacora, co_accion, tx_tabla, in_id_tabla, tx_old_valor, tx_new_valor, fe_accion, id_usuario) VALUES (443, 'UPD', 'ente', 434, '(434,"TOPIGS NORSVIN INTERNATIONAL B.V.",2,5,,1,22,"2018-10-17 00:00:00",)', '(434,"TOPIGS NORSVIN INTERNATIONAL B.V.",4,6,,1,22,"2018-10-17 00:00:00",)', '2019-01-28 13:33:37', 1);
INSERT INTO pagos.tr_bitacora (id_bitacora, co_accion, tx_tabla, in_id_tabla, tx_old_valor, tx_new_valor, fe_accion, id_usuario) VALUES (444, 'UPD', 'ente', 435, '(435,"TOTAL DE SUPRIMENTOS 7174,LDA",2,5,,1,22,"2018-10-17 00:00:00",)', '(435,"TOTAL DE SUPRIMENTOS 7174,LDA",4,6,,1,22,"2018-10-17 00:00:00",)', '2019-01-28 13:33:37', 1);
INSERT INTO pagos.tr_bitacora (id_bitacora, co_accion, tx_tabla, in_id_tabla, tx_old_valor, tx_new_valor, fe_accion, id_usuario) VALUES (445, 'UPD', 'ente', 432, '(432,"THE STATE BANK FOR FOREIGN ECONOMICOF TURMENISTAN",1,5,,1,22,"2018-10-17 00:00:00",)', '(432,"THE STATE BANK FOR FOREIGN ECONOMICOF TURMENISTAN",4,6,,1,22,"2018-10-17 00:00:00",)', '2019-01-28 13:33:37', 1);
INSERT INTO pagos.tr_bitacora (id_bitacora, co_accion, tx_tabla, in_id_tabla, tx_old_valor, tx_new_valor, fe_accion, id_usuario) VALUES (446, 'UPD', 'ente', 436, '(436,"TRIUM BANK AND TRUST LTD",2,5,,1,22,"2018-10-17 00:00:00",)', '(436,"TRIUM BANK AND TRUST LTD",4,6,,1,22,"2018-10-17 00:00:00",)', '2019-01-28 13:33:37', 1);
INSERT INTO pagos.tr_bitacora (id_bitacora, co_accion, tx_tabla, in_id_tabla, tx_old_valor, tx_new_valor, fe_accion, id_usuario) VALUES (447, 'UPD', 'ente', 437, '(437,"TSX TRUST COMPANY",2,5,,1,22,"2018-10-17 00:00:00",)', '(437,"TSX TRUST COMPANY",4,6,,1,22,"2018-10-17 00:00:00",)', '2019-01-28 13:33:37', 1);
INSERT INTO pagos.tr_bitacora (id_bitacora, co_accion, tx_tabla, in_id_tabla, tx_old_valor, tx_new_valor, fe_accion, id_usuario) VALUES (448, 'UPD', 'ente', 438, '(438,"TURBO CHINA TECHNOLOGY LIMITED",2,5,,1,22,"2018-10-17 00:00:00",)', '(438,"TURBO CHINA TECHNOLOGY LIMITED",4,6,,1,22,"2018-10-17 00:00:00",)', '2019-01-28 13:33:37', 1);
INSERT INTO pagos.tr_bitacora (id_bitacora, co_accion, tx_tabla, in_id_tabla, tx_old_valor, tx_new_valor, fe_accion, id_usuario) VALUES (449, 'UPD', 'ente', 439, '(439,"ULTRA DIVISION DIGITAL SA DE CV",2,5,,1,22,"2018-10-17 00:00:00",)', '(439,"ULTRA DIVISION DIGITAL SA DE CV",4,6,,1,22,"2018-10-17 00:00:00",)', '2019-01-28 13:33:37', 1);
INSERT INTO pagos.tr_bitacora (id_bitacora, co_accion, tx_tabla, in_id_tabla, tx_old_valor, tx_new_valor, fe_accion, id_usuario) VALUES (450, 'UPD', 'ente', 441, '(441,"UNITED HARDWARE CORP",2,5,,1,22,"2018-10-17 00:00:00",)', '(441,"UNITED HARDWARE CORP",4,6,,1,22,"2018-10-17 00:00:00",)', '2019-01-28 13:33:37', 1);
INSERT INTO pagos.tr_bitacora (id_bitacora, co_accion, tx_tabla, in_id_tabla, tx_old_valor, tx_new_valor, fe_accion, id_usuario) VALUES (451, 'UPD', 'ente', 442, '(442,"UNITED NATIONS GENERAL FUND",2,5,,1,22,"2018-10-17 00:00:00",)', '(442,"UNITED NATIONS GENERAL FUND",4,6,,1,22,"2018-10-17 00:00:00",)', '2019-01-28 13:33:37', 1);
INSERT INTO pagos.tr_bitacora (id_bitacora, co_accion, tx_tabla, in_id_tabla, tx_old_valor, tx_new_valor, fe_accion, id_usuario) VALUES (452, 'UPD', 'ente', 443, '(443,"USHEBTI LOGISTICS SA",2,5,,1,22,"2018-10-17 00:00:00",)', '(443,"USHEBTI LOGISTICS SA",4,6,,1,22,"2018-10-17 00:00:00",)', '2019-01-28 13:33:37', 1);
INSERT INTO pagos.tr_bitacora (id_bitacora, co_accion, tx_tabla, in_id_tabla, tx_old_valor, tx_new_valor, fe_accion, id_usuario) VALUES (453, 'UPD', 'ente', 444, '(444,"V.I.E.N. TECHNOLOGIE HANDELS GMBH",2,5,,1,22,"2018-10-17 00:00:00",)', '(444,"V.I.E.N. TECHNOLOGIE HANDELS GMBH",4,6,,1,22,"2018-10-17 00:00:00",)', '2019-01-28 13:33:37', 1);
INSERT INTO pagos.tr_bitacora (id_bitacora, co_accion, tx_tabla, in_id_tabla, tx_old_valor, tx_new_valor, fe_accion, id_usuario) VALUES (454, 'UPD', 'ente', 445, '(445,"VALOR DEL CAMPO SA DE CV",2,5,,1,22,"2018-10-17 00:00:00",)', '(445,"VALOR DEL CAMPO SA DE CV",4,6,,1,22,"2018-10-17 00:00:00",)', '2019-01-28 13:33:37', 1);
INSERT INTO pagos.tr_bitacora (id_bitacora, co_accion, tx_tabla, in_id_tabla, tx_old_valor, tx_new_valor, fe_accion, id_usuario) VALUES (455, 'UPD', 'ente', 446, '(446,"VAN BAEL AND BELLIS",2,5,,1,22,"2018-10-17 00:00:00",)', '(446,"VAN BAEL AND BELLIS",4,6,,1,22,"2018-10-17 00:00:00",)', '2019-01-28 13:33:37', 1);
INSERT INTO pagos.tr_bitacora (id_bitacora, co_accion, tx_tabla, in_id_tabla, tx_old_valor, tx_new_valor, fe_accion, id_usuario) VALUES (456, 'UPD', 'ente', 447, '(447,"VASQUEZ CORNACCHIA ORIANA ESTEFANIA",2,5,,1,22,"2018-10-17 00:00:00",)', '(447,"VASQUEZ CORNACCHIA ORIANA ESTEFANIA",4,6,,1,22,"2018-10-17 00:00:00",)', '2019-01-28 13:33:37', 1);
INSERT INTO pagos.tr_bitacora (id_bitacora, co_accion, tx_tabla, in_id_tabla, tx_old_valor, tx_new_valor, fe_accion, id_usuario) VALUES (457, 'UPD', 'ente', 448, '(448,"VENPROCA VENEZOLANA DE PROYECTOS CA",2,5,,1,22,"2018-10-17 00:00:00",)', '(448,"VENPROCA VENEZOLANA DE PROYECTOS CA",4,6,,1,22,"2018-10-17 00:00:00",)', '2019-01-28 13:33:37', 1);
INSERT INTO pagos.tr_bitacora (id_bitacora, co_accion, tx_tabla, in_id_tabla, tx_old_valor, tx_new_valor, fe_accion, id_usuario) VALUES (458, 'UPD', 'ente', 449, '(449,"VEOLIA WATER SYSTEMS IBERICA S.L",2,5,,1,22,"2018-10-17 00:00:00",)', '(449,"VEOLIA WATER SYSTEMS IBERICA S.L",4,6,,1,22,"2018-10-17 00:00:00",)', '2019-01-28 13:33:37', 1);
INSERT INTO pagos.tr_bitacora (id_bitacora, co_accion, tx_tabla, in_id_tabla, tx_old_valor, tx_new_valor, fe_accion, id_usuario) VALUES (459, 'UPD', 'ente', 450, '(450,"VERIDOS GMBH",2,5,,1,22,"2018-10-17 00:00:00",)', '(450,"VERIDOS GMBH",4,6,,1,22,"2018-10-17 00:00:00",)', '2019-01-28 13:33:37', 1);
INSERT INTO pagos.tr_bitacora (id_bitacora, co_accion, tx_tabla, in_id_tabla, tx_old_valor, tx_new_valor, fe_accion, id_usuario) VALUES (460, 'UPD', 'ente', 451, '(451,"VERLIMAX SA",2,5,,1,22,"2018-10-17 00:00:00",)', '(451,"VERLIMAX SA",4,6,,1,22,"2018-10-17 00:00:00",)', '2019-01-28 13:33:37', 1);
INSERT INTO pagos.tr_bitacora (id_bitacora, co_accion, tx_tabla, in_id_tabla, tx_old_valor, tx_new_valor, fe_accion, id_usuario) VALUES (461, 'UPD', 'ente', 452, '(452,"VG VERONESE GROUP SA",2,5,,1,22,"2018-10-17 00:00:00",)', '(452,"VG VERONESE GROUP SA",4,6,,1,22,"2018-10-17 00:00:00",)', '2019-01-28 13:33:37', 1);
INSERT INTO pagos.tr_bitacora (id_bitacora, co_accion, tx_tabla, in_id_tabla, tx_old_valor, tx_new_valor, fe_accion, id_usuario) VALUES (462, 'UPD', 'ente', 453, '(453,"W G RUSSEL AND COMPANY (LONDON) LIMITED",2,5,,1,22,"2018-10-17 00:00:00",)', '(453,"W G RUSSEL AND COMPANY (LONDON) LIMITED",4,6,,1,22,"2018-10-17 00:00:00",)', '2019-01-28 13:33:37', 1);
INSERT INTO pagos.tr_bitacora (id_bitacora, co_accion, tx_tabla, in_id_tabla, tx_old_valor, tx_new_valor, fe_accion, id_usuario) VALUES (463, 'UPD', 'ente', 454, '(454,"WAIKATO MILKING SYSTEMS LIMITED PARTNERSHIPTNERSHIP",2,5,,1,22,"2018-10-17 00:00:00",)', '(454,"WAIKATO MILKING SYSTEMS LIMITED PARTNERSHIPTNERSHIP",4,6,,1,22,"2018-10-17 00:00:00",)', '2019-01-28 13:33:37', 1);
INSERT INTO pagos.tr_bitacora (id_bitacora, co_accion, tx_tabla, in_id_tabla, tx_old_valor, tx_new_valor, fe_accion, id_usuario) VALUES (464, 'UPD', 'ente', 455, '(455,"WATERLINE INTERNATIONAL MARITIME LOGISTICS,LDA",2,5,,1,22,"2018-10-17 00:00:00",)', '(455,"WATERLINE INTERNATIONAL MARITIME LOGISTICS,LDA",4,6,,1,22,"2018-10-17 00:00:00",)', '2019-01-28 13:33:37', 1);
INSERT INTO pagos.tr_bitacora (id_bitacora, co_accion, tx_tabla, in_id_tabla, tx_old_valor, tx_new_valor, fe_accion, id_usuario) VALUES (465, 'UPD', 'ente', 456, '(456,"WEYERSBERG KIRSCHBAUM",2,5,,1,22,"2018-10-17 00:00:00",)', '(456,"WEYERSBERG KIRSCHBAUM",4,6,,1,22,"2018-10-17 00:00:00",)', '2019-01-28 13:33:37', 1);
INSERT INTO pagos.tr_bitacora (id_bitacora, co_accion, tx_tabla, in_id_tabla, tx_old_valor, tx_new_valor, fe_accion, id_usuario) VALUES (466, 'UPD', 'ente', 457, '(457,"WILL SUPPLY SA",2,5,,1,22,"2018-10-17 00:00:00",)', '(457,"WILL SUPPLY SA",4,6,,1,22,"2018-10-17 00:00:00",)', '2019-01-28 13:33:37', 1);
INSERT INTO pagos.tr_bitacora (id_bitacora, co_accion, tx_tabla, in_id_tabla, tx_old_valor, tx_new_valor, fe_accion, id_usuario) VALUES (467, 'UPD', 'ente', 458, '(458,"WINCOR NIXDORF INTERNATIONAL GMBH",2,5,,1,22,"2018-10-17 00:00:00",)', '(458,"WINCOR NIXDORF INTERNATIONAL GMBH",4,6,,1,22,"2018-10-17 00:00:00",)', '2019-01-28 13:33:37', 1);
INSERT INTO pagos.tr_bitacora (id_bitacora, co_accion, tx_tabla, in_id_tabla, tx_old_valor, tx_new_valor, fe_accion, id_usuario) VALUES (468, 'UPD', 'ente', 459, '(459,"WORLDWIDE FOOD LLC S.A/ ZWETAN ZANEV ART",2,5,,1,22,"2018-10-17 00:00:00",)', '(459,"WORLDWIDE FOOD LLC S.A/ ZWETAN ZANEV ART",4,6,,1,22,"2018-10-17 00:00:00",)', '2019-01-28 13:33:37', 1);
INSERT INTO pagos.tr_bitacora (id_bitacora, co_accion, tx_tabla, in_id_tabla, tx_old_valor, tx_new_valor, fe_accion, id_usuario) VALUES (469, 'UPD', 'ente', 460, '(460,"XIANG XIN INTERNATIONAL TRADING COMPANY LIMITED",2,5,,1,22,"2018-10-17 00:00:00",)', '(460,"XIANG XIN INTERNATIONAL TRADING COMPANY LIMITED",4,6,,1,22,"2018-10-17 00:00:00",)', '2019-01-28 13:33:37', 1);
INSERT INTO pagos.tr_bitacora (id_bitacora, co_accion, tx_tabla, in_id_tabla, tx_old_valor, tx_new_valor, fe_accion, id_usuario) VALUES (470, 'UPD', 'ente', 461, '(461,"YOUTSU,ACE",2,5,,1,22,"2018-10-17 00:00:00",)', '(461,"YOUTSU,ACE",4,6,,1,22,"2018-10-17 00:00:00",)', '2019-01-28 13:33:37', 1);
INSERT INTO pagos.tr_bitacora (id_bitacora, co_accion, tx_tabla, in_id_tabla, tx_old_valor, tx_new_valor, fe_accion, id_usuario) VALUES (471, 'UPD', 'ente', 462, '(462,"ZACKET GROUP S.A.",2,5,,1,22,"2018-10-17 00:00:00",)', '(462,"ZACKET GROUP S.A.",4,6,,1,22,"2018-10-17 00:00:00",)', '2019-01-28 13:33:37', 1);
INSERT INTO pagos.tr_bitacora (id_bitacora, co_accion, tx_tabla, in_id_tabla, tx_old_valor, tx_new_valor, fe_accion, id_usuario) VALUES (472, 'UPD', 'ente', 463, '(463,"ZHEJIANG JINGHUI COSMETICS SHARE CO LTD",2,5,,1,22,"2018-10-17 00:00:00",)', '(463,"ZHEJIANG JINGHUI COSMETICS SHARE CO LTD",4,6,,1,22,"2018-10-17 00:00:00",)', '2019-01-28 13:33:37', 1);
INSERT INTO pagos.tr_bitacora (id_bitacora, co_accion, tx_tabla, in_id_tabla, tx_old_valor, tx_new_valor, fe_accion, id_usuario) VALUES (473, 'UPD', 'ente', 464, '(464,"ZHUHAI CHENGFENG ELECTRONICS CO.,LTD",2,5,,1,22,"2018-10-17 00:00:00",)', '(464,"ZHUHAI CHENGFENG ELECTRONICS CO.,LTD",4,6,,1,22,"2018-10-17 00:00:00",)', '2019-01-28 13:33:37', 1);
INSERT INTO pagos.tr_bitacora (id_bitacora, co_accion, tx_tabla, in_id_tabla, tx_old_valor, tx_new_valor, fe_accion, id_usuario) VALUES (474, 'UPD', 'ente', 465, '(465,"ZOUPING YIJIA IMP.AND.EXP.COL.,LTD",2,5,,1,22,"2018-10-17 00:00:00",)', '(465,"ZOUPING YIJIA IMP.AND.EXP.COL.,LTD",4,6,,1,22,"2018-10-17 00:00:00",)', '2019-01-28 13:33:37', 1);
INSERT INTO pagos.tr_bitacora (id_bitacora, co_accion, tx_tabla, in_id_tabla, tx_old_valor, tx_new_valor, fe_accion, id_usuario) VALUES (475, 'UPD', 'ente', 466, '(466,"ZURICH CH",2,5,,1,22,"2018-10-17 00:00:00",)', '(466,"ZURICH CH",4,6,,1,22,"2018-10-17 00:00:00",)', '2019-01-28 13:33:37', 1);
INSERT INTO pagos.tr_bitacora (id_bitacora, co_accion, tx_tabla, in_id_tabla, tx_old_valor, tx_new_valor, fe_accion, id_usuario) VALUES (476, 'UPD', 'ente', 80, '(80,"BRAGANTZ SECURITY SYSTEMS, S.L.",2,5,,1,22,"2018-10-17 00:00:00",)', '(80,"BRAGANTZ SECURITY SYSTEMS, S.L.",4,6,,1,22,"2018-10-17 00:00:00",)', '2019-01-28 13:33:37', 1);
INSERT INTO pagos.tr_bitacora (id_bitacora, co_accion, tx_tabla, in_id_tabla, tx_old_valor, tx_new_valor, fe_accion, id_usuario) VALUES (477, 'UPD', 'ente', 90, '(90,"BW PAPERSYSTEMS",2,5,,1,22,"2018-10-17 00:00:00",)', '(90,"BW PAPERSYSTEMS",4,6,,1,22,"2018-10-17 00:00:00",)', '2019-01-28 13:33:37', 1);
INSERT INTO pagos.tr_bitacora (id_bitacora, co_accion, tx_tabla, in_id_tabla, tx_old_valor, tx_new_valor, fe_accion, id_usuario) VALUES (478, 'UPD', 'ente', 106, '(106,"CIEXSA COMPANIA INTEGRADA DE EXPORTACION S.A",2,5,,1,22,"2018-10-17 00:00:00",)', '(106,"CIEXSA COMPANIA INTEGRADA DE EXPORTACION S.A",4,6,,1,22,"2018-10-17 00:00:00",)', '2019-01-28 13:33:37', 1);
INSERT INTO pagos.tr_bitacora (id_bitacora, co_accion, tx_tabla, in_id_tabla, tx_old_valor, tx_new_valor, fe_accion, id_usuario) VALUES (479, 'UPD', 'ente', 139, '(139,"DE LA RUE INTERNATIONAL LIMITED",2,5,,1,22,"2018-10-17 00:00:00",)', '(139,"DE LA RUE INTERNATIONAL LIMITED",4,6,,1,22,"2018-10-17 00:00:00",)', '2019-01-28 13:33:37', 1);
INSERT INTO pagos.tr_bitacora (id_bitacora, co_accion, tx_tabla, in_id_tabla, tx_old_valor, tx_new_valor, fe_accion, id_usuario) VALUES (480, 'UPD', 'ente', 22, '(22,"PROOVEEDOR PRUEBA",4,6,,1,23,"2019-01-18 14:31:47","2019-01-28 15:02:20")', '(22,"PROOVEEDOR PRUEBA",4,6,,1,22,"2019-01-18 14:31:47","2019-01-28 17:44:59")', '2019-01-28 13:45:00', 1);
INSERT INTO pagos.tr_bitacora (id_bitacora, co_accion, tx_tabla, in_id_tabla, tx_old_valor, tx_new_valor, fe_accion, id_usuario) VALUES (481, 'INS', 'pago', 2, NULL, '(2,2,"2019-01-04 00:00:00",8,"2019-01-07 00:00:00",1,1.14,8674050.00,2,,1,10,"2019-01-29 13:28:04","2019-01-29 13:28:04",131)', '2019-01-29 09:28:04', 1);
INSERT INTO pagos.tr_bitacora (id_bitacora, co_accion, tx_tabla, in_id_tabla, tx_old_valor, tx_new_valor, fe_accion, id_usuario) VALUES (482, 'INS', 'banco', 21, NULL, '(21,"DANSKE BANK",2,,1,22,"2019-01-29 13:31:16","2019-01-29 13:31:16",3)', '2019-01-29 09:31:16', 1);
INSERT INTO pagos.tr_bitacora (id_bitacora, co_accion, tx_tabla, in_id_tabla, tx_old_valor, tx_new_valor, fe_accion, id_usuario) VALUES (483, 'UPD', 'banco', 21, '(21,"DANSKE BANK",2,,1,22,"2019-01-29 13:31:16","2019-01-29 13:31:16",3)', '(21,"DANSKE BANK",2,,1,22,"2019-01-29 13:31:16","2019-01-29 13:33:00",1)', '2019-01-29 09:33:00', 1);
INSERT INTO pagos.tr_bitacora (id_bitacora, co_accion, tx_tabla, in_id_tabla, tx_old_valor, tx_new_valor, fe_accion, id_usuario) VALUES (484, 'INS', 'ejecucion_pago', 2, NULL, '(2,2,21,"2019-01-08 00:00:00",3,,1,31,"2019-01-29 13:34:36","2019-01-29 13:34:36")', '2019-01-29 09:34:36', 1);
INSERT INTO pagos.tr_bitacora (id_bitacora, co_accion, tx_tabla, in_id_tabla, tx_old_valor, tx_new_valor, fe_accion, id_usuario) VALUES (485, 'UPD', 'cuenta', 2, '(2,2,32116141.19,20539160.00,0.00,52655301.19,"Venta de Divisas al BCV- Bolivariana de Seguros (BAER)",1,1,"2019-01-25 15:33:00","2019-01-28 09:18:23")', '(2,2,52116141.19,539160.00,0.00,52655301.19,,1,1,"2019-01-25 15:33:00","2019-01-29 09:34:36")', '2019-01-29 09:34:36', 1);
INSERT INTO pagos.tr_bitacora (id_bitacora, co_accion, tx_tabla, in_id_tabla, tx_old_valor, tx_new_valor, fe_accion, id_usuario) VALUES (486, 'UPD', 'pago', 2, '(2,2,"2019-01-04 00:00:00",8,"2019-01-07 00:00:00",1,1.14,8674050.00,2,,1,10,"2019-01-29 13:28:04","2019-01-29 13:28:04",131)', '(2,2,"2019-01-04 00:00:00",8,"2019-01-07 00:00:00",1,1.14,8674050.00,2,,1,31,"2019-01-29 13:28:04","2019-01-29 09:34:36",131)', '2019-01-29 09:34:36', 1);
INSERT INTO pagos.tr_bitacora (id_bitacora, co_accion, tx_tabla, in_id_tabla, tx_old_valor, tx_new_valor, fe_accion, id_usuario) VALUES (487, 'INS', 'pago', 3, NULL, '(3,2,"2019-01-04 00:00:00",8,"2019-01-07 00:00:00",2,1.00,6305833.00,2,,1,10,"2019-01-29 13:44:28","2019-01-29 13:44:28",139)', '2019-01-29 09:44:28', 1);
INSERT INTO pagos.tr_bitacora (id_bitacora, co_accion, tx_tabla, in_id_tabla, tx_old_valor, tx_new_valor, fe_accion, id_usuario) VALUES (488, 'INS', 'banco', 22, NULL, '(22,"BARCLAYS BANK",2,,1,22,"2019-01-29 13:46:11","2019-01-29 13:46:11",1)', '2019-01-29 09:46:12', 1);
INSERT INTO pagos.tr_bitacora (id_bitacora, co_accion, tx_tabla, in_id_tabla, tx_old_valor, tx_new_valor, fe_accion, id_usuario) VALUES (489, 'INS', 'ejecucion_pago', 3, NULL, '(3,3,22,"2019-01-09 00:00:00",3,,1,31,"2019-01-29 13:46:50","2019-01-29 13:46:50")', '2019-01-29 09:46:51', 1);
INSERT INTO pagos.tr_bitacora (id_bitacora, co_accion, tx_tabla, in_id_tabla, tx_old_valor, tx_new_valor, fe_accion, id_usuario) VALUES (490, 'UPD', 'cuenta', 2, '(2,2,52116141.19,539160.00,0.00,52655301.19,,1,1,"2019-01-25 15:33:00","2019-01-29 09:34:36")', '(2,2,52116141.19,-5766673.00,0.00,46349468.19,,1,31,"2019-01-25 15:33:00","2019-01-29 09:46:51")', '2019-01-29 09:46:51', 1);
INSERT INTO pagos.tr_bitacora (id_bitacora, co_accion, tx_tabla, in_id_tabla, tx_old_valor, tx_new_valor, fe_accion, id_usuario) VALUES (491, 'UPD', 'pago', 3, '(3,2,"2019-01-04 00:00:00",8,"2019-01-07 00:00:00",2,1.00,6305833.00,2,,1,10,"2019-01-29 13:44:28","2019-01-29 13:44:28",139)', '(3,2,"2019-01-04 00:00:00",8,"2019-01-07 00:00:00",2,1.00,6305833.00,2,,1,31,"2019-01-29 13:44:28","2019-01-29 09:46:51",139)', '2019-01-29 09:46:51', 1);
INSERT INTO pagos.tr_bitacora (id_bitacora, co_accion, tx_tabla, in_id_tabla, tx_old_valor, tx_new_valor, fe_accion, id_usuario) VALUES (492, 'INS', 'banco', 23, NULL, '(23,"UNICREDIT BANK AG, ALEMANIA",2,,1,22,"2019-01-29 13:49:10","2019-01-29 13:49:10",1)', '2019-01-29 09:49:10', 1);
INSERT INTO pagos.tr_bitacora (id_bitacora, co_accion, tx_tabla, in_id_tabla, tx_old_valor, tx_new_valor, fe_accion, id_usuario) VALUES (493, 'INS', 'pago', 4, NULL, '(4,2,"2019-01-04 00:00:00",8,"2019-01-07 00:00:00",2,1.00,4059000.00,2,,1,10,"2019-01-29 13:50:22","2019-01-29 13:50:22",208)', '2019-01-29 09:50:23', 1);
INSERT INTO pagos.tr_bitacora (id_bitacora, co_accion, tx_tabla, in_id_tabla, tx_old_valor, tx_new_valor, fe_accion, id_usuario) VALUES (494, 'INS', 'ejecucion_pago', 4, NULL, '(4,4,8,"2019-01-01 00:00:00",1,,1,29,"2019-01-29 13:53:04","2019-01-29 13:53:04")', '2019-01-29 09:53:04', 1);
INSERT INTO pagos.tr_bitacora (id_bitacora, co_accion, tx_tabla, in_id_tabla, tx_old_valor, tx_new_valor, fe_accion, id_usuario) VALUES (604, 'INS', 'instruccion', 7, NULL, '(7,7,,1,16007238,003-19,t,"2019-01-07 00:00:00",17100000.00,2,,4,1,"2019-02-19 22:31:43","2019-02-19 22:31:43")', '2019-02-19 18:31:44', 4);
INSERT INTO pagos.tr_bitacora (id_bitacora, co_accion, tx_tabla, in_id_tabla, tx_old_valor, tx_new_valor, fe_accion, id_usuario) VALUES (495, 'UPD', 'pago', 4, '(4,2,"2019-01-04 00:00:00",8,"2019-01-07 00:00:00",2,1.00,4059000.00,2,,1,10,"2019-01-29 13:50:22","2019-01-29 13:50:22",208)', '(4,2,"2019-01-04 00:00:00",8,"2019-01-07 00:00:00",2,1.00,4059000.00,2,,1,29,"2019-01-29 13:50:22","2019-01-29 09:53:04",208)', '2019-01-29 09:53:04', 1);
INSERT INTO pagos.tr_bitacora (id_bitacora, co_accion, tx_tabla, in_id_tabla, tx_old_valor, tx_new_valor, fe_accion, id_usuario) VALUES (496, 'UPD', 'usuario', 6, '(6,jgarcia,$2y$10$2gbtRvJOxNuvy0nAfFVCiObpomdO06hBtJvRIH.YBgoZELYUTINUu,22558788,Josmary,García,,22,"2019-01-25 18:07:13","2019-01-25 18:07:13",PrHcykySvtMnf1luwGJ4IGhQPBFNGw82hFDbW8pnpL0BEYI8hWwZnVREyJHM,)', '(6,jgarcia,$2y$10$2gbtRvJOxNuvy0nAfFVCiObpomdO06hBtJvRIH.YBgoZELYUTINUu,22558788,Josmary,García,,22,"2019-01-25 18:07:13","2019-01-25 18:07:13",4nmL2wl7Fln81l4nuCaiR6DRLtOtkM025L5VI3DMsv9tp0mfzsk74NCYpkjk,)', '2019-01-29 11:15:45', 6);
INSERT INTO pagos.tr_bitacora (id_bitacora, co_accion, tx_tabla, in_id_tabla, tx_old_valor, tx_new_valor, fe_accion, id_usuario) VALUES (497, 'UPD', 'usuario', 6, '(6,jgarcia,$2y$10$2gbtRvJOxNuvy0nAfFVCiObpomdO06hBtJvRIH.YBgoZELYUTINUu,22558788,Josmary,García,,22,"2019-01-25 18:07:13","2019-01-25 18:07:13",4nmL2wl7Fln81l4nuCaiR6DRLtOtkM025L5VI3DMsv9tp0mfzsk74NCYpkjk,)', '(6,jgarcia,$2y$10$2gbtRvJOxNuvy0nAfFVCiObpomdO06hBtJvRIH.YBgoZELYUTINUu,22558788,Josmary,García,,22,"2019-01-25 18:07:13","2019-01-25 18:07:13",Olg44EMTuqk3LqkbgsTZmkTCV3D8aoYWQ76b2dlaYWLO0Gq6w8FJgk3D0Z0m,)', '2019-01-29 14:26:03', 6);
INSERT INTO pagos.tr_bitacora (id_bitacora, co_accion, tx_tabla, in_id_tabla, tx_old_valor, tx_new_valor, fe_accion, id_usuario) VALUES (498, 'INS', 'instruccion', 4, NULL, '(4,4,,1,18001711,003-19,t,"2019-02-07 00:00:00",15120000.00,2,,4,1,"2019-02-12 20:50:29","2019-02-12 20:50:29")', '2019-02-12 16:50:29', 4);
INSERT INTO pagos.tr_bitacora (id_bitacora, co_accion, tx_tabla, in_id_tabla, tx_old_valor, tx_new_valor, fe_accion, id_usuario) VALUES (499, 'UPD', 'cuenta', 2, '(2,2,52116141.19,-5766673.00,0.00,46349468.19,,1,31,"2019-01-25 15:33:00","2019-01-29 09:46:51")', '(2,2,31229468.19,9353327.00,0.00,46349468.19,,4,1,"2019-01-25 15:33:00","2019-02-12 16:50:29")', '2019-02-12 16:50:29', 4);
INSERT INTO pagos.tr_bitacora (id_bitacora, co_accion, tx_tabla, in_id_tabla, tx_old_valor, tx_new_valor, fe_accion, id_usuario) VALUES (500, 'INS', 'ingreso', 6, NULL, '(6,5,5,2,80000000.00,1.14,"2019-01-31 00:00:00","venta de divisas de PDVSA",4,2,"2019-02-12 21:50:31","2019-02-12 21:50:31",8)', '2019-02-12 17:50:32', 4);
INSERT INTO pagos.tr_bitacora (id_bitacora, co_accion, tx_tabla, in_id_tabla, tx_old_valor, tx_new_valor, fe_accion, id_usuario) VALUES (501, 'UPD', 'cuenta', 2, '(2,2,31229468.19,9353327.00,0.00,46349468.19,,4,1,"2019-01-25 15:33:00","2019-02-12 16:50:29")', '(2,2,,9353327.00,0.00,,"venta de divisas de PDVSA",4,2,"2019-01-25 15:33:00","2019-02-12 17:50:32")', '2019-02-12 17:50:32', 4);
INSERT INTO pagos.tr_bitacora (id_bitacora, co_accion, tx_tabla, in_id_tabla, tx_old_valor, tx_new_valor, fe_accion, id_usuario) VALUES (502, 'INS', 'ente', 473, NULL, '(473,"Corporación Venezolana de Minería",1,4,CVM,4,22,"2019-02-12 22:03:35","2019-02-12 22:03:35")', '2019-02-12 18:03:36', 4);
INSERT INTO pagos.tr_bitacora (id_bitacora, co_accion, tx_tabla, in_id_tabla, tx_old_valor, tx_new_valor, fe_accion, id_usuario) VALUES (503, 'INS', 'ingreso', 7, NULL, '(7,6,473,2,131417.56,1.14,"2019-01-30 00:00:00","venta de divisas de CVM a bandes",4,2,"2019-02-12 22:04:27","2019-02-12 22:04:27",8)', '2019-02-12 18:04:28', 4);
INSERT INTO pagos.tr_bitacora (id_bitacora, co_accion, tx_tabla, in_id_tabla, tx_old_valor, tx_new_valor, fe_accion, id_usuario) VALUES (504, 'UPD', 'cuenta', 2, '(2,2,,9353327.00,0.00,,"venta de divisas de PDVSA",4,2,"2019-01-25 15:33:00","2019-02-12 17:50:32")', '(2,2,,9353327.00,0.00,,"venta de divisas de CVM a bandes",4,2,"2019-01-25 15:33:00","2019-02-12 18:04:28")', '2019-02-12 18:04:28', 4);
INSERT INTO pagos.tr_bitacora (id_bitacora, co_accion, tx_tabla, in_id_tabla, tx_old_valor, tx_new_valor, fe_accion, id_usuario) VALUES (505, 'INS', 'ente', 474, NULL, '(474,"Instituto Nacional de Canalizaciones",1,4,INC,4,22,"2019-02-12 22:06:21","2019-02-12 22:06:21")', '2019-02-12 18:06:22', 4);
INSERT INTO pagos.tr_bitacora (id_bitacora, co_accion, tx_tabla, in_id_tabla, tx_old_valor, tx_new_valor, fe_accion, id_usuario) VALUES (506, 'INS', 'ingreso', 8, NULL, '(8,6,474,2,500000.00,1.13,"2019-02-12 00:00:00","venta de divisas solicitada por INC",4,2,"2019-02-12 22:07:59","2019-02-12 22:07:59",8)', '2019-02-12 18:07:59', 4);
INSERT INTO pagos.tr_bitacora (id_bitacora, co_accion, tx_tabla, in_id_tabla, tx_old_valor, tx_new_valor, fe_accion, id_usuario) VALUES (507, 'UPD', 'cuenta', 2, '(2,2,,9353327.00,0.00,,"venta de divisas de CVM a bandes",4,2,"2019-01-25 15:33:00","2019-02-12 18:04:28")', '(2,2,,9353327.00,0.00,,"venta de divisas solicitada por INC",4,2,"2019-01-25 15:33:00","2019-02-12 18:07:59")', '2019-02-12 18:07:59', 4);
INSERT INTO pagos.tr_bitacora (id_bitacora, co_accion, tx_tabla, in_id_tabla, tx_old_valor, tx_new_valor, fe_accion, id_usuario) VALUES (539, 'UPD', 'cuenta', 2, '(2,2,,-8146760.50,0.00,,,6,31,"2019-01-25 15:33:00","2019-02-13 12:34:43")', '(2,2,,-9747748.00,0.00,,,6,31,"2019-01-25 15:33:00","2019-02-13 12:35:01")', '2019-02-13 12:35:01', 6);
INSERT INTO pagos.tr_bitacora (id_bitacora, co_accion, tx_tabla, in_id_tabla, tx_old_valor, tx_new_valor, fe_accion, id_usuario) VALUES (508, 'UPD', 'usuario', 4, '(4,dduran,$2y$10$FfrmFiUOtGSJgFNHAqAvR.9tK4jNkzhmQ.JVWot6aYyEKYp4mqVFG,24557629,DAIMAR,DURAN,,22,"2018-10-19 18:45:47","2019-01-25 18:08:35",v4JHytsHIuEAqoL6gXz6EqbkozSBv8RverxCn6fddizEOjwFE9n75LDKkz8O,)', '(4,dduran,$2y$10$FfrmFiUOtGSJgFNHAqAvR.9tK4jNkzhmQ.JVWot6aYyEKYp4mqVFG,24557629,DAIMAR,DURAN,,22,"2018-10-19 18:45:47","2019-01-25 18:08:35",xYKnrgDotPlfVdwVRLCvQV5q3NZVTpDrjDjh2VZzBDnlcv9nPlOGQvTF1ffA,)', '2019-02-12 18:49:50', 4);
INSERT INTO pagos.tr_bitacora (id_bitacora, co_accion, tx_tabla, in_id_tabla, tx_old_valor, tx_new_valor, fe_accion, id_usuario) VALUES (509, 'INS', 'instruccion', 5, NULL, '(5,5,,1,18001724,003-19,t,"2019-01-07 00:00:00",16050000.00,2,,4,1,"2019-02-12 22:51:08","2019-02-12 22:51:08")', '2019-02-12 18:51:08', 4);
INSERT INTO pagos.tr_bitacora (id_bitacora, co_accion, tx_tabla, in_id_tabla, tx_old_valor, tx_new_valor, fe_accion, id_usuario) VALUES (510, 'UPD', 'cuenta', 2, '(2,2,,9353327.00,0.00,,"venta de divisas solicitada por INC",4,2,"2019-01-25 15:33:00","2019-02-12 18:07:59")', '(2,2,,25403327.00,0.00,,,4,1,"2019-01-25 15:33:00","2019-02-12 18:51:08")', '2019-02-12 18:51:08', 4);
INSERT INTO pagos.tr_bitacora (id_bitacora, co_accion, tx_tabla, in_id_tabla, tx_old_valor, tx_new_valor, fe_accion, id_usuario) VALUES (511, 'UPD', 'usuario', 4, '(4,dduran,$2y$10$FfrmFiUOtGSJgFNHAqAvR.9tK4jNkzhmQ.JVWot6aYyEKYp4mqVFG,24557629,DAIMAR,DURAN,,22,"2018-10-19 18:45:47","2019-01-25 18:08:35",xYKnrgDotPlfVdwVRLCvQV5q3NZVTpDrjDjh2VZzBDnlcv9nPlOGQvTF1ffA,)', '(4,dduran,$2y$10$FfrmFiUOtGSJgFNHAqAvR.9tK4jNkzhmQ.JVWot6aYyEKYp4mqVFG,24557629,DAIMAR,DURAN,,22,"2018-10-19 18:45:47","2019-01-25 18:08:35",ZxenVn5mAd1N1xzOsdFt9cNr7Xe2dYtqcfObRDnz7Y6sKuPOt4FXDtjF5YzK,)', '2019-02-12 18:51:46', 4);
INSERT INTO pagos.tr_bitacora (id_bitacora, co_accion, tx_tabla, in_id_tabla, tx_old_valor, tx_new_valor, fe_accion, id_usuario) VALUES (512, 'INS', 'banco', 27, NULL, '(27,"UNICREDIT BANK AG",2,,6,22,"2019-02-13 15:08:42","2019-02-13 15:08:42",3,HYVEDEMMXXX)', '2019-02-13 11:08:43', 6);
INSERT INTO pagos.tr_bitacora (id_bitacora, co_accion, tx_tabla, in_id_tabla, tx_old_valor, tx_new_valor, fe_accion, id_usuario) VALUES (513, 'UPD', 'usuario', 6, '(6,jgarcia,$2y$10$2gbtRvJOxNuvy0nAfFVCiObpomdO06hBtJvRIH.YBgoZELYUTINUu,22558788,Josmary,García,,22,"2019-01-25 18:07:13","2019-01-25 18:07:13",Olg44EMTuqk3LqkbgsTZmkTCV3D8aoYWQ76b2dlaYWLO0Gq6w8FJgk3D0Z0m,)', '(6,jgarcia,$2y$10$2gbtRvJOxNuvy0nAfFVCiObpomdO06hBtJvRIH.YBgoZELYUTINUu,22558788,Josmary,García,,22,"2019-01-25 18:07:13","2019-01-25 18:07:13",lf5p3sT0D3n0nAVJADJJdDvZweaw8QiQpqkutjUpPBPvnakL1MCYb8W7LKiR,)', '2019-02-13 11:35:09', 6);
INSERT INTO pagos.tr_bitacora (id_bitacora, co_accion, tx_tabla, in_id_tabla, tx_old_valor, tx_new_valor, fe_accion, id_usuario) VALUES (514, 'INS', 'ejecucion_pago', 5, NULL, '(5,4,27,"2019-01-09 00:00:00",3,"Des 178 0786 BCV",6,31,"2019-02-13 16:01:36","2019-02-13 16:01:36")', '2019-02-13 12:01:36', 6);
INSERT INTO pagos.tr_bitacora (id_bitacora, co_accion, tx_tabla, in_id_tabla, tx_old_valor, tx_new_valor, fe_accion, id_usuario) VALUES (515, 'UPD', 'cuenta', 2, '(2,2,,25403327.00,0.00,,,4,1,"2019-01-25 15:33:00","2019-02-12 18:51:08")', '(2,2,,21344327.00,0.00,,"Des 178 0786 BCV",6,31,"2019-01-25 15:33:00","2019-02-13 12:01:36")', '2019-02-13 12:01:36', 6);
INSERT INTO pagos.tr_bitacora (id_bitacora, co_accion, tx_tabla, in_id_tabla, tx_old_valor, tx_new_valor, fe_accion, id_usuario) VALUES (516, 'UPD', 'pago', 4, '(4,2,"2019-01-04 00:00:00",8,"2019-01-07 00:00:00",2,1.00,4059000.00,2,,1,29,"2019-01-29 13:50:22","2019-01-29 09:53:04",208)', '(4,2,"2019-01-04 00:00:00",8,"2019-01-07 00:00:00",2,1.00,4059000.00,2,"Des 178 0786 BCV",1,31,"2019-01-29 13:50:22","2019-02-13 12:01:36",208)', '2019-02-13 12:01:36', 1);
INSERT INTO pagos.tr_bitacora (id_bitacora, co_accion, tx_tabla, in_id_tabla, tx_old_valor, tx_new_valor, fe_accion, id_usuario) VALUES (517, 'INS', 'banco', 28, NULL, '(28,"BANCA CARIGE SPA",2,,6,22,"2019-02-13 16:11:07","2019-02-13 16:11:07",2,CRGEITGGXXX)', '2019-02-13 12:11:08', 6);
INSERT INTO pagos.tr_bitacora (id_bitacora, co_accion, tx_tabla, in_id_tabla, tx_old_valor, tx_new_valor, fe_accion, id_usuario) VALUES (518, 'UPD', 'banco', 28, '(28,"BANCA CARIGE SPA",2,,6,22,"2019-02-13 16:11:07","2019-02-13 16:11:07",2,CRGEITGGXXX)', '(28,"BANCA CARIGE SPA",2,,6,22,"2019-02-13 16:11:07","2019-02-13 16:13:41",1,CRGEITGGXXX)', '2019-02-13 12:13:42', 6);
INSERT INTO pagos.tr_bitacora (id_bitacora, co_accion, tx_tabla, in_id_tabla, tx_old_valor, tx_new_valor, fe_accion, id_usuario) VALUES (519, 'INS', 'pago', 5, NULL, '(5,4,"2019-02-07 00:00:00",28,"2019-01-07 00:00:00",1,1.15,11838461.54,2,,6,10,"2019-02-13 16:17:44","2019-02-13 16:17:44",97)', '2019-02-13 12:17:45', 6);
INSERT INTO pagos.tr_bitacora (id_bitacora, co_accion, tx_tabla, in_id_tabla, tx_old_valor, tx_new_valor, fe_accion, id_usuario) VALUES (520, 'UPD', 'pago', 5, '(5,4,"2019-02-07 00:00:00",28,"2019-01-07 00:00:00",1,1.15,11838461.54,2,,6,10,"2019-02-13 16:17:44","2019-02-13 16:17:44",97)', '(5,4,"2019-02-07 00:00:00",28,"2019-01-07 00:00:00",1,1.15,11838461.54,2,,6,10,"2019-02-13 16:17:44","2019-02-13 16:20:19",97)', '2019-02-13 12:20:20', 6);
INSERT INTO pagos.tr_bitacora (id_bitacora, co_accion, tx_tabla, in_id_tabla, tx_old_valor, tx_new_valor, fe_accion, id_usuario) VALUES (521, 'INS', 'pago', 6, NULL, '(6,4,"2019-02-07 00:00:00",28,"2019-01-07 00:00:00",1,1.15,1315384.65,2,,6,10,"2019-02-13 16:21:23","2019-02-13 16:21:23",97)', '2019-02-13 12:21:24', 6);
INSERT INTO pagos.tr_bitacora (id_bitacora, co_accion, tx_tabla, in_id_tabla, tx_old_valor, tx_new_valor, fe_accion, id_usuario) VALUES (522, 'UPD', 'pago', 5, '(5,4,"2019-02-07 00:00:00",28,"2019-01-07 00:00:00",1,1.15,11838461.54,2,,6,10,"2019-02-13 16:17:44","2019-02-13 16:20:19",97)', '(5,4,"2019-02-07 00:00:00",28,"2019-01-07 00:00:00",2,1.00,13573980.00,2,,6,10,"2019-02-13 16:17:44","2019-02-13 16:23:40",97)', '2019-02-13 12:23:41', 6);
INSERT INTO pagos.tr_bitacora (id_bitacora, co_accion, tx_tabla, in_id_tabla, tx_old_valor, tx_new_valor, fe_accion, id_usuario) VALUES (670, 'INS', 'ejecucion_pago', 14, NULL, '(14,17,35,"2019-01-25 00:00:00",3,,6,31,"2019-02-20 14:08:37","2019-02-20 14:08:37")', '2019-02-20 10:08:37', 6);
INSERT INTO pagos.tr_bitacora (id_bitacora, co_accion, tx_tabla, in_id_tabla, tx_old_valor, tx_new_valor, fe_accion, id_usuario) VALUES (523, 'UPD', 'pago', 6, '(6,4,"2019-02-07 00:00:00",28,"2019-01-07 00:00:00",1,1.15,1315384.65,2,,6,10,"2019-02-13 16:21:23","2019-02-13 16:21:23",97)', '(6,4,"2019-02-07 00:00:00",28,"2019-01-07 00:00:00",2,1.00,1508220.00,2,,6,10,"2019-02-13 16:21:23","2019-02-13 16:24:28",97)', '2019-02-13 12:24:28', 6);
INSERT INTO pagos.tr_bitacora (id_bitacora, co_accion, tx_tabla, in_id_tabla, tx_old_valor, tx_new_valor, fe_accion, id_usuario) VALUES (524, 'INS', 'pago', 7, NULL, '(7,5,"2019-01-07 00:00:00",28,"2019-01-07 00:00:00",2,1.00,1600987.50,2,,6,10,"2019-02-13 16:26:22","2019-02-13 16:26:22",97)', '2019-02-13 12:26:23', 6);
INSERT INTO pagos.tr_bitacora (id_bitacora, co_accion, tx_tabla, in_id_tabla, tx_old_valor, tx_new_valor, fe_accion, id_usuario) VALUES (525, 'INS', 'pago', 8, NULL, '(8,5,"2019-01-07 00:00:00",28,"2019-01-07 00:00:00",2,1.00,14408887.50,2,,6,10,"2019-02-13 16:27:21","2019-02-13 16:27:21",97)', '2019-02-13 12:27:22', 6);
INSERT INTO pagos.tr_bitacora (id_bitacora, co_accion, tx_tabla, in_id_tabla, tx_old_valor, tx_new_valor, fe_accion, id_usuario) VALUES (526, 'UPD', 'pago', 7, '(7,5,"2019-01-07 00:00:00",28,"2019-01-07 00:00:00",2,1.00,1600987.50,2,,6,10,"2019-02-13 16:26:22","2019-02-13 16:26:22",97)', '(7,5,"2019-01-07 00:00:00",28,"2019-01-07 00:00:00",2,1.00,1600987.50,2,,6,10,"2019-02-13 16:26:22","2019-02-13 16:29:16",97)', '2019-02-13 12:29:16', 6);
INSERT INTO pagos.tr_bitacora (id_bitacora, co_accion, tx_tabla, in_id_tabla, tx_old_valor, tx_new_valor, fe_accion, id_usuario) VALUES (527, 'INS', 'banco', 31, NULL, '(31,"BANCA CARIGE",2,,6,22,"2019-02-13 16:30:42","2019-02-13 16:30:42",3,CRGEITGG)', '2019-02-13 12:30:42', 6);
INSERT INTO pagos.tr_bitacora (id_bitacora, co_accion, tx_tabla, in_id_tabla, tx_old_valor, tx_new_valor, fe_accion, id_usuario) VALUES (528, 'INS', 'ejecucion_pago', 6, NULL, '(6,5,31,"2019-01-08 00:00:00",3,,6,31,"2019-02-13 16:32:14","2019-02-13 16:32:14")', '2019-02-13 12:32:14', 6);
INSERT INTO pagos.tr_bitacora (id_bitacora, co_accion, tx_tabla, in_id_tabla, tx_old_valor, tx_new_valor, fe_accion, id_usuario) VALUES (529, 'UPD', 'cuenta', 2, '(2,2,,21344327.00,0.00,,"Des 178 0786 BCV",6,31,"2019-01-25 15:33:00","2019-02-13 12:01:36")', '(2,2,,7770347.00,0.00,,,6,31,"2019-01-25 15:33:00","2019-02-13 12:32:14")', '2019-02-13 12:32:14', 6);
INSERT INTO pagos.tr_bitacora (id_bitacora, co_accion, tx_tabla, in_id_tabla, tx_old_valor, tx_new_valor, fe_accion, id_usuario) VALUES (530, 'UPD', 'pago', 5, '(5,4,"2019-02-07 00:00:00",28,"2019-01-07 00:00:00",2,1.00,13573980.00,2,,6,10,"2019-02-13 16:17:44","2019-02-13 16:23:40",97)', '(5,4,"2019-02-07 00:00:00",28,"2019-01-07 00:00:00",2,1.00,13573980.00,2,,6,31,"2019-02-13 16:17:44","2019-02-13 12:32:14",97)', '2019-02-13 12:32:14', 6);
INSERT INTO pagos.tr_bitacora (id_bitacora, co_accion, tx_tabla, in_id_tabla, tx_old_valor, tx_new_valor, fe_accion, id_usuario) VALUES (531, 'UPD', 'pago', 5, '(5,4,"2019-02-07 00:00:00",28,"2019-01-07 00:00:00",2,1.00,13573980.00,2,,6,31,"2019-02-13 16:17:44","2019-02-13 12:32:14",97)', '(5,4,"2019-02-07 00:00:00",28,"2019-01-07 00:00:00",2,1.00,13573980.00,2,,6,10,"2019-02-13 16:17:44","2019-02-13 16:32:27",97)', '2019-02-13 12:32:27', 6);
INSERT INTO pagos.tr_bitacora (id_bitacora, co_accion, tx_tabla, in_id_tabla, tx_old_valor, tx_new_valor, fe_accion, id_usuario) VALUES (532, 'INS', 'ejecucion_pago', 7, NULL, '(7,6,31,"2019-01-08 00:00:00",3,,6,31,"2019-02-13 16:33:12","2019-02-13 16:33:12")', '2019-02-13 12:33:12', 6);
INSERT INTO pagos.tr_bitacora (id_bitacora, co_accion, tx_tabla, in_id_tabla, tx_old_valor, tx_new_valor, fe_accion, id_usuario) VALUES (533, 'UPD', 'cuenta', 2, '(2,2,,7770347.00,0.00,,,6,31,"2019-01-25 15:33:00","2019-02-13 12:32:14")', '(2,2,,6262127.00,0.00,,,6,31,"2019-01-25 15:33:00","2019-02-13 12:33:12")', '2019-02-13 12:33:12', 6);
INSERT INTO pagos.tr_bitacora (id_bitacora, co_accion, tx_tabla, in_id_tabla, tx_old_valor, tx_new_valor, fe_accion, id_usuario) VALUES (534, 'UPD', 'pago', 6, '(6,4,"2019-02-07 00:00:00",28,"2019-01-07 00:00:00",2,1.00,1508220.00,2,,6,10,"2019-02-13 16:21:23","2019-02-13 16:24:28",97)', '(6,4,"2019-02-07 00:00:00",28,"2019-01-07 00:00:00",2,1.00,1508220.00,2,,6,31,"2019-02-13 16:21:23","2019-02-13 12:33:12",97)', '2019-02-13 12:33:12', 6);
INSERT INTO pagos.tr_bitacora (id_bitacora, co_accion, tx_tabla, in_id_tabla, tx_old_valor, tx_new_valor, fe_accion, id_usuario) VALUES (535, 'INS', 'ejecucion_pago', 8, NULL, '(8,8,31,"2019-01-08 00:00:00",3,,6,31,"2019-02-13 16:34:43","2019-02-13 16:34:43")', '2019-02-13 12:34:43', 6);
INSERT INTO pagos.tr_bitacora (id_bitacora, co_accion, tx_tabla, in_id_tabla, tx_old_valor, tx_new_valor, fe_accion, id_usuario) VALUES (536, 'UPD', 'cuenta', 2, '(2,2,,6262127.00,0.00,,,6,31,"2019-01-25 15:33:00","2019-02-13 12:33:12")', '(2,2,,-8146760.50,0.00,,,6,31,"2019-01-25 15:33:00","2019-02-13 12:34:43")', '2019-02-13 12:34:43', 6);
INSERT INTO pagos.tr_bitacora (id_bitacora, co_accion, tx_tabla, in_id_tabla, tx_old_valor, tx_new_valor, fe_accion, id_usuario) VALUES (537, 'UPD', 'pago', 8, '(8,5,"2019-01-07 00:00:00",28,"2019-01-07 00:00:00",2,1.00,14408887.50,2,,6,10,"2019-02-13 16:27:21","2019-02-13 16:27:21",97)', '(8,5,"2019-01-07 00:00:00",28,"2019-01-07 00:00:00",2,1.00,14408887.50,2,,6,31,"2019-02-13 16:27:21","2019-02-13 12:34:43",97)', '2019-02-13 12:34:43', 6);
INSERT INTO pagos.tr_bitacora (id_bitacora, co_accion, tx_tabla, in_id_tabla, tx_old_valor, tx_new_valor, fe_accion, id_usuario) VALUES (538, 'INS', 'ejecucion_pago', 9, NULL, '(9,7,31,"2019-01-08 00:00:00",3,,6,31,"2019-02-13 16:35:01","2019-02-13 16:35:01")', '2019-02-13 12:35:01', 6);
INSERT INTO pagos.tr_bitacora (id_bitacora, co_accion, tx_tabla, in_id_tabla, tx_old_valor, tx_new_valor, fe_accion, id_usuario) VALUES (540, 'UPD', 'pago', 7, '(7,5,"2019-01-07 00:00:00",28,"2019-01-07 00:00:00",2,1.00,1600987.50,2,,6,10,"2019-02-13 16:26:22","2019-02-13 16:29:16",97)', '(7,5,"2019-01-07 00:00:00",28,"2019-01-07 00:00:00",2,1.00,1600987.50,2,,6,31,"2019-02-13 16:26:22","2019-02-13 12:35:01",97)', '2019-02-13 12:35:01', 6);
INSERT INTO pagos.tr_bitacora (id_bitacora, co_accion, tx_tabla, in_id_tabla, tx_old_valor, tx_new_valor, fe_accion, id_usuario) VALUES (541, 'UPD', 'usuario', 6, '(6,jgarcia,$2y$10$2gbtRvJOxNuvy0nAfFVCiObpomdO06hBtJvRIH.YBgoZELYUTINUu,22558788,Josmary,García,,22,"2019-01-25 18:07:13","2019-01-25 18:07:13",lf5p3sT0D3n0nAVJADJJdDvZweaw8QiQpqkutjUpPBPvnakL1MCYb8W7LKiR,)', '(6,jgarcia,$2y$10$2gbtRvJOxNuvy0nAfFVCiObpomdO06hBtJvRIH.YBgoZELYUTINUu,22558788,Josmary,García,,22,"2019-01-25 18:07:13","2019-01-25 18:07:13",3Uw6L3lV0CGvCRguqyiVfIn8Th6TM7T6yYlGrBBbudYbgrwrYwkKe6iD800P,)', '2019-02-13 12:36:47', 6);
INSERT INTO pagos.tr_bitacora (id_bitacora, co_accion, tx_tabla, in_id_tabla, tx_old_valor, tx_new_valor, fe_accion, id_usuario) VALUES (542, 'UPD', 'usuario', 6, '(6,jgarcia,$2y$10$2gbtRvJOxNuvy0nAfFVCiObpomdO06hBtJvRIH.YBgoZELYUTINUu,22558788,Josmary,García,,22,"2019-01-25 18:07:13","2019-01-25 18:07:13",3Uw6L3lV0CGvCRguqyiVfIn8Th6TM7T6yYlGrBBbudYbgrwrYwkKe6iD800P,)', '(6,jgarcia,$2y$10$2gbtRvJOxNuvy0nAfFVCiObpomdO06hBtJvRIH.YBgoZELYUTINUu,22558788,Josmary,García,,22,"2019-01-25 18:07:13","2019-01-25 18:07:13",3qBLr6ddbWnfRFCc9gH1D01GWA1f5vt9yZGNPJ0U7nWiFGHFZc62nIp150Xf,)', '2019-02-13 12:37:42', 6);
INSERT INTO pagos.tr_bitacora (id_bitacora, co_accion, tx_tabla, in_id_tabla, tx_old_valor, tx_new_valor, fe_accion, id_usuario) VALUES (543, 'UPD', 'ente', 472, '(472,CORPOVEX,4,6,,1,22,"2019-01-25 23:06:05","2019-01-25 23:06:05")', '(472,CORPOVEX,1,5,,4,22,"2019-01-25 23:06:05","2019-02-13 18:43:41")', '2019-02-13 14:43:41', 4);
INSERT INTO pagos.tr_bitacora (id_bitacora, co_accion, tx_tabla, in_id_tabla, tx_old_valor, tx_new_valor, fe_accion, id_usuario) VALUES (544, 'UPD', 'ente', 471, '(471,"Banco Central de Venezuela",4,6,"Gastos propios por funcionamiento del Banco Central de Venezuela",1,22,"2019-01-25 22:35:14","2019-01-25 22:35:14")', '(471,"Banco Central de Venezuela",1,5,"Gastos propios por funcionamiento del Banco Central de Venezuela",4,22,"2019-01-25 22:35:14","2019-02-13 18:45:04")', '2019-02-13 14:45:05', 4);
INSERT INTO pagos.tr_bitacora (id_bitacora, co_accion, tx_tabla, in_id_tabla, tx_old_valor, tx_new_valor, fe_accion, id_usuario) VALUES (545, 'INS', 'solicitud', 6, NULL, '(6,18002034,Alimentos,16014072.08,"2019-01-07 00:00:00",472,1,1,,4,4,"2019-02-13 18:46:09","2019-02-13 18:46:09")', '2019-02-13 14:46:09', 4);
INSERT INTO pagos.tr_bitacora (id_bitacora, co_accion, tx_tabla, in_id_tabla, tx_old_valor, tx_new_valor, fe_accion, id_usuario) VALUES (546, 'INS', 'pago', 9, NULL, '(9,3,"2019-01-07 00:00:00",8,"2019-01-10 00:00:00",1,1.14,539160.00,1,,4,10,"2019-02-13 18:49:17","2019-02-13 18:49:17",139)', '2019-02-13 14:49:17', 4);
INSERT INTO pagos.tr_bitacora (id_bitacora, co_accion, tx_tabla, in_id_tabla, tx_old_valor, tx_new_valor, fe_accion, id_usuario) VALUES (547, 'INS', 'ingreso', 9, NULL, '(9,5,1,1,20000000.00,1.00,"2019-02-13 00:00:00",,4,2,"2019-02-13 18:52:02","2019-02-13 18:52:02",8)', '2019-02-13 14:52:03', 4);
INSERT INTO pagos.tr_bitacora (id_bitacora, co_accion, tx_tabla, in_id_tabla, tx_old_valor, tx_new_valor, fe_accion, id_usuario) VALUES (548, 'UPD', 'ingreso', 6, '(6,5,5,2,80000000.00,1.14,"2019-01-31 00:00:00","venta de divisas de PDVSA",4,2,"2019-02-12 21:50:31","2019-02-12 21:50:31",8)', '(6,5,5,2,80000000.00,1.14,"2019-01-31 00:00:00","venta de divisas de PDVSA",4,1,"2019-02-12 21:50:31","2019-02-13 18:53:37",8)', '2019-02-13 14:53:38', 4);
INSERT INTO pagos.tr_bitacora (id_bitacora, co_accion, tx_tabla, in_id_tabla, tx_old_valor, tx_new_valor, fe_accion, id_usuario) VALUES (549, 'UPD', 'cuenta', 2, '(2,2,,-9747748.00,0.00,,,6,31,"2019-01-25 15:33:00","2019-02-13 12:35:01")', '(2,2,,-9747748.00,0.00,,"venta de divisas de PDVSA",4,1,"2019-01-25 15:33:00","2019-02-13 14:53:38")', '2019-02-13 14:53:38', 4);
INSERT INTO pagos.tr_bitacora (id_bitacora, co_accion, tx_tabla, in_id_tabla, tx_old_valor, tx_new_valor, fe_accion, id_usuario) VALUES (550, 'UPD', 'usuario', 4, '(4,dduran,$2y$10$FfrmFiUOtGSJgFNHAqAvR.9tK4jNkzhmQ.JVWot6aYyEKYp4mqVFG,24557629,DAIMAR,DURAN,,22,"2018-10-19 18:45:47","2019-01-25 18:08:35",ZxenVn5mAd1N1xzOsdFt9cNr7Xe2dYtqcfObRDnz7Y6sKuPOt4FXDtjF5YzK,)', '(4,dduran,$2y$10$FfrmFiUOtGSJgFNHAqAvR.9tK4jNkzhmQ.JVWot6aYyEKYp4mqVFG,24557629,DAIMAR,DURAN,,22,"2018-10-19 18:45:47","2019-01-25 18:08:35",mK2k1OCWm7REVf4lYqsNZeZ3hJncLbAo891uV27lY2IQE9QL7sfCBGdjplEr,)', '2019-02-13 14:54:56', 4);
INSERT INTO pagos.tr_bitacora (id_bitacora, co_accion, tx_tabla, in_id_tabla, tx_old_valor, tx_new_valor, fe_accion, id_usuario) VALUES (551, 'INS', 'pago', 10, NULL, '(10,4,"2019-02-07 00:00:00",8,"2019-02-13 00:00:00",1,1.00,378000.00,2,,4,10,"2019-02-13 18:56:17","2019-02-13 18:56:17",22)', '2019-02-13 14:56:18', 4);
INSERT INTO pagos.tr_bitacora (id_bitacora, co_accion, tx_tabla, in_id_tabla, tx_old_valor, tx_new_valor, fe_accion, id_usuario) VALUES (552, 'UPD', 'usuario', 4, '(4,dduran,$2y$10$FfrmFiUOtGSJgFNHAqAvR.9tK4jNkzhmQ.JVWot6aYyEKYp4mqVFG,24557629,DAIMAR,DURAN,,22,"2018-10-19 18:45:47","2019-01-25 18:08:35",mK2k1OCWm7REVf4lYqsNZeZ3hJncLbAo891uV27lY2IQE9QL7sfCBGdjplEr,)', '(4,dduran,$2y$10$FfrmFiUOtGSJgFNHAqAvR.9tK4jNkzhmQ.JVWot6aYyEKYp4mqVFG,24557629,DAIMAR,DURAN,,22,"2018-10-19 18:45:47","2019-01-25 18:08:35",BlToCYMnJOYmTU6tM1bg2IEQRW6b4Eh0uBz65c2vlczamBfgAOebwagRwBuR,)', '2019-02-13 15:07:30', 4);
INSERT INTO pagos.tr_bitacora (id_bitacora, co_accion, tx_tabla, in_id_tabla, tx_old_valor, tx_new_valor, fe_accion, id_usuario) VALUES (751, 'INS', 'pago', 32, NULL, '(32,13,"2019-01-07 00:00:00",34,"2019-01-08 00:00:00",1,1.1466,4335640.00,2,"FONDE DPE-00088-2019 Anulado",6,27,"2019-02-21 14:23:45","2019-02-21 14:23:45",445)', '2019-02-21 10:23:45', 6);
INSERT INTO pagos.tr_bitacora (id_bitacora, co_accion, tx_tabla, in_id_tabla, tx_old_valor, tx_new_valor, fe_accion, id_usuario) VALUES (553, 'UPD', 'usuario', 6, '(6,jgarcia,$2y$10$2gbtRvJOxNuvy0nAfFVCiObpomdO06hBtJvRIH.YBgoZELYUTINUu,22558788,Josmary,García,,22,"2019-01-25 18:07:13","2019-01-25 18:07:13",3qBLr6ddbWnfRFCc9gH1D01GWA1f5vt9yZGNPJ0U7nWiFGHFZc62nIp150Xf,)', '(6,jgarcia,$2y$10$2gbtRvJOxNuvy0nAfFVCiObpomdO06hBtJvRIH.YBgoZELYUTINUu,22558788,Josmary,García,,22,"2019-01-25 18:07:13","2019-01-25 18:07:13",bjhixqzT6CAOTcPviWpB7VzXwPQ8oSmZB8vyhxWtMgkX3Bz9dNanbNkEbVMR,)', '2019-02-13 15:07:41', 6);
INSERT INTO pagos.tr_bitacora (id_bitacora, co_accion, tx_tabla, in_id_tabla, tx_old_valor, tx_new_valor, fe_accion, id_usuario) VALUES (554, 'INS', 'usuario', 7, NULL, '(7,xleon,$2y$10$LmTfUoufjThlL/nAeyeq3uvTP5FeIx6q7wEmKIPTTlotU3cBQ/Cc.,12345678,Xabier,Leon,,22,"2019-02-13 19:09:00","2019-02-13 19:09:00",,)', '2019-02-13 15:09:01', 7);
INSERT INTO pagos.tr_bitacora (id_bitacora, co_accion, tx_tabla, in_id_tabla, tx_old_valor, tx_new_valor, fe_accion, id_usuario) VALUES (555, 'INS', 'usuario_rol', 12, NULL, '(12,7,3,,N/A,1,22,"2019-02-13 19:09:00","2019-02-13 19:09:00")', '2019-02-13 15:09:01', 1);
INSERT INTO pagos.tr_bitacora (id_bitacora, co_accion, tx_tabla, in_id_tabla, tx_old_valor, tx_new_valor, fe_accion, id_usuario) VALUES (556, 'UPD', 'usuario', 1, '(1,admin,$2y$10$6Qs4V0VTicMSgbL8crvEgef.TL5aOEDmuI/NkCrmOgADWwTlxSi66,12345678,Admin,admin,,22,"2018-06-27 00:00:00","2018-07-31 04:28:23",Eykb0UnMoeJcqPpqVKtqBeIfmtVWUG4vD8TWSBDnGxK00AOfSNzKRJPbUI8J,admin@bandes.gob.ve)', '(1,admin,$2y$10$6Qs4V0VTicMSgbL8crvEgef.TL5aOEDmuI/NkCrmOgADWwTlxSi66,12345678,Admin,admin,,22,"2018-06-27 00:00:00","2018-07-31 04:28:23",OJ9HNnbrvAHNyDcaEtSvPw9037Up7nkQKRm2CGHKqd7t4TZI8TPHBUKPgXyZ,admin@bandes.gob.ve)', '2019-02-13 15:09:34', 1);
INSERT INTO pagos.tr_bitacora (id_bitacora, co_accion, tx_tabla, in_id_tabla, tx_old_valor, tx_new_valor, fe_accion, id_usuario) VALUES (557, 'UPD', 'usuario', 7, '(7,xleon,$2y$10$LmTfUoufjThlL/nAeyeq3uvTP5FeIx6q7wEmKIPTTlotU3cBQ/Cc.,12345678,Xabier,Leon,,22,"2019-02-13 19:09:00","2019-02-13 19:09:00",,)', '(7,xleon,$2y$10$LmTfUoufjThlL/nAeyeq3uvTP5FeIx6q7wEmKIPTTlotU3cBQ/Cc.,12345678,Xabier,Leon,,22,"2019-02-13 19:09:00","2019-02-13 19:09:00",uNCMrplwjfiW6YxeAdoRcLbualDqVrehe0pfDcFvde1yosk5XZmKcCVnqACS,)', '2019-02-13 15:09:48', 7);
INSERT INTO pagos.tr_bitacora (id_bitacora, co_accion, tx_tabla, in_id_tabla, tx_old_valor, tx_new_valor, fe_accion, id_usuario) VALUES (558, 'UPD', 'ingreso', 8, '(8,6,474,2,500000.00,1.13,"2019-02-12 00:00:00","venta de divisas solicitada por INC",4,2,"2019-02-12 22:07:59","2019-02-12 22:07:59",8)', '(8,6,474,2,500000.00,1.13,"2019-02-12 00:00:00","venta de divisas solicitada por INC dev",4,2,"2019-02-12 22:07:59","2019-02-12 22:07:59",8)', '2019-02-13 15:58:44', 4);
INSERT INTO pagos.tr_bitacora (id_bitacora, co_accion, tx_tabla, in_id_tabla, tx_old_valor, tx_new_valor, fe_accion, id_usuario) VALUES (559, 'UPD', 'cuenta', 2, '(2,2,,-9747748.00,0.00,,"venta de divisas de PDVSA",4,1,"2019-01-25 15:33:00","2019-02-13 14:53:38")', '(2,2,,-9747748.00,0.00,,"venta de divisas solicitada por INC dev",4,2,"2019-01-25 15:33:00","2019-02-13 15:58:44")', '2019-02-13 15:58:44', 4);
INSERT INTO pagos.tr_bitacora (id_bitacora, co_accion, tx_tabla, in_id_tabla, tx_old_valor, tx_new_valor, fe_accion, id_usuario) VALUES (560, 'UPD', 'ingreso', 6, '(6,5,5,2,80000000.00,1.14,"2019-01-31 00:00:00","venta de divisas de PDVSA",4,1,"2019-02-12 21:50:31","2019-02-13 18:53:37",8)', '(6,5,5,2,80000000.00,1.14,"2019-01-31 00:00:00","venta de divisas de PDVSA",4,2,"2019-02-12 21:50:31","2019-02-13 18:53:37",8)', '2019-02-13 15:59:10', 4);
INSERT INTO pagos.tr_bitacora (id_bitacora, co_accion, tx_tabla, in_id_tabla, tx_old_valor, tx_new_valor, fe_accion, id_usuario) VALUES (561, 'UPD', 'cuenta', 2, '(2,2,,-9747748.00,0.00,,"venta de divisas solicitada por INC dev",4,2,"2019-01-25 15:33:00","2019-02-13 15:58:44")', '(2,2,,-9747748.00,0.00,,"venta de divisas de PDVSA",4,2,"2019-01-25 15:33:00","2019-02-13 15:59:10")', '2019-02-13 15:59:10', 4);
INSERT INTO pagos.tr_bitacora (id_bitacora, co_accion, tx_tabla, in_id_tabla, tx_old_valor, tx_new_valor, fe_accion, id_usuario) VALUES (562, 'UPD', 'ingreso', 6, '(6,5,5,2,80000000.00,1.14,"2019-01-31 00:00:00","venta de divisas de PDVSA",4,2,"2019-02-12 21:50:31","2019-02-13 18:53:37",8)', '(6,5,5,2,80000000.00,1.14,"2019-01-31 00:00:00","venta de divisas de PDVSA",1,1,"2019-02-12 21:50:31","2019-02-13 20:02:35",8)', '2019-02-13 16:02:36', 1);
INSERT INTO pagos.tr_bitacora (id_bitacora, co_accion, tx_tabla, in_id_tabla, tx_old_valor, tx_new_valor, fe_accion, id_usuario) VALUES (563, 'UPD', 'cuenta', 2, '(2,2,,-9747748.00,0.00,,"venta de divisas de PDVSA",4,2,"2019-01-25 15:33:00","2019-02-13 15:59:10")', '(2,2,,-9747748.00,0.00,,"venta de divisas de PDVSA",1,1,"2019-01-25 15:33:00","2019-02-13 16:02:36")', '2019-02-13 16:02:36', 1);
INSERT INTO pagos.tr_bitacora (id_bitacora, co_accion, tx_tabla, in_id_tabla, tx_old_valor, tx_new_valor, fe_accion, id_usuario) VALUES (564, 'UPD', 'ingreso', 6, '(6,5,5,2,80000000.00,1.14,"2019-01-31 00:00:00","venta de divisas de PDVSA",1,1,"2019-02-12 21:50:31","2019-02-13 20:02:35",8)', '(6,5,5,2,80000000.00,1.14,"2019-01-31 00:00:00","venta de divisas de PDVSA",1,2,"2019-02-12 21:50:31","2019-02-13 20:02:35",8)', '2019-02-13 17:47:11', 1);
INSERT INTO pagos.tr_bitacora (id_bitacora, co_accion, tx_tabla, in_id_tabla, tx_old_valor, tx_new_valor, fe_accion, id_usuario) VALUES (565, 'UPD', 'cuenta', 2, '(2,2,,-9747748.00,0.00,,"venta de divisas de PDVSA",1,1,"2019-01-25 15:33:00","2019-02-13 16:02:36")', '(2,2,,-9747748.00,0.00,,"venta de divisas de PDVSA",1,2,"2019-01-25 15:33:00","2019-02-13 17:47:11")', '2019-02-13 17:47:11', 1);
INSERT INTO pagos.tr_bitacora (id_bitacora, co_accion, tx_tabla, in_id_tabla, tx_old_valor, tx_new_valor, fe_accion, id_usuario) VALUES (566, 'UPD', 'cuenta', 2, '(2,2,,-9747748.00,0.00,,"venta de divisas de PDVSA",1,2,"2019-01-25 15:33:00","2019-02-13 17:47:11")', '(2,2,0.00,-9747748.00,0.00,0.00,"venta de divisas de PDVSA",1,2,"2019-01-25 15:33:00","2019-02-13 17:47:11")', '2019-02-13 17:54:08', 1);
INSERT INTO pagos.tr_bitacora (id_bitacora, co_accion, tx_tabla, in_id_tabla, tx_old_valor, tx_new_valor, fe_accion, id_usuario) VALUES (567, 'UPD', 'ingreso', 6, '(6,5,5,2,80000000.00,1.14,"2019-01-31 00:00:00","venta de divisas de PDVSA",1,2,"2019-02-12 21:50:31","2019-02-13 20:02:35",8)', '(6,5,5,2,80000000.00,1.14,"2019-01-31 00:00:00","venta de divisas de PDVSA",1,1,"2019-02-12 21:50:31","2019-02-13 22:00:17",8)', '2019-02-13 18:00:18', 1);
INSERT INTO pagos.tr_bitacora (id_bitacora, co_accion, tx_tabla, in_id_tabla, tx_old_valor, tx_new_valor, fe_accion, id_usuario) VALUES (568, 'UPD', 'cuenta', 2, '(2,2,0.00,-9747748.00,0.00,0.00,"venta de divisas de PDVSA",1,2,"2019-01-25 15:33:00","2019-02-13 17:47:11")', '(2,2,80000000.00,-9747748.00,0.00,80000000.00,"venta de divisas de PDVSA",1,1,"2019-01-25 15:33:00","2019-02-13 18:00:18")', '2019-02-13 18:00:18', 1);
INSERT INTO pagos.tr_bitacora (id_bitacora, co_accion, tx_tabla, in_id_tabla, tx_old_valor, tx_new_valor, fe_accion, id_usuario) VALUES (569, 'INS', 'pago', 11, NULL, '(11,2,"2019-01-07 00:00:00",8,"2019-02-06 00:00:00",1,12.4510,100.00,2,,1,10,"2019-02-13 22:30:05","2019-02-13 22:30:05",22)', '2019-02-13 18:30:06', 1);
INSERT INTO pagos.tr_bitacora (id_bitacora, co_accion, tx_tabla, in_id_tabla, tx_old_valor, tx_new_valor, fe_accion, id_usuario) VALUES (570, 'UPD', 'pago', 5, '(5,4,"2019-02-07 00:00:00",28,"2019-01-07 00:00:00",2,1.0000,13573980.00,2,,6,10,"2019-02-13 16:17:44","2019-02-13 16:32:27",97)', '(5,4,"2019-02-07 00:00:00",28,"2019-01-07 00:00:00",2,1.0000,13573980.00,2,,6,31,"2019-02-13 16:17:44","2019-02-13 16:32:27",97)', '2019-02-13 18:33:52', 6);
INSERT INTO pagos.tr_bitacora (id_bitacora, co_accion, tx_tabla, in_id_tabla, tx_old_valor, tx_new_valor, fe_accion, id_usuario) VALUES (571, 'UPD', 'ingreso', 7, '(7,6,473,2,131417.56,1.1400,"2019-01-30 00:00:00","venta de divisas de CVM a bandes",4,2,"2019-02-12 22:04:27","2019-02-12 22:04:27",8)', '(7,6,473,2,131417.56,1.1400,"2019-01-30 00:00:00","venta de divisas de CVM a bandes",1,1,"2019-02-12 22:04:27","2019-02-13 22:41:45",8)', '2019-02-13 18:41:46', 1);
INSERT INTO pagos.tr_bitacora (id_bitacora, co_accion, tx_tabla, in_id_tabla, tx_old_valor, tx_new_valor, fe_accion, id_usuario) VALUES (572, 'UPD', 'cuenta', 2, '(2,2,80000000.00,-9747748.00,0.00,80000000.00,"venta de divisas de PDVSA",1,1,"2019-01-25 15:33:00","2019-02-13 18:00:18")', '(2,2,80131417.56,-9747748.00,0.00,80131417.56,"venta de divisas de CVM a bandes",1,1,"2019-01-25 15:33:00","2019-02-13 18:41:46")', '2019-02-13 18:41:46', 1);
INSERT INTO pagos.tr_bitacora (id_bitacora, co_accion, tx_tabla, in_id_tabla, tx_old_valor, tx_new_valor, fe_accion, id_usuario) VALUES (573, 'UPD', 'ingreso', 7, '(7,6,473,2,131417.56,1.1400,"2019-01-30 00:00:00","venta de divisas de CVM a bandes",1,1,"2019-02-12 22:04:27","2019-02-13 22:41:45",8)', '(7,6,473,2,131417.56,1.1400,"2019-01-30 00:00:00","venta de divisas de CVM a bandes",1,2,"2019-02-12 22:04:27","2019-02-13 22:43:25",8)', '2019-02-13 18:43:26', 1);
INSERT INTO pagos.tr_bitacora (id_bitacora, co_accion, tx_tabla, in_id_tabla, tx_old_valor, tx_new_valor, fe_accion, id_usuario) VALUES (574, 'UPD', 'cuenta', 2, '(2,2,80131417.56,-9747748.00,0.00,80131417.56,"venta de divisas de CVM a bandes",1,1,"2019-01-25 15:33:00","2019-02-13 18:41:46")', '(2,2,80000000.00,-9747748.00,0.00,80000000.00,"venta de divisas de CVM a bandes",1,2,"2019-01-25 15:33:00","2019-02-13 18:43:26")', '2019-02-13 18:43:26', 1);
INSERT INTO pagos.tr_bitacora (id_bitacora, co_accion, tx_tabla, in_id_tabla, tx_old_valor, tx_new_valor, fe_accion, id_usuario) VALUES (575, 'INS', 'pago', 12, NULL, '(12,2,"2019-01-07 00:00:00",8,"2019-02-13 00:00:00",1,44.0000,545.00,2,,1,10,"2019-02-13 22:46:42","2019-02-13 22:46:42",22)', '2019-02-13 18:46:43', 1);
INSERT INTO pagos.tr_bitacora (id_bitacora, co_accion, tx_tabla, in_id_tabla, tx_old_valor, tx_new_valor, fe_accion, id_usuario) VALUES (576, 'UPD', 'pago', 12, '(12,2,"2019-01-07 00:00:00",8,"2019-02-13 00:00:00",1,44.0000,545.00,2,,1,10,"2019-02-13 22:46:42","2019-02-13 22:46:42",22)', '(12,2,"2019-01-07 00:00:00",8,"2019-02-13 00:00:00",1,44.0000,545.00,2,,1,10,"2019-02-13 22:46:42","2019-02-13 22:46:55",22)', '2019-02-13 18:46:55', 1);
INSERT INTO pagos.tr_bitacora (id_bitacora, co_accion, tx_tabla, in_id_tabla, tx_old_valor, tx_new_valor, fe_accion, id_usuario) VALUES (577, 'UPD', 'pago', 12, '(12,2,"2019-01-07 00:00:00",8,"2019-02-13 00:00:00",1,44.0000,545.00,2,,1,10,"2019-02-13 22:46:42","2019-02-13 22:46:55",22)', '(12,2,"2019-01-07 00:00:00",8,"2019-02-13 00:00:00",1,44.0000,545.00,2,,1,10,"2019-02-13 22:46:42","2019-02-13 22:48:19",22)', '2019-02-13 18:48:19', 1);
INSERT INTO pagos.tr_bitacora (id_bitacora, co_accion, tx_tabla, in_id_tabla, tx_old_valor, tx_new_valor, fe_accion, id_usuario) VALUES (578, 'UPD', 'pago', 12, '(12,2,"2019-01-07 00:00:00",8,"2019-02-13 00:00:00",1,44.0000,545.00,2,,1,10,"2019-02-13 22:46:42","2019-02-13 22:48:19",22)', '(12,2,"2019-01-07 00:00:00",8,"2019-02-13 00:00:00",1,44.0000,545.00,2,jgtjfj,1,10,"2019-02-13 22:46:42","2019-02-13 22:49:25",22)', '2019-02-13 18:49:25', 1);
INSERT INTO pagos.tr_bitacora (id_bitacora, co_accion, tx_tabla, in_id_tabla, tx_old_valor, tx_new_valor, fe_accion, id_usuario) VALUES (579, 'UPD', 'ejecucion_pago', 9, '(9,7,31,"2019-01-08 00:00:00",3,,6,31,"2019-02-13 16:35:01","2019-02-13 16:35:01")', '(9,7,31,"2019-01-08 00:00:00",3,,1,27,"2019-02-13 16:35:01","2019-02-13 22:50:03")', '2019-02-13 18:50:03', 1);
INSERT INTO pagos.tr_bitacora (id_bitacora, co_accion, tx_tabla, in_id_tabla, tx_old_valor, tx_new_valor, fe_accion, id_usuario) VALUES (580, 'UPD', 'pago', 7, '(7,5,"2019-01-07 00:00:00",28,"2019-01-07 00:00:00",2,1.0000,1600987.50,2,,6,31,"2019-02-13 16:26:22","2019-02-13 12:35:01",97)', '(7,5,"2019-01-07 00:00:00",28,"2019-01-07 00:00:00",2,1.0000,1600987.50,2,,6,27,"2019-02-13 16:26:22","2019-02-13 18:50:03",97)', '2019-02-13 18:50:03', 6);
INSERT INTO pagos.tr_bitacora (id_bitacora, co_accion, tx_tabla, in_id_tabla, tx_old_valor, tx_new_valor, fe_accion, id_usuario) VALUES (581, 'UPD', 'ejecucion_pago', 9, '(9,7,31,"2019-01-08 00:00:00",3,,1,27,"2019-02-13 16:35:01","2019-02-13 22:50:03")', '(9,7,31,"2019-01-08 00:00:00",3,,1,27,"2019-02-13 16:35:01","2019-02-13 22:53:43")', '2019-02-13 18:53:44', 1);
INSERT INTO pagos.tr_bitacora (id_bitacora, co_accion, tx_tabla, in_id_tabla, tx_old_valor, tx_new_valor, fe_accion, id_usuario) VALUES (582, 'UPD', 'pago', 7, '(7,5,"2019-01-07 00:00:00",28,"2019-01-07 00:00:00",2,1.0000,1600987.50,2,,6,27,"2019-02-13 16:26:22","2019-02-13 18:50:03",97)', '(7,5,"2019-01-07 00:00:00",28,"2019-01-07 00:00:00",2,1.0000,1600987.50,2,,6,27,"2019-02-13 16:26:22","2019-02-13 18:53:44",97)', '2019-02-13 18:53:44', 6);
INSERT INTO pagos.tr_bitacora (id_bitacora, co_accion, tx_tabla, in_id_tabla, tx_old_valor, tx_new_valor, fe_accion, id_usuario) VALUES (583, 'UPD', 'pago', 9, '(9,3,"2019-01-07 00:00:00",8,"2019-01-10 00:00:00",1,1.1400,539160.00,1,,4,10,"2019-02-13 18:49:17","2019-02-13 18:49:17",139)', '(9,3,"2019-01-07 00:00:00",8,"2019-01-10 00:00:00",1,1.1400,539160.00,1,,4,27,"2019-02-13 18:49:17","2019-02-13 18:49:17",139)', '2019-02-14 07:36:44', 4);
INSERT INTO pagos.tr_bitacora (id_bitacora, co_accion, tx_tabla, in_id_tabla, tx_old_valor, tx_new_valor, fe_accion, id_usuario) VALUES (584, 'UPD', 'ingreso', 6, '(6,5,5,2,80000000.00,1.1400,"2019-01-31 00:00:00","venta de divisas de PDVSA",1,1,"2019-02-12 21:50:31","2019-02-13 22:00:17",8)', '(6,5,5,2,80000000.00,1.1400,"2019-01-31 00:00:00","venta de divisas de PDVSA",1,2,"2019-02-12 21:50:31","2019-02-14 11:51:44",8)', '2019-02-14 07:51:45', 1);
INSERT INTO pagos.tr_bitacora (id_bitacora, co_accion, tx_tabla, in_id_tabla, tx_old_valor, tx_new_valor, fe_accion, id_usuario) VALUES (585, 'UPD', 'cuenta', 2, '(2,2,80000000.00,-9747748.00,0.00,80000000.00,"venta de divisas de CVM a bandes",1,2,"2019-01-25 15:33:00","2019-02-13 18:43:26")', '(2,2,0.00,-9747748.00,0.00,0.00,"venta de divisas de PDVSA",1,2,"2019-01-25 15:33:00","2019-02-14 07:51:45")', '2019-02-14 07:51:45', 1);
INSERT INTO pagos.tr_bitacora (id_bitacora, co_accion, tx_tabla, in_id_tabla, tx_old_valor, tx_new_valor, fe_accion, id_usuario) VALUES (586, 'UPD', 'cuenta', 2, '(2,2,0.00,-9747748.00,0.00,0.00,"venta de divisas de PDVSA",1,2,"2019-01-25 15:33:00","2019-02-14 07:51:45")', '(2,2,-47583829.31,51709160.00,0.00,4125330.69,"venta de divisas de PDVSA",1,2,"2019-01-25 15:33:00","2019-02-14 07:51:45")', '2019-02-14 07:55:14', 1);
INSERT INTO pagos.tr_bitacora (id_bitacora, co_accion, tx_tabla, in_id_tabla, tx_old_valor, tx_new_valor, fe_accion, id_usuario) VALUES (587, 'UPD', 'ingreso', 6, '(6,5,5,2,80000000.00,1.1400,"2019-01-31 00:00:00","venta de divisas de PDVSA",1,2,"2019-02-12 21:50:31","2019-02-14 11:51:44",8)', '(6,5,5,2,80000000.00,1.1400,"2019-01-31 00:00:00","venta de divisas de PDVSA",1,1,"2019-02-12 21:50:31","2019-02-14 11:55:35",8)', '2019-02-14 07:55:36', 1);
INSERT INTO pagos.tr_bitacora (id_bitacora, co_accion, tx_tabla, in_id_tabla, tx_old_valor, tx_new_valor, fe_accion, id_usuario) VALUES (588, 'UPD', 'cuenta', 2, '(2,2,-47583829.31,51709160.00,0.00,4125330.69,"venta de divisas de PDVSA",1,2,"2019-01-25 15:33:00","2019-02-14 07:51:45")', '(2,2,32416170.69,51709160.00,0.00,84125330.69,"venta de divisas de PDVSA",1,1,"2019-01-25 15:33:00","2019-02-14 07:55:36")', '2019-02-14 07:55:36', 1);
INSERT INTO pagos.tr_bitacora (id_bitacora, co_accion, tx_tabla, in_id_tabla, tx_old_valor, tx_new_valor, fe_accion, id_usuario) VALUES (589, 'UPD', 'ingreso', 6, '(6,5,5,2,80000000.00,1.1400,"2019-01-31 00:00:00","venta de divisas de PDVSA",1,1,"2019-02-12 21:50:31","2019-02-14 11:55:35",8)', '(6,5,5,2,80000000.00,1.1400,"2019-01-31 00:00:00","venta de divisas de PDVSA",1,2,"2019-02-12 21:50:31","2019-02-14 11:55:45",8)', '2019-02-14 07:55:46', 1);
INSERT INTO pagos.tr_bitacora (id_bitacora, co_accion, tx_tabla, in_id_tabla, tx_old_valor, tx_new_valor, fe_accion, id_usuario) VALUES (590, 'UPD', 'cuenta', 2, '(2,2,32416170.69,51709160.00,0.00,84125330.69,"venta de divisas de PDVSA",1,1,"2019-01-25 15:33:00","2019-02-14 07:55:36")', '(2,2,-47583829.31,51709160.00,0.00,4125330.69,"venta de divisas de PDVSA",1,2,"2019-01-25 15:33:00","2019-02-14 07:55:46")', '2019-02-14 07:55:46', 1);
INSERT INTO pagos.tr_bitacora (id_bitacora, co_accion, tx_tabla, in_id_tabla, tx_old_valor, tx_new_valor, fe_accion, id_usuario) VALUES (591, 'UPD', 'ingreso', 6, '(6,5,5,2,80000000.00,1.1400,"2019-01-31 00:00:00","venta de divisas de PDVSA",1,2,"2019-02-12 21:50:31","2019-02-14 11:55:45",8)', '(6,5,5,2,80000000.00,1.1400,"2019-01-31 00:00:00","venta de divisas de PDVSA",4,1,"2019-02-12 21:50:31","2019-02-15 15:02:18",8)', '2019-02-15 11:02:18', 4);
INSERT INTO pagos.tr_bitacora (id_bitacora, co_accion, tx_tabla, in_id_tabla, tx_old_valor, tx_new_valor, fe_accion, id_usuario) VALUES (592, 'UPD', 'cuenta', 2, '(2,2,-47583829.31,51709160.00,0.00,4125330.69,"venta de divisas de PDVSA",1,2,"2019-01-25 15:33:00","2019-02-14 07:55:46")', '(2,2,32416170.69,51709160.00,0.00,84125330.69,"venta de divisas de PDVSA",4,1,"2019-01-25 15:33:00","2019-02-15 11:02:18")', '2019-02-15 11:02:18', 4);
INSERT INTO pagos.tr_bitacora (id_bitacora, co_accion, tx_tabla, in_id_tabla, tx_old_valor, tx_new_valor, fe_accion, id_usuario) VALUES (593, 'UPD', 'ingreso', 8, '(8,6,474,2,500000.00,1.1300,"2019-02-12 00:00:00","venta de divisas solicitada por INC dev",4,2,"2019-02-12 22:07:59","2019-02-12 22:07:59",8)', '(8,6,474,2,500000.00,1.1300,"2019-02-12 00:00:00","venta de divisas solicitada por INC dev",4,1,"2019-02-12 22:07:59","2019-02-15 15:02:27",8)', '2019-02-15 11:02:28', 4);
INSERT INTO pagos.tr_bitacora (id_bitacora, co_accion, tx_tabla, in_id_tabla, tx_old_valor, tx_new_valor, fe_accion, id_usuario) VALUES (594, 'UPD', 'cuenta', 2, '(2,2,32416170.69,51709160.00,0.00,84125330.69,"venta de divisas de PDVSA",4,1,"2019-01-25 15:33:00","2019-02-15 11:02:18")', '(2,2,32916170.69,51709160.00,0.00,84625330.69,"venta de divisas solicitada por INC dev",4,1,"2019-01-25 15:33:00","2019-02-15 11:02:28")', '2019-02-15 11:02:28', 4);
INSERT INTO pagos.tr_bitacora (id_bitacora, co_accion, tx_tabla, in_id_tabla, tx_old_valor, tx_new_valor, fe_accion, id_usuario) VALUES (595, 'UPD', 'ingreso', 7, '(7,6,473,2,131417.56,1.1400,"2019-01-30 00:00:00","venta de divisas de CVM a bandes",1,2,"2019-02-12 22:04:27","2019-02-13 22:43:25",8)', '(7,6,473,2,131417.56,1.1400,"2019-01-30 00:00:00","venta de divisas de CVM a bandes",4,1,"2019-02-12 22:04:27","2019-02-15 15:02:34",8)', '2019-02-15 11:02:34', 4);
INSERT INTO pagos.tr_bitacora (id_bitacora, co_accion, tx_tabla, in_id_tabla, tx_old_valor, tx_new_valor, fe_accion, id_usuario) VALUES (596, 'UPD', 'cuenta', 2, '(2,2,32916170.69,51709160.00,0.00,84625330.69,"venta de divisas solicitada por INC dev",4,1,"2019-01-25 15:33:00","2019-02-15 11:02:28")', '(2,2,33047588.25,51709160.00,0.00,84756748.25,"venta de divisas de CVM a bandes",4,1,"2019-01-25 15:33:00","2019-02-15 11:02:34")', '2019-02-15 11:02:34', 4);
INSERT INTO pagos.tr_bitacora (id_bitacora, co_accion, tx_tabla, in_id_tabla, tx_old_valor, tx_new_valor, fe_accion, id_usuario) VALUES (597, 'UPD', 'cuenta', 2, '(2,2,33047588.25,51709160.00,0.00,84756748.25,"venta de divisas de CVM a bandes",4,1,"2019-01-25 15:33:00","2019-02-15 11:02:34")', '(2,2,33047588.25,3179189.50,0.00,84756748.25,"venta de divisas de CVM a bandes",4,1,"2019-01-25 15:33:00","2019-02-15 11:02:34")', '2019-02-15 14:13:30', 4);
INSERT INTO pagos.tr_bitacora (id_bitacora, co_accion, tx_tabla, in_id_tabla, tx_old_valor, tx_new_valor, fe_accion, id_usuario) VALUES (598, 'UPD', 'cuenta', 2, '(2,2,33047588.25,3179189.50,0.00,84756748.25,"venta de divisas de CVM a bandes",4,1,"2019-01-25 15:33:00","2019-02-15 11:02:34")', '(2,2,81577558.75,3179189.50,0.00,84756748.25,"venta de divisas de CVM a bandes",4,1,"2019-01-25 15:33:00","2019-02-15 11:02:34")', '2019-02-15 14:13:43', 4);
INSERT INTO pagos.tr_bitacora (id_bitacora, co_accion, tx_tabla, in_id_tabla, tx_old_valor, tx_new_valor, fe_accion, id_usuario) VALUES (599, 'UPD', 'usuario', 6, '(6,jgarcia,$2y$10$2gbtRvJOxNuvy0nAfFVCiObpomdO06hBtJvRIH.YBgoZELYUTINUu,22558788,Josmary,García,,22,"2019-01-25 18:07:13","2019-01-25 18:07:13",bjhixqzT6CAOTcPviWpB7VzXwPQ8oSmZB8vyhxWtMgkX3Bz9dNanbNkEbVMR,)', '(6,jgarcia,$2y$10$2gbtRvJOxNuvy0nAfFVCiObpomdO06hBtJvRIH.YBgoZELYUTINUu,22558788,Josmary,García,,22,"2019-01-25 18:07:13","2019-01-25 18:07:13",9moou7PgBFPd554ucaH97jrTzqHxisFRr5GR9K7rcKbLajHN5FUPaNKeXPWk,)', '2019-02-15 15:26:01', 6);
INSERT INTO pagos.tr_bitacora (id_bitacora, co_accion, tx_tabla, in_id_tabla, tx_old_valor, tx_new_valor, fe_accion, id_usuario) VALUES (600, 'UPD', 'usuario', 1, '(1,admin,$2y$10$6Qs4V0VTicMSgbL8crvEgef.TL5aOEDmuI/NkCrmOgADWwTlxSi66,12345678,Admin,admin,,22,"2018-06-27 00:00:00","2018-07-31 04:28:23",OJ9HNnbrvAHNyDcaEtSvPw9037Up7nkQKRm2CGHKqd7t4TZI8TPHBUKPgXyZ,admin@bandes.gob.ve)', '(1,admin,$2y$10$6Qs4V0VTicMSgbL8crvEgef.TL5aOEDmuI/NkCrmOgADWwTlxSi66,12345678,Admin,admin,,22,"2018-06-27 00:00:00","2018-07-31 04:28:23",0Yh1YyX9BYUbVBVmgHWWlVc8EEjd3hHaazZPCNWEDxPeO4hmWciHuGwnwQKF,admin@bandes.gob.ve)', '2019-02-18 10:00:05', 1);
INSERT INTO pagos.tr_bitacora (id_bitacora, co_accion, tx_tabla, in_id_tabla, tx_old_valor, tx_new_valor, fe_accion, id_usuario) VALUES (601, 'INS', 'instruccion', 6, NULL, '(6,6,,1,18002034,003-19,t,"2019-01-07 00:00:00",16014072.08,2,,4,1,"2019-02-19 22:29:32","2019-02-19 22:29:32")', '2019-02-19 18:29:33', 4);
INSERT INTO pagos.tr_bitacora (id_bitacora, co_accion, tx_tabla, in_id_tabla, tx_old_valor, tx_new_valor, fe_accion, id_usuario) VALUES (602, 'UPD', 'cuenta', 2, '(2,2,81577558.75,3179189.50,0.00,84756748.25,"venta de divisas de CVM a bandes",4,1,"2019-01-25 15:33:00","2019-02-15 11:02:34")', '(2,2,68742676.17,19193261.58,0.00,84756748.25,,4,1,"2019-01-25 15:33:00","2019-02-19 18:29:33")', '2019-02-19 18:29:33', 4);
INSERT INTO pagos.tr_bitacora (id_bitacora, co_accion, tx_tabla, in_id_tabla, tx_old_valor, tx_new_valor, fe_accion, id_usuario) VALUES (603, 'INS', 'solicitud', 7, NULL, '(7,16007238,Alimentos,17100000.00,"2019-01-07 00:00:00",472,1,1,,4,4,"2019-02-19 22:30:53","2019-02-19 22:30:53")', '2019-02-19 18:30:54', 4);
INSERT INTO pagos.tr_bitacora (id_bitacora, co_accion, tx_tabla, in_id_tabla, tx_old_valor, tx_new_valor, fe_accion, id_usuario) VALUES (605, 'UPD', 'cuenta', 2, '(2,2,68742676.17,19193261.58,0.00,84756748.25,,4,1,"2019-01-25 15:33:00","2019-02-19 18:29:33")', '(2,2,67656748.25,36293261.58,0.00,84756748.25,,4,1,"2019-01-25 15:33:00","2019-02-19 18:31:44")', '2019-02-19 18:31:44', 4);
INSERT INTO pagos.tr_bitacora (id_bitacora, co_accion, tx_tabla, in_id_tabla, tx_old_valor, tx_new_valor, fe_accion, id_usuario) VALUES (606, 'INS', 'solicitud', 8, NULL, '(8,001,Alimentos,40000000.00,"2019-01-07 00:00:00",472,1,1,,4,4,"2019-02-19 22:34:47","2019-02-19 22:34:47")', '2019-02-19 18:34:47', 4);
INSERT INTO pagos.tr_bitacora (id_bitacora, co_accion, tx_tabla, in_id_tabla, tx_old_valor, tx_new_valor, fe_accion, id_usuario) VALUES (607, 'INS', 'instruccion', 8, NULL, '(8,8,,1,16007427,003-19,t,"2019-01-07 00:00:00",1890000.00,2,,4,1,"2019-02-19 22:35:44","2019-02-19 22:35:44")', '2019-02-19 18:35:44', 4);
INSERT INTO pagos.tr_bitacora (id_bitacora, co_accion, tx_tabla, in_id_tabla, tx_old_valor, tx_new_valor, fe_accion, id_usuario) VALUES (608, 'UPD', 'cuenta', 2, '(2,2,67656748.25,36293261.58,0.00,84756748.25,,4,1,"2019-01-25 15:33:00","2019-02-19 18:31:44")', '(2,2,82866748.25,38183261.58,0.00,84756748.25,,4,1,"2019-01-25 15:33:00","2019-02-19 18:35:44")', '2019-02-19 18:35:44', 4);
INSERT INTO pagos.tr_bitacora (id_bitacora, co_accion, tx_tabla, in_id_tabla, tx_old_valor, tx_new_valor, fe_accion, id_usuario) VALUES (609, 'UPD', 'instruccion', 6, '(6,6,,1,18002034,003-19,t,"2019-01-07 00:00:00",16014072.08,2,,4,1,"2019-02-19 22:29:32","2019-02-19 22:29:32")', '(6,6,,1,18002034,003-19,t,"2019-01-07 00:00:00",16014072.08,2,,4,1,"2019-02-19 22:29:32","2019-02-19 22:36:33")', '2019-02-19 18:36:33', 4);
INSERT INTO pagos.tr_bitacora (id_bitacora, co_accion, tx_tabla, in_id_tabla, tx_old_valor, tx_new_valor, fe_accion, id_usuario) VALUES (610, 'UPD', 'cuenta', 2, '(2,2,82866748.25,38183261.58,0.00,84756748.25,,4,1,"2019-01-25 15:33:00","2019-02-19 18:35:44")', '(2,2,82866748.25,38183261.58,0.00,84756748.25,,4,1,"2019-01-25 15:33:00","2019-02-19 18:36:33")', '2019-02-19 18:36:33', 4);
INSERT INTO pagos.tr_bitacora (id_bitacora, co_accion, tx_tabla, in_id_tabla, tx_old_valor, tx_new_valor, fe_accion, id_usuario) VALUES (611, 'UPD', 'instruccion', 8, '(8,8,,1,16007427,003-19,t,"2019-01-07 00:00:00",1890000.00,2,,4,1,"2019-02-19 22:35:44","2019-02-19 22:35:44")', '(8,8,,1,16007427,003-19,t,"2019-01-07 00:00:00",1890000.00,2,,4,1,"2019-02-19 22:35:44","2019-02-19 22:39:25")', '2019-02-19 18:39:25', 4);
INSERT INTO pagos.tr_bitacora (id_bitacora, co_accion, tx_tabla, in_id_tabla, tx_old_valor, tx_new_valor, fe_accion, id_usuario) VALUES (612, 'UPD', 'cuenta', 2, '(2,2,82866748.25,38183261.58,0.00,84756748.25,,4,1,"2019-01-25 15:33:00","2019-02-19 18:36:33")', '(2,2,82866748.25,38183261.58,0.00,84756748.25,,4,1,"2019-01-25 15:33:00","2019-02-19 18:39:25")', '2019-02-19 18:39:25', 4);
INSERT INTO pagos.tr_bitacora (id_bitacora, co_accion, tx_tabla, in_id_tabla, tx_old_valor, tx_new_valor, fe_accion, id_usuario) VALUES (613, 'INS', 'solicitud', 9, NULL, '(9,18002079,alimentos,9156600.00,"2019-01-07 00:00:00",472,2,1,,4,4,"2019-02-19 22:46:38","2019-02-19 22:46:38")', '2019-02-19 18:46:39', 4);
INSERT INTO pagos.tr_bitacora (id_bitacora, co_accion, tx_tabla, in_id_tabla, tx_old_valor, tx_new_valor, fe_accion, id_usuario) VALUES (614, 'INS', 'instruccion', 9, NULL, '(9,9,,1,18002079,003-19,t,"2019-01-07 00:00:00",9156600.00,2,,4,1,"2019-02-19 22:47:21","2019-02-19 22:47:21")', '2019-02-19 18:47:22', 4);
INSERT INTO pagos.tr_bitacora (id_bitacora, co_accion, tx_tabla, in_id_tabla, tx_old_valor, tx_new_valor, fe_accion, id_usuario) VALUES (615, 'UPD', 'cuenta', 2, '(2,2,82866748.25,38183261.58,0.00,84756748.25,,4,1,"2019-01-25 15:33:00","2019-02-19 18:39:25")', '(2,2,75600148.25,47339861.58,0.00,84756748.25,,4,1,"2019-01-25 15:33:00","2019-02-19 18:47:22")', '2019-02-19 18:47:22', 4);
INSERT INTO pagos.tr_bitacora (id_bitacora, co_accion, tx_tabla, in_id_tabla, tx_old_valor, tx_new_valor, fe_accion, id_usuario) VALUES (616, 'INS', 'solicitud', 10, NULL, '(10,003-19,alimentos,9155755.45,"2019-01-07 00:00:00",472,2,1,,4,4,"2019-02-19 22:48:54","2019-02-19 22:48:54")', '2019-02-19 18:48:54', 4);
INSERT INTO pagos.tr_bitacora (id_bitacora, co_accion, tx_tabla, in_id_tabla, tx_old_valor, tx_new_valor, fe_accion, id_usuario) VALUES (617, 'INS', 'instruccion', 10, NULL, '(10,10,,1,18002117,003-19,t,"2019-01-07 00:00:00",9155755.45,2,,4,1,"2019-02-19 22:49:43","2019-02-19 22:49:43")', '2019-02-19 18:49:43', 4);
INSERT INTO pagos.tr_bitacora (id_bitacora, co_accion, tx_tabla, in_id_tabla, tx_old_valor, tx_new_valor, fe_accion, id_usuario) VALUES (618, 'UPD', 'cuenta', 2, '(2,2,75600148.25,47339861.58,0.00,84756748.25,,4,1,"2019-01-25 15:33:00","2019-02-19 18:47:22")', '(2,2,75600992.80,56495617.03,0.00,84756748.25,,4,1,"2019-01-25 15:33:00","2019-02-19 18:49:43")', '2019-02-19 18:49:43', 4);
INSERT INTO pagos.tr_bitacora (id_bitacora, co_accion, tx_tabla, in_id_tabla, tx_old_valor, tx_new_valor, fe_accion, id_usuario) VALUES (619, 'INS', 'solicitud', 11, NULL, '(11,003-19,alimentos,9156600.00,"2019-01-07 00:00:00",472,2,1,,4,4,"2019-02-19 22:51:27","2019-02-19 22:51:27")', '2019-02-19 18:51:28', 4);
INSERT INTO pagos.tr_bitacora (id_bitacora, co_accion, tx_tabla, in_id_tabla, tx_old_valor, tx_new_valor, fe_accion, id_usuario) VALUES (620, 'INS', 'instruccion', 11, NULL, '(11,11,,1,18002291,003-19,t,"2019-01-07 00:00:00",9156600.00,2,,4,1,"2019-02-19 22:51:58","2019-02-19 22:51:58")', '2019-02-19 18:51:59', 4);
INSERT INTO pagos.tr_bitacora (id_bitacora, co_accion, tx_tabla, in_id_tabla, tx_old_valor, tx_new_valor, fe_accion, id_usuario) VALUES (621, 'UPD', 'cuenta', 2, '(2,2,75600992.80,56495617.03,0.00,84756748.25,,4,1,"2019-01-25 15:33:00","2019-02-19 18:49:43")', '(2,2,75600148.25,65652217.03,0.00,84756748.25,,4,1,"2019-01-25 15:33:00","2019-02-19 18:51:59")', '2019-02-19 18:51:59', 4);
INSERT INTO pagos.tr_bitacora (id_bitacora, co_accion, tx_tabla, in_id_tabla, tx_old_valor, tx_new_valor, fe_accion, id_usuario) VALUES (622, 'INS', 'solicitud', 12, NULL, '(12,004-19,alimentos,9156600.00,"2019-01-07 00:00:00",472,2,1,,4,4,"2019-02-19 22:53:01","2019-02-19 22:53:01")', '2019-02-19 18:53:01', 4);
INSERT INTO pagos.tr_bitacora (id_bitacora, co_accion, tx_tabla, in_id_tabla, tx_old_valor, tx_new_valor, fe_accion, id_usuario) VALUES (623, 'INS', 'instruccion', 12, NULL, '(12,12,,1,19000000,004-19,t,"2019-01-07 00:00:00",9156600.00,2,,4,1,"2019-02-19 22:54:47","2019-02-19 22:54:47")', '2019-02-19 18:54:48', 4);
INSERT INTO pagos.tr_bitacora (id_bitacora, co_accion, tx_tabla, in_id_tabla, tx_old_valor, tx_new_valor, fe_accion, id_usuario) VALUES (624, 'UPD', 'cuenta', 2, '(2,2,75600148.25,65652217.03,0.00,84756748.25,,4,1,"2019-01-25 15:33:00","2019-02-19 18:51:59")', '(2,2,75600148.25,74808817.03,0.00,84756748.25,,4,1,"2019-01-25 15:33:00","2019-02-19 18:54:48")', '2019-02-19 18:54:48', 4);
INSERT INTO pagos.tr_bitacora (id_bitacora, co_accion, tx_tabla, in_id_tabla, tx_old_valor, tx_new_valor, fe_accion, id_usuario) VALUES (625, 'INS', 'ingreso', 10, NULL, '(10,5,5,2,170610601.98,1.1296,"2018-12-12 00:00:00",,4,1,"2019-02-19 23:58:52","2019-02-19 23:58:52",8)', '2019-02-19 19:58:53', 4);
INSERT INTO pagos.tr_bitacora (id_bitacora, co_accion, tx_tabla, in_id_tabla, tx_old_valor, tx_new_valor, fe_accion, id_usuario) VALUES (626, 'UPD', 'cuenta', 2, '(2,2,75600148.25,74808817.03,0.00,84756748.25,,4,1,"2019-01-25 15:33:00","2019-02-19 18:54:48")', '(2,2,246210750.23,74808817.03,0.00,255367350.23,,4,1,"2019-01-25 15:33:00","2019-02-19 19:58:53")', '2019-02-19 19:58:53', 4);
INSERT INTO pagos.tr_bitacora (id_bitacora, co_accion, tx_tabla, in_id_tabla, tx_old_valor, tx_new_valor, fe_accion, id_usuario) VALUES (627, 'INS', 'ente', 475, NULL, '(475,FONDEN,1,5,,4,22,"2019-02-19 23:59:46","2019-02-19 23:59:46")', '2019-02-19 19:59:47', 4);
INSERT INTO pagos.tr_bitacora (id_bitacora, co_accion, tx_tabla, in_id_tabla, tx_old_valor, tx_new_valor, fe_accion, id_usuario) VALUES (628, 'INS', 'solicitud', 13, NULL, '(13,003-19,Alimentos,139024071.17,"2019-01-07 00:00:00",475,2,1,,4,4,"2019-02-20 00:10:01","2019-02-20 00:10:01")', '2019-02-19 20:10:02', 4);
INSERT INTO pagos.tr_bitacora (id_bitacora, co_accion, tx_tabla, in_id_tabla, tx_old_valor, tx_new_valor, fe_accion, id_usuario) VALUES (629, 'INS', 'instruccion', 13, NULL, '(13,13,,1,18002193,003-19,t,"2019-01-07 00:00:00",139024071.17,2,,4,1,"2019-02-20 00:11:00","2019-02-20 00:11:00")', '2019-02-19 20:11:01', 4);
INSERT INTO pagos.tr_bitacora (id_bitacora, co_accion, tx_tabla, in_id_tabla, tx_old_valor, tx_new_valor, fe_accion, id_usuario) VALUES (630, 'UPD', 'cuenta', 2, '(2,2,246210750.23,74808817.03,0.00,255367350.23,,4,1,"2019-01-25 15:33:00","2019-02-19 19:58:53")', '(2,2,116343279.06,213832888.20,0.00,255367350.23,,4,1,"2019-01-25 15:33:00","2019-02-19 20:11:01")', '2019-02-19 20:11:01', 4);
INSERT INTO pagos.tr_bitacora (id_bitacora, co_accion, tx_tabla, in_id_tabla, tx_old_valor, tx_new_valor, fe_accion, id_usuario) VALUES (631, 'UPD', 'usuario', 4, '(4,dduran,$2y$10$FfrmFiUOtGSJgFNHAqAvR.9tK4jNkzhmQ.JVWot6aYyEKYp4mqVFG,24557629,DAIMAR,DURAN,,22,"2018-10-19 18:45:47","2019-01-25 18:08:35",BlToCYMnJOYmTU6tM1bg2IEQRW6b4Eh0uBz65c2vlczamBfgAOebwagRwBuR,)', '(4,dduran,$2y$10$FfrmFiUOtGSJgFNHAqAvR.9tK4jNkzhmQ.JVWot6aYyEKYp4mqVFG,24557629,DAIMAR,DURAN,,22,"2018-10-19 18:45:47","2019-01-25 18:08:35",AtWrJWyUnlXbP2aQ2wUyLvqqOIgQsXOVFOwo4my5a0x800uXKNO1e6soAPKM,)', '2019-02-19 20:24:24', 4);
INSERT INTO pagos.tr_bitacora (id_bitacora, co_accion, tx_tabla, in_id_tabla, tx_old_valor, tx_new_valor, fe_accion, id_usuario) VALUES (632, 'INS', 'banco', 32, NULL, '(32,"BANQUE DELUBAC & CIE",2,,6,22,"2019-02-20 12:12:43","2019-02-20 12:12:43",2,DELUFR22XXX)', '2019-02-20 08:12:44', 6);
INSERT INTO pagos.tr_bitacora (id_bitacora, co_accion, tx_tabla, in_id_tabla, tx_old_valor, tx_new_valor, fe_accion, id_usuario) VALUES (633, 'INS', 'pago', 13, NULL, '(13,13,"2019-01-07 00:00:00",32,"2019-01-08 00:00:00",1,1.0000,2269059.50,2,"Des 1356 0752 FONDEN (CLAP)",6,27,"2019-02-20 12:16:01","2019-02-20 12:16:01",307)', '2019-02-20 08:16:02', 6);
INSERT INTO pagos.tr_bitacora (id_bitacora, co_accion, tx_tabla, in_id_tabla, tx_old_valor, tx_new_valor, fe_accion, id_usuario) VALUES (634, 'INS', 'pago', 14, NULL, '(14,13,"2019-01-07 00:00:00",32,"2019-01-08 00:00:00",1,1.0000,23152209.12,2,"Des 1357 0752 FONDEN (CLAP)",6,27,"2019-02-20 12:17:33","2019-02-20 12:17:33",257)', '2019-02-20 08:17:33', 6);
INSERT INTO pagos.tr_bitacora (id_bitacora, co_accion, tx_tabla, in_id_tabla, tx_old_valor, tx_new_valor, fe_accion, id_usuario) VALUES (635, 'INS', 'pago', 15, NULL, '(15,13,"2019-01-07 00:00:00",32,"2019-01-08 00:00:00",1,1.0000,972836.75,2,"Des 1358 0752 FONDEN (CLAP)",6,27,"2019-02-20 12:18:49","2019-02-20 12:18:49",394)', '2019-02-20 08:18:49', 6);
INSERT INTO pagos.tr_bitacora (id_bitacora, co_accion, tx_tabla, in_id_tabla, tx_old_valor, tx_new_valor, fe_accion, id_usuario) VALUES (636, 'INS', 'pago', 16, NULL, '(16,13,"2019-01-07 00:00:00",32,"2019-01-08 00:00:00",1,1.0000,1843763.97,2,"Des 1360 0752 FONDEN DPE 00075-2019 (CLAP)",6,27,"2019-02-20 12:20:47","2019-02-20 12:20:47",300)', '2019-02-20 08:20:48', 6);
INSERT INTO pagos.tr_bitacora (id_bitacora, co_accion, tx_tabla, in_id_tabla, tx_old_valor, tx_new_valor, fe_accion, id_usuario) VALUES (637, 'UPD', 'pago', 15, '(15,13,"2019-01-07 00:00:00",32,"2019-01-08 00:00:00",1,1.0000,972836.75,2,"Des 1358 0752 FONDEN (CLAP)",6,27,"2019-02-20 12:18:49","2019-02-20 12:18:49",394)', '(15,13,"2019-01-07 00:00:00",32,"2019-01-08 00:00:00",1,1.0000,972836.75,2,"Des 1358 0752 FONDEN DPE-00077-2019 (CLAP)",6,27,"2019-02-20 12:18:49","2019-02-20 12:21:42",394)', '2019-02-20 08:21:43', 6);
INSERT INTO pagos.tr_bitacora (id_bitacora, co_accion, tx_tabla, in_id_tabla, tx_old_valor, tx_new_valor, fe_accion, id_usuario) VALUES (638, 'UPD', 'pago', 14, '(14,13,"2019-01-07 00:00:00",32,"2019-01-08 00:00:00",1,1.0000,23152209.12,2,"Des 1357 0752 FONDEN (CLAP)",6,27,"2019-02-20 12:17:33","2019-02-20 12:17:33",257)', '(14,13,"2019-01-07 00:00:00",32,"2019-01-08 00:00:00",1,1.0000,23152209.12,2,"Des 1357 0752 FONDEN DPE 00073-2019 (CLAP)",6,27,"2019-02-20 12:17:33","2019-02-20 12:21:57",257)', '2019-02-20 08:21:57', 6);
INSERT INTO pagos.tr_bitacora (id_bitacora, co_accion, tx_tabla, in_id_tabla, tx_old_valor, tx_new_valor, fe_accion, id_usuario) VALUES (639, 'UPD', 'pago', 13, '(13,13,"2019-01-07 00:00:00",32,"2019-01-08 00:00:00",1,1.0000,2269059.50,2,"Des 1356 0752 FONDEN (CLAP)",6,27,"2019-02-20 12:16:01","2019-02-20 12:16:01",307)', '(13,13,"2019-01-07 00:00:00",32,"2019-01-08 00:00:00",1,1.0000,2269059.50,2,"Des 1356 0752 FONDEN DPE 00076-2019 (CLAP)",6,27,"2019-02-20 12:16:01","2019-02-20 12:22:10",307)', '2019-02-20 08:22:11', 6);
INSERT INTO pagos.tr_bitacora (id_bitacora, co_accion, tx_tabla, in_id_tabla, tx_old_valor, tx_new_valor, fe_accion, id_usuario) VALUES (640, 'UPD', 'pago', 16, '(16,13,"2019-01-07 00:00:00",32,"2019-01-08 00:00:00",1,1.0000,1843763.97,2,"Des 1360 0752 FONDEN DPE 00075-2019 (CLAP)",6,27,"2019-02-20 12:20:47","2019-02-20 12:20:47",300)', '(16,13,"2019-01-07 00:00:00",32,"2019-01-08 00:00:00",1,1.0000,1843763.97,2,"Des 1360 0752 FONDEN DPE 00075-2019 (CLAP)",6,27,"2019-02-20 12:20:47","2019-02-20 12:22:33",300)', '2019-02-20 08:22:34', 6);
INSERT INTO pagos.tr_bitacora (id_bitacora, co_accion, tx_tabla, in_id_tabla, tx_old_valor, tx_new_valor, fe_accion, id_usuario) VALUES (641, 'INS', 'pago', 17, NULL, '(17,13,"2019-01-07 00:00:00",32,"2019-01-09 00:00:00",1,1.0000,617763.51,2,"Des 1369 0752 FONDEN DPE 00111-2019 (CLAP)",6,27,"2019-02-20 12:23:52","2019-02-20 12:23:52",300)', '2019-02-20 08:23:53', 6);
INSERT INTO pagos.tr_bitacora (id_bitacora, co_accion, tx_tabla, in_id_tabla, tx_old_valor, tx_new_valor, fe_accion, id_usuario) VALUES (642, 'INS', 'pago', 18, NULL, '(18,13,"2019-01-07 00:00:00",32,"2019-01-09 00:00:00",1,1.0000,1112191.77,2,"Des 1369 0752 FONDEN DPE 00112-2019 (CLAP)",6,27,"2019-02-20 12:25:08","2019-02-20 12:25:08",394)', '2019-02-20 08:25:09', 6);
INSERT INTO pagos.tr_bitacora (id_bitacora, co_accion, tx_tabla, in_id_tabla, tx_old_valor, tx_new_valor, fe_accion, id_usuario) VALUES (643, 'INS', 'banco', 33, NULL, '(33,"BANDES URUGUAY S.A.",2,,6,22,"2019-02-20 12:29:20","2019-02-20 12:29:20",2,CFACUYMMXXX)', '2019-02-20 08:29:21', 6);
INSERT INTO pagos.tr_bitacora (id_bitacora, co_accion, tx_tabla, in_id_tabla, tx_old_valor, tx_new_valor, fe_accion, id_usuario) VALUES (644, 'INS', 'pago', 19, NULL, '(19,13,"2019-01-07 00:00:00",33,"2019-01-14 00:00:00",1,1.0000,4997818.49,2,"Des 1376 0752 FONDEN DPE 00095-2019 (CLAP)",6,27,"2019-02-20 12:33:58","2019-02-20 12:33:58",284)', '2019-02-20 08:33:58', 6);
INSERT INTO pagos.tr_bitacora (id_bitacora, co_accion, tx_tabla, in_id_tabla, tx_old_valor, tx_new_valor, fe_accion, id_usuario) VALUES (645, 'INS', 'pago', 20, NULL, '(20,13,"2019-01-07 00:00:00",12,"2019-01-09 00:00:00",1,1.0000,5000000.00,2,"Des 1362 0752 FONDE DPE 00084-2019 (CLAP)",6,27,"2019-02-20 12:35:36","2019-02-20 12:35:36",49)', '2019-02-20 08:35:36', 6);
INSERT INTO pagos.tr_bitacora (id_bitacora, co_accion, tx_tabla, in_id_tabla, tx_old_valor, tx_new_valor, fe_accion, id_usuario) VALUES (646, 'INS', 'pago', 21, NULL, '(21,13,"2019-01-07 00:00:00",12,"2019-01-09 00:00:00",1,1.0000,5000000.00,2,"Des 1363 0752 FONDEN DPE 00089-2019 (CLAP)",6,27,"2019-02-20 12:37:08","2019-02-20 12:37:08",459)', '2019-02-20 08:37:09', 6);
INSERT INTO pagos.tr_bitacora (id_bitacora, co_accion, tx_tabla, in_id_tabla, tx_old_valor, tx_new_valor, fe_accion, id_usuario) VALUES (647, 'INS', 'pago', 22, NULL, '(22,13,"2019-01-07 00:00:00",9,"2019-01-09 00:00:00",1,1.0000,4995000.00,2,"Des 1366 0752 FONDEN DPE 00099-2019 (CLAP)",6,27,"2019-02-20 12:38:34","2019-02-20 12:38:34",359)', '2019-02-20 08:38:34', 6);
INSERT INTO pagos.tr_bitacora (id_bitacora, co_accion, tx_tabla, in_id_tabla, tx_old_valor, tx_new_valor, fe_accion, id_usuario) VALUES (648, 'INS', 'pago', 23, NULL, '(23,13,"2019-01-07 00:00:00",33,"2019-01-08 00:00:00",1,1.1466,4355640.00,2,"Des 1359 0752 FONDEN DPE 00086-2019 (CLAP)",6,27,"2019-02-20 13:02:22","2019-02-20 13:02:22",249)', '2019-02-20 09:02:23', 6);
INSERT INTO pagos.tr_bitacora (id_bitacora, co_accion, tx_tabla, in_id_tabla, tx_old_valor, tx_new_valor, fe_accion, id_usuario) VALUES (649, 'INS', 'pago', 24, NULL, '(24,13,"2019-01-07 00:00:00",33,"2019-01-08 00:00:00",1,1.1466,8712678.60,2,"Des 1361 0752 FONDEN DPE 00087-2019 (CLAP)",6,27,"2019-02-20 13:07:38","2019-02-20 13:07:38",451)', '2019-02-20 09:07:39', 6);
INSERT INTO pagos.tr_bitacora (id_bitacora, co_accion, tx_tabla, in_id_tabla, tx_old_valor, tx_new_valor, fe_accion, id_usuario) VALUES (650, 'INS', 'banco', 34, NULL, '(34,"UNION BANK AG",2,,6,22,"2019-02-20 13:10:24","2019-02-20 13:10:24",2,UNIVLI22XXX)', '2019-02-20 09:10:25', 6);
INSERT INTO pagos.tr_bitacora (id_bitacora, co_accion, tx_tabla, in_id_tabla, tx_old_valor, tx_new_valor, fe_accion, id_usuario) VALUES (651, 'INS', 'pago', 25, NULL, '(25,13,"2019-01-07 00:00:00",34,"2019-01-24 00:00:00",1,1.1466,4288009.29,2,"Des 1410 0752 FONDEN DPE 00096-2019 (CLAP)",6,27,"2019-02-20 13:12:11","2019-02-20 13:12:11",190)', '2019-02-20 09:12:12', 6);
INSERT INTO pagos.tr_bitacora (id_bitacora, co_accion, tx_tabla, in_id_tabla, tx_old_valor, tx_new_valor, fe_accion, id_usuario) VALUES (652, 'INS', 'pago', 26, NULL, '(26,13,"2019-01-07 00:00:00",34,"2019-01-15 00:00:00",1,1.1466,4360000.00,2,"Des 1373 0752 FONDEN DPE 00074-2019 (CLAP)",6,27,"2019-02-20 13:14:51","2019-02-20 13:14:51",303)', '2019-02-20 09:14:52', 6);
INSERT INTO pagos.tr_bitacora (id_bitacora, co_accion, tx_tabla, in_id_tabla, tx_old_valor, tx_new_valor, fe_accion, id_usuario) VALUES (653, 'INS', 'pago', 27, NULL, '(27,13,"2019-01-07 00:00:00",10,"2019-01-09 00:00:00",1,1.1466,43559423.02,2,"Des 1367 0752 FONDEN DPE 00110-2019 (CLAP)",6,27,"2019-02-20 13:19:13","2019-02-20 13:19:13",53)', '2019-02-20 09:19:13', 6);
INSERT INTO pagos.tr_bitacora (id_bitacora, co_accion, tx_tabla, in_id_tabla, tx_old_valor, tx_new_valor, fe_accion, id_usuario) VALUES (654, 'INS', 'pago', 28, NULL, '(28,7,"2019-01-07 00:00:00",12,"2019-01-09 00:00:00",1,1.0000,17057250.00,2,"Des 564 0727 CORPOVEX AZUCAR CRUDO/MV HECTOR",6,27,"2019-02-20 13:28:38","2019-02-20 13:28:38",110)', '2019-02-20 09:28:39', 6);
INSERT INTO pagos.tr_bitacora (id_bitacora, co_accion, tx_tabla, in_id_tabla, tx_old_valor, tx_new_valor, fe_accion, id_usuario) VALUES (655, 'INS', 'pago', 29, NULL, '(29,9,"2019-01-07 00:00:00",8,"2019-01-07 00:00:00",1,1.1466,9133705.50,2,"Des 554 0727 CORPOVEX TRIGO PANADERO/MT WHEAT MV GREAT AGILITY",6,27,"2019-02-20 13:40:04","2019-02-20 13:40:04",189)', '2019-02-20 09:40:05', 6);
INSERT INTO pagos.tr_bitacora (id_bitacora, co_accion, tx_tabla, in_id_tabla, tx_old_valor, tx_new_valor, fe_accion, id_usuario) VALUES (656, 'INS', 'pago', 30, NULL, '(30,11,"2019-01-07 00:00:00",10,"2019-01-07 00:00:00",1,1.1466,9133708.50,2,"Des 561 0727 CORPOVEX TRIGO PANADERO/MT BUQUE NEPTUNE",6,27,"2019-02-20 13:43:43","2019-02-20 13:43:43",189)', '2019-02-20 09:43:44', 6);
INSERT INTO pagos.tr_bitacora (id_bitacora, co_accion, tx_tabla, in_id_tabla, tx_old_valor, tx_new_valor, fe_accion, id_usuario) VALUES (657, 'INS', 'banco', 35, NULL, '(35,"DBS BANK (HONG KONG) LIMITED",2,,6,22,"2019-02-20 14:00:43","2019-02-20 14:00:43",3,DHBKHKHHXXX)', '2019-02-20 10:00:43', 6);
INSERT INTO pagos.tr_bitacora (id_bitacora, co_accion, tx_tabla, in_id_tabla, tx_old_valor, tx_new_valor, fe_accion, id_usuario) VALUES (658, 'INS', 'ejecucion_pago', 10, NULL, '(10,15,35,"2019-01-25 00:00:00",3,,6,31,"2019-02-20 14:03:22","2019-02-20 14:03:22")', '2019-02-20 10:03:23', 6);
INSERT INTO pagos.tr_bitacora (id_bitacora, co_accion, tx_tabla, in_id_tabla, tx_old_valor, tx_new_valor, fe_accion, id_usuario) VALUES (659, 'UPD', 'cuenta', 2, '(2,2,116343279.06,213832888.20,0.00,255367350.23,,4,1,"2019-01-25 15:33:00","2019-02-19 20:11:01")', '(2,2,255367350.23,74808817.03,0.00,255367350.23,,6,1,"2019-01-25 15:33:00","2019-02-20 10:03:23")', '2019-02-20 10:03:23', 6);
INSERT INTO pagos.tr_bitacora (id_bitacora, co_accion, tx_tabla, in_id_tabla, tx_old_valor, tx_new_valor, fe_accion, id_usuario) VALUES (660, 'UPD', 'pago', 15, '(15,13,"2019-01-07 00:00:00",32,"2019-01-08 00:00:00",1,1.0000,972836.75,2,"Des 1358 0752 FONDEN DPE-00077-2019 (CLAP)",6,27,"2019-02-20 12:18:49","2019-02-20 12:21:42",394)', '(15,13,"2019-01-07 00:00:00",32,"2019-01-08 00:00:00",1,1.0000,972836.75,2,,6,31,"2019-02-20 12:18:49","2019-02-20 10:03:23",394)', '2019-02-20 10:03:23', 6);
INSERT INTO pagos.tr_bitacora (id_bitacora, co_accion, tx_tabla, in_id_tabla, tx_old_valor, tx_new_valor, fe_accion, id_usuario) VALUES (661, 'INS', 'ejecucion_pago', 11, NULL, '(11,14,35,"2019-01-24 00:00:00",3,,6,31,"2019-02-20 14:04:19","2019-02-20 14:04:19")', '2019-02-20 10:04:19', 6);
INSERT INTO pagos.tr_bitacora (id_bitacora, co_accion, tx_tabla, in_id_tabla, tx_old_valor, tx_new_valor, fe_accion, id_usuario) VALUES (662, 'UPD', 'cuenta', 2, '(2,2,255367350.23,74808817.03,0.00,255367350.23,,6,1,"2019-01-25 15:33:00","2019-02-20 10:03:23")', '(2,2,394391421.40,-64215254.14,0.00,255367350.23,,6,1,"2019-01-25 15:33:00","2019-02-20 10:04:19")', '2019-02-20 10:04:19', 6);
INSERT INTO pagos.tr_bitacora (id_bitacora, co_accion, tx_tabla, in_id_tabla, tx_old_valor, tx_new_valor, fe_accion, id_usuario) VALUES (663, 'UPD', 'pago', 14, '(14,13,"2019-01-07 00:00:00",32,"2019-01-08 00:00:00",1,1.0000,23152209.12,2,"Des 1357 0752 FONDEN DPE 00073-2019 (CLAP)",6,27,"2019-02-20 12:17:33","2019-02-20 12:21:57",257)', '(14,13,"2019-01-07 00:00:00",32,"2019-01-08 00:00:00",1,1.0000,23152209.12,2,,6,31,"2019-02-20 12:17:33","2019-02-20 10:04:19",257)', '2019-02-20 10:04:19', 6);
INSERT INTO pagos.tr_bitacora (id_bitacora, co_accion, tx_tabla, in_id_tabla, tx_old_valor, tx_new_valor, fe_accion, id_usuario) VALUES (664, 'INS', 'ejecucion_pago', 12, NULL, '(12,13,35,"2019-01-24 00:00:00",3,,6,31,"2019-02-20 14:06:37","2019-02-20 14:06:37")', '2019-02-20 10:06:38', 6);
INSERT INTO pagos.tr_bitacora (id_bitacora, co_accion, tx_tabla, in_id_tabla, tx_old_valor, tx_new_valor, fe_accion, id_usuario) VALUES (665, 'UPD', 'cuenta', 2, '(2,2,394391421.40,-64215254.14,0.00,255367350.23,,6,1,"2019-01-25 15:33:00","2019-02-20 10:04:19")', '(2,2,533415492.57,-203239325.31,0.00,255367350.23,,6,1,"2019-01-25 15:33:00","2019-02-20 10:06:38")', '2019-02-20 10:06:38', 6);
INSERT INTO pagos.tr_bitacora (id_bitacora, co_accion, tx_tabla, in_id_tabla, tx_old_valor, tx_new_valor, fe_accion, id_usuario) VALUES (666, 'UPD', 'pago', 13, '(13,13,"2019-01-07 00:00:00",32,"2019-01-08 00:00:00",1,1.0000,2269059.50,2,"Des 1356 0752 FONDEN DPE 00076-2019 (CLAP)",6,27,"2019-02-20 12:16:01","2019-02-20 12:22:10",307)', '(13,13,"2019-01-07 00:00:00",32,"2019-01-08 00:00:00",1,1.0000,2269059.50,2,,6,31,"2019-02-20 12:16:01","2019-02-20 10:06:38",307)', '2019-02-20 10:06:38', 6);
INSERT INTO pagos.tr_bitacora (id_bitacora, co_accion, tx_tabla, in_id_tabla, tx_old_valor, tx_new_valor, fe_accion, id_usuario) VALUES (667, 'INS', 'ejecucion_pago', 13, NULL, '(13,16,35,"2019-01-24 00:00:00",3,,6,31,"2019-02-20 14:07:19","2019-02-20 14:07:19")', '2019-02-20 10:07:19', 6);
INSERT INTO pagos.tr_bitacora (id_bitacora, co_accion, tx_tabla, in_id_tabla, tx_old_valor, tx_new_valor, fe_accion, id_usuario) VALUES (668, 'UPD', 'cuenta', 2, '(2,2,533415492.57,-203239325.31,0.00,255367350.23,,6,1,"2019-01-25 15:33:00","2019-02-20 10:06:38")', '(2,2,672439563.74,-342263396.48,0.00,255367350.23,,6,1,"2019-01-25 15:33:00","2019-02-20 10:07:19")', '2019-02-20 10:07:19', 6);
INSERT INTO pagos.tr_bitacora (id_bitacora, co_accion, tx_tabla, in_id_tabla, tx_old_valor, tx_new_valor, fe_accion, id_usuario) VALUES (669, 'UPD', 'pago', 16, '(16,13,"2019-01-07 00:00:00",32,"2019-01-08 00:00:00",1,1.0000,1843763.97,2,"Des 1360 0752 FONDEN DPE 00075-2019 (CLAP)",6,27,"2019-02-20 12:20:47","2019-02-20 12:22:33",300)', '(16,13,"2019-01-07 00:00:00",32,"2019-01-08 00:00:00",1,1.0000,1843763.97,2,,6,31,"2019-02-20 12:20:47","2019-02-20 10:07:19",300)', '2019-02-20 10:07:19', 6);
INSERT INTO pagos.tr_bitacora (id_bitacora, co_accion, tx_tabla, in_id_tabla, tx_old_valor, tx_new_valor, fe_accion, id_usuario) VALUES (671, 'UPD', 'cuenta', 2, '(2,2,672439563.74,-342263396.48,0.00,255367350.23,,6,1,"2019-01-25 15:33:00","2019-02-20 10:07:19")', '(2,2,811463634.91,-481287467.65,0.00,255367350.23,,6,1,"2019-01-25 15:33:00","2019-02-20 10:08:37")', '2019-02-20 10:08:37', 6);
INSERT INTO pagos.tr_bitacora (id_bitacora, co_accion, tx_tabla, in_id_tabla, tx_old_valor, tx_new_valor, fe_accion, id_usuario) VALUES (672, 'UPD', 'pago', 17, '(17,13,"2019-01-07 00:00:00",32,"2019-01-09 00:00:00",1,1.0000,617763.51,2,"Des 1369 0752 FONDEN DPE 00111-2019 (CLAP)",6,27,"2019-02-20 12:23:52","2019-02-20 12:23:52",300)', '(17,13,"2019-01-07 00:00:00",32,"2019-01-09 00:00:00",1,1.0000,617763.51,2,,6,31,"2019-02-20 12:23:52","2019-02-20 10:08:37",300)', '2019-02-20 10:08:37', 6);
INSERT INTO pagos.tr_bitacora (id_bitacora, co_accion, tx_tabla, in_id_tabla, tx_old_valor, tx_new_valor, fe_accion, id_usuario) VALUES (673, 'INS', 'ejecucion_pago', 15, NULL, '(15,18,35,"2019-01-25 00:00:00",3,,6,31,"2019-02-20 14:09:19","2019-02-20 14:09:19")', '2019-02-20 10:09:19', 6);
INSERT INTO pagos.tr_bitacora (id_bitacora, co_accion, tx_tabla, in_id_tabla, tx_old_valor, tx_new_valor, fe_accion, id_usuario) VALUES (674, 'UPD', 'cuenta', 2, '(2,2,811463634.91,-481287467.65,0.00,255367350.23,,6,1,"2019-01-25 15:33:00","2019-02-20 10:08:37")', '(2,2,950487706.08,-620311538.82,0.00,255367350.23,,6,1,"2019-01-25 15:33:00","2019-02-20 10:09:19")', '2019-02-20 10:09:19', 6);
INSERT INTO pagos.tr_bitacora (id_bitacora, co_accion, tx_tabla, in_id_tabla, tx_old_valor, tx_new_valor, fe_accion, id_usuario) VALUES (675, 'UPD', 'pago', 18, '(18,13,"2019-01-07 00:00:00",32,"2019-01-09 00:00:00",1,1.0000,1112191.77,2,"Des 1369 0752 FONDEN DPE 00112-2019 (CLAP)",6,27,"2019-02-20 12:25:08","2019-02-20 12:25:08",394)', '(18,13,"2019-01-07 00:00:00",32,"2019-01-09 00:00:00",1,1.0000,1112191.77,2,,6,31,"2019-02-20 12:25:08","2019-02-20 10:09:19",394)', '2019-02-20 10:09:19', 6);
INSERT INTO pagos.tr_bitacora (id_bitacora, co_accion, tx_tabla, in_id_tabla, tx_old_valor, tx_new_valor, fe_accion, id_usuario) VALUES (676, 'UPD', 'ejecucion_pago', 10, '(10,15,35,"2019-01-25 00:00:00",3,,6,31,"2019-02-20 14:03:22","2019-02-20 14:03:22")', '(10,15,35,"2019-01-25 00:00:00",3,,6,27,"2019-02-20 14:03:22","2019-02-20 14:21:13")', '2019-02-20 10:21:14', 6);
INSERT INTO pagos.tr_bitacora (id_bitacora, co_accion, tx_tabla, in_id_tabla, tx_old_valor, tx_new_valor, fe_accion, id_usuario) VALUES (677, 'UPD', 'cuenta', 2, '(2,2,950487706.08,-620311538.82,0.00,255367350.23,,6,1,"2019-01-25 15:33:00","2019-02-20 10:09:19")', '(2,2,951460542.83,-620311538.82,0.00,256340186.98,,6,1,"2019-01-25 15:33:00","2019-02-20 10:21:14")', '2019-02-20 10:21:14', 6);
INSERT INTO pagos.tr_bitacora (id_bitacora, co_accion, tx_tabla, in_id_tabla, tx_old_valor, tx_new_valor, fe_accion, id_usuario) VALUES (678, 'UPD', 'pago', 15, '(15,13,"2019-01-07 00:00:00",32,"2019-01-08 00:00:00",1,1.0000,972836.75,2,,6,31,"2019-02-20 12:18:49","2019-02-20 10:03:23",394)', '(15,13,"2019-01-07 00:00:00",32,"2019-01-08 00:00:00",1,1.0000,972836.75,2,,6,27,"2019-02-20 12:18:49","2019-02-20 10:21:14",394)', '2019-02-20 10:21:14', 6);
INSERT INTO pagos.tr_bitacora (id_bitacora, co_accion, tx_tabla, in_id_tabla, tx_old_valor, tx_new_valor, fe_accion, id_usuario) VALUES (679, 'UPD', 'ejecucion_pago', 11, '(11,14,35,"2019-01-24 00:00:00",3,,6,31,"2019-02-20 14:04:19","2019-02-20 14:04:19")', '(11,14,35,"2019-01-24 00:00:00",3,,6,27,"2019-02-20 14:04:19","2019-02-20 14:32:32")', '2019-02-20 10:32:33', 6);
INSERT INTO pagos.tr_bitacora (id_bitacora, co_accion, tx_tabla, in_id_tabla, tx_old_valor, tx_new_valor, fe_accion, id_usuario) VALUES (680, 'UPD', 'cuenta', 2, '(2,2,951460542.83,-620311538.82,0.00,256340186.98,,6,1,"2019-01-25 15:33:00","2019-02-20 10:21:14")', '(2,2,974612751.95,-620311538.82,0.00,279492396.10,,6,1,"2019-01-25 15:33:00","2019-02-20 10:32:33")', '2019-02-20 10:32:33', 6);
INSERT INTO pagos.tr_bitacora (id_bitacora, co_accion, tx_tabla, in_id_tabla, tx_old_valor, tx_new_valor, fe_accion, id_usuario) VALUES (681, 'UPD', 'pago', 14, '(14,13,"2019-01-07 00:00:00",32,"2019-01-08 00:00:00",1,1.0000,23152209.12,2,,6,31,"2019-02-20 12:17:33","2019-02-20 10:04:19",257)', '(14,13,"2019-01-07 00:00:00",32,"2019-01-08 00:00:00",1,1.0000,23152209.12,2,,6,27,"2019-02-20 12:17:33","2019-02-20 10:32:33",257)', '2019-02-20 10:32:33', 6);
INSERT INTO pagos.tr_bitacora (id_bitacora, co_accion, tx_tabla, in_id_tabla, tx_old_valor, tx_new_valor, fe_accion, id_usuario) VALUES (682, 'UPD', 'ejecucion_pago', 12, '(12,13,35,"2019-01-24 00:00:00",3,,6,31,"2019-02-20 14:06:37","2019-02-20 14:06:37")', '(12,13,35,"2019-01-24 00:00:00",3,,6,27,"2019-02-20 14:06:37","2019-02-20 14:32:54")', '2019-02-20 10:32:54', 6);
INSERT INTO pagos.tr_bitacora (id_bitacora, co_accion, tx_tabla, in_id_tabla, tx_old_valor, tx_new_valor, fe_accion, id_usuario) VALUES (683, 'UPD', 'cuenta', 2, '(2,2,974612751.95,-620311538.82,0.00,279492396.10,,6,1,"2019-01-25 15:33:00","2019-02-20 10:32:33")', '(2,2,976881811.45,-620311538.82,0.00,281761455.60,,6,1,"2019-01-25 15:33:00","2019-02-20 10:32:54")', '2019-02-20 10:32:54', 6);
INSERT INTO pagos.tr_bitacora (id_bitacora, co_accion, tx_tabla, in_id_tabla, tx_old_valor, tx_new_valor, fe_accion, id_usuario) VALUES (684, 'UPD', 'pago', 13, '(13,13,"2019-01-07 00:00:00",32,"2019-01-08 00:00:00",1,1.0000,2269059.50,2,,6,31,"2019-02-20 12:16:01","2019-02-20 10:06:38",307)', '(13,13,"2019-01-07 00:00:00",32,"2019-01-08 00:00:00",1,1.0000,2269059.50,2,,6,27,"2019-02-20 12:16:01","2019-02-20 10:32:54",307)', '2019-02-20 10:32:54', 6);
INSERT INTO pagos.tr_bitacora (id_bitacora, co_accion, tx_tabla, in_id_tabla, tx_old_valor, tx_new_valor, fe_accion, id_usuario) VALUES (685, 'UPD', 'ejecucion_pago', 13, '(13,16,35,"2019-01-24 00:00:00",3,,6,31,"2019-02-20 14:07:19","2019-02-20 14:07:19")', '(13,16,35,"2019-01-24 00:00:00",3,,6,27,"2019-02-20 14:07:19","2019-02-20 14:33:02")', '2019-02-20 10:33:03', 6);
INSERT INTO pagos.tr_bitacora (id_bitacora, co_accion, tx_tabla, in_id_tabla, tx_old_valor, tx_new_valor, fe_accion, id_usuario) VALUES (686, 'UPD', 'cuenta', 2, '(2,2,976881811.45,-620311538.82,0.00,281761455.60,,6,1,"2019-01-25 15:33:00","2019-02-20 10:32:54")', '(2,2,978725575.42,-620311538.82,0.00,283605219.57,,6,1,"2019-01-25 15:33:00","2019-02-20 10:33:03")', '2019-02-20 10:33:03', 6);
INSERT INTO pagos.tr_bitacora (id_bitacora, co_accion, tx_tabla, in_id_tabla, tx_old_valor, tx_new_valor, fe_accion, id_usuario) VALUES (687, 'UPD', 'pago', 16, '(16,13,"2019-01-07 00:00:00",32,"2019-01-08 00:00:00",1,1.0000,1843763.97,2,,6,31,"2019-02-20 12:20:47","2019-02-20 10:07:19",300)', '(16,13,"2019-01-07 00:00:00",32,"2019-01-08 00:00:00",1,1.0000,1843763.97,2,,6,27,"2019-02-20 12:20:47","2019-02-20 10:33:03",300)', '2019-02-20 10:33:03', 6);
INSERT INTO pagos.tr_bitacora (id_bitacora, co_accion, tx_tabla, in_id_tabla, tx_old_valor, tx_new_valor, fe_accion, id_usuario) VALUES (688, 'UPD', 'ejecucion_pago', 14, '(14,17,35,"2019-01-25 00:00:00",3,,6,31,"2019-02-20 14:08:37","2019-02-20 14:08:37")', '(14,17,35,"2019-01-25 00:00:00",3,,6,27,"2019-02-20 14:08:37","2019-02-20 14:33:12")', '2019-02-20 10:33:12', 6);
INSERT INTO pagos.tr_bitacora (id_bitacora, co_accion, tx_tabla, in_id_tabla, tx_old_valor, tx_new_valor, fe_accion, id_usuario) VALUES (689, 'UPD', 'cuenta', 2, '(2,2,978725575.42,-620311538.82,0.00,283605219.57,,6,1,"2019-01-25 15:33:00","2019-02-20 10:33:03")', '(2,2,979343338.93,-620311538.82,0.00,284222983.08,,6,1,"2019-01-25 15:33:00","2019-02-20 10:33:12")', '2019-02-20 10:33:12', 6);
INSERT INTO pagos.tr_bitacora (id_bitacora, co_accion, tx_tabla, in_id_tabla, tx_old_valor, tx_new_valor, fe_accion, id_usuario) VALUES (690, 'UPD', 'pago', 17, '(17,13,"2019-01-07 00:00:00",32,"2019-01-09 00:00:00",1,1.0000,617763.51,2,,6,31,"2019-02-20 12:23:52","2019-02-20 10:08:37",300)', '(17,13,"2019-01-07 00:00:00",32,"2019-01-09 00:00:00",1,1.0000,617763.51,2,,6,27,"2019-02-20 12:23:52","2019-02-20 10:33:12",300)', '2019-02-20 10:33:12', 6);
INSERT INTO pagos.tr_bitacora (id_bitacora, co_accion, tx_tabla, in_id_tabla, tx_old_valor, tx_new_valor, fe_accion, id_usuario) VALUES (691, 'UPD', 'ejecucion_pago', 15, '(15,18,35,"2019-01-25 00:00:00",3,,6,31,"2019-02-20 14:09:19","2019-02-20 14:09:19")', '(15,18,35,"2019-01-25 00:00:00",3,,6,27,"2019-02-20 14:09:19","2019-02-20 14:33:20")', '2019-02-20 10:33:21', 6);
INSERT INTO pagos.tr_bitacora (id_bitacora, co_accion, tx_tabla, in_id_tabla, tx_old_valor, tx_new_valor, fe_accion, id_usuario) VALUES (692, 'UPD', 'cuenta', 2, '(2,2,979343338.93,-620311538.82,0.00,284222983.08,,6,1,"2019-01-25 15:33:00","2019-02-20 10:33:12")', '(2,2,980455530.70,-620311538.82,0.00,285335174.85,,6,1,"2019-01-25 15:33:00","2019-02-20 10:33:21")', '2019-02-20 10:33:21', 6);
INSERT INTO pagos.tr_bitacora (id_bitacora, co_accion, tx_tabla, in_id_tabla, tx_old_valor, tx_new_valor, fe_accion, id_usuario) VALUES (693, 'UPD', 'pago', 18, '(18,13,"2019-01-07 00:00:00",32,"2019-01-09 00:00:00",1,1.0000,1112191.77,2,,6,31,"2019-02-20 12:25:08","2019-02-20 10:09:19",394)', '(18,13,"2019-01-07 00:00:00",32,"2019-01-09 00:00:00",1,1.0000,1112191.77,2,,6,27,"2019-02-20 12:25:08","2019-02-20 10:33:21",394)', '2019-02-20 10:33:21', 6);
INSERT INTO pagos.tr_bitacora (id_bitacora, co_accion, tx_tabla, in_id_tabla, tx_old_valor, tx_new_valor, fe_accion, id_usuario) VALUES (694, 'UPD', 'pago', 19, '(19,13,"2019-01-07 00:00:00",33,"2019-01-14 00:00:00",1,1.0000,4997818.49,2,"Des 1376 0752 FONDEN DPE 00095-2019 (CLAP)",6,27,"2019-02-20 12:33:58","2019-02-20 12:33:58",284)', '(19,13,"2019-01-07 00:00:00",33,"2019-01-14 00:00:00",1,1.1466,4358816.06,2,"Des 1376 0752 FONDEN DPE 00095-2019 (CLAP)",6,27,"2019-02-20 12:33:58","2019-02-20 14:35:07",284)', '2019-02-20 10:35:08', 6);
INSERT INTO pagos.tr_bitacora (id_bitacora, co_accion, tx_tabla, in_id_tabla, tx_old_valor, tx_new_valor, fe_accion, id_usuario) VALUES (695, 'UPD', 'pago', 20, '(20,13,"2019-01-07 00:00:00",12,"2019-01-09 00:00:00",1,1.0000,5000000.00,2,"Des 1362 0752 FONDE DPE 00084-2019 (CLAP)",6,27,"2019-02-20 12:35:36","2019-02-20 12:35:36",49)', '(20,13,"2019-01-07 00:00:00",12,"2019-01-09 00:00:00",1,1.1466,4360718.65,2,"Des 1362 0752 FONDE DPE 00084-2019 (CLAP)",6,27,"2019-02-20 12:35:36","2019-02-20 14:36:11",49)', '2019-02-20 10:36:11', 6);
INSERT INTO pagos.tr_bitacora (id_bitacora, co_accion, tx_tabla, in_id_tabla, tx_old_valor, tx_new_valor, fe_accion, id_usuario) VALUES (696, 'UPD', 'pago', 21, '(21,13,"2019-01-07 00:00:00",12,"2019-01-09 00:00:00",1,1.0000,5000000.00,2,"Des 1363 0752 FONDEN DPE 00089-2019 (CLAP)",6,27,"2019-02-20 12:37:08","2019-02-20 12:37:08",459)', '(21,13,"2019-01-07 00:00:00",12,"2019-01-09 00:00:00",1,1.1466,4360718.65,2,"Des 1363 0752 FONDEN DPE 00089-2019 (CLAP)",6,27,"2019-02-20 12:37:08","2019-02-20 14:37:10",459)', '2019-02-20 10:37:10', 6);
INSERT INTO pagos.tr_bitacora (id_bitacora, co_accion, tx_tabla, in_id_tabla, tx_old_valor, tx_new_valor, fe_accion, id_usuario) VALUES (753, 'INS', 'ejecucion_pago', 28, NULL, '(28,32,36,"2019-02-14 00:00:00",3,,6,30,"2019-02-21 14:26:27","2019-02-21 14:26:27")', '2019-02-21 10:26:27', 6);
INSERT INTO pagos.tr_bitacora (id_bitacora, co_accion, tx_tabla, in_id_tabla, tx_old_valor, tx_new_valor, fe_accion, id_usuario) VALUES (697, 'UPD', 'pago', 22, '(22,13,"2019-01-07 00:00:00",9,"2019-01-09 00:00:00",1,1.0000,4995000.00,2,"Des 1366 0752 FONDEN DPE 00099-2019 (CLAP)",6,27,"2019-02-20 12:38:34","2019-02-20 12:38:34",359)', '(22,13,"2019-01-07 00:00:00",9,"2019-01-09 00:00:00",1,1.1466,4356357.93,2,"Des 1366 0752 FONDEN DPE 00099-2019 (CLAP)",6,27,"2019-02-20 12:38:34","2019-02-20 14:37:46",359)', '2019-02-20 10:37:47', 6);
INSERT INTO pagos.tr_bitacora (id_bitacora, co_accion, tx_tabla, in_id_tabla, tx_old_valor, tx_new_valor, fe_accion, id_usuario) VALUES (698, 'UPD', 'pago', 15, '(15,13,"2019-01-07 00:00:00",32,"2019-01-08 00:00:00",1,1.0000,972836.75,2,,6,27,"2019-02-20 12:18:49","2019-02-20 10:21:14",394)', '(15,13,"2019-01-07 00:00:00",32,"2019-01-08 00:00:00",1,1.1466,848453.47,2,"Des 1358 0752 FONDEN DPE 00077-2019 (CLAP)",6,27,"2019-02-20 12:18:49","2019-02-20 14:39:05",394)', '2019-02-20 10:39:05', 6);
INSERT INTO pagos.tr_bitacora (id_bitacora, co_accion, tx_tabla, in_id_tabla, tx_old_valor, tx_new_valor, fe_accion, id_usuario) VALUES (699, 'UPD', 'pago', 18, '(18,13,"2019-01-07 00:00:00",32,"2019-01-09 00:00:00",1,1.0000,1112191.77,2,,6,27,"2019-02-20 12:25:08","2019-02-20 10:33:21",394)', '(18,13,"2019-01-07 00:00:00",32,"2019-01-09 00:00:00",1,1.1466,969991.08,2,"Des 1369 0752 FONDEN DPE 00112-2019 (CLAP)",6,27,"2019-02-20 12:25:08","2019-02-20 14:40:42",394)', '2019-02-20 10:40:42', 6);
INSERT INTO pagos.tr_bitacora (id_bitacora, co_accion, tx_tabla, in_id_tabla, tx_old_valor, tx_new_valor, fe_accion, id_usuario) VALUES (700, 'UPD', 'pago', 14, '(14,13,"2019-01-07 00:00:00",32,"2019-01-08 00:00:00",1,1.0000,23152209.12,2,,6,27,"2019-02-20 12:17:33","2019-02-20 10:32:33",257)', '(14,13,"2019-01-07 00:00:00",32,"2019-01-08 00:00:00",1,1.1466,20192054.00,2,"Des 1357 0752 FONDEN DPE 00073-2019 (CLAP)",6,27,"2019-02-20 12:17:33","2019-02-20 14:42:17",257)', '2019-02-20 10:42:18', 6);
INSERT INTO pagos.tr_bitacora (id_bitacora, co_accion, tx_tabla, in_id_tabla, tx_old_valor, tx_new_valor, fe_accion, id_usuario) VALUES (701, 'UPD', 'pago', 13, '(13,13,"2019-01-07 00:00:00",32,"2019-01-08 00:00:00",1,1.0000,2269059.50,2,,6,27,"2019-02-20 12:16:01","2019-02-20 10:32:54",307)', '(13,13,"2019-01-07 00:00:00",32,"2019-01-08 00:00:00",1,1.1593,1957266.89,2,"Des 1356 FONDEN DPE 00076-2019 (CLAP)",6,27,"2019-02-20 12:16:01","2019-02-20 14:44:24",307)', '2019-02-20 10:44:25', 6);
INSERT INTO pagos.tr_bitacora (id_bitacora, co_accion, tx_tabla, in_id_tabla, tx_old_valor, tx_new_valor, fe_accion, id_usuario) VALUES (702, 'UPD', 'pago', 16, '(16,13,"2019-01-07 00:00:00",32,"2019-01-08 00:00:00",1,1.0000,1843763.97,2,,6,27,"2019-02-20 12:20:47","2019-02-20 10:33:03",300)', '(16,13,"2019-01-07 00:00:00",32,"2019-01-08 00:00:00",1,1.1466,1608027.18,2,"Des 1360 0752 FONDEN DPE 00075-2019 (CLAP)",6,27,"2019-02-20 12:20:47","2019-02-20 14:47:28",300)', '2019-02-20 10:47:29', 6);
INSERT INTO pagos.tr_bitacora (id_bitacora, co_accion, tx_tabla, in_id_tabla, tx_old_valor, tx_new_valor, fe_accion, id_usuario) VALUES (703, 'UPD', 'pago', 17, '(17,13,"2019-01-07 00:00:00",32,"2019-01-09 00:00:00",1,1.0000,617763.51,2,,6,27,"2019-02-20 12:23:52","2019-02-20 10:33:12",300)', '(17,13,"2019-01-07 00:00:00",32,"2019-01-09 00:00:00",1,1.1466,538778.57,2,"Des 1307 0752 FONDEN DPE 00111-2019 (CLAP)",6,27,"2019-02-20 12:23:52","2019-02-20 14:56:11",300)', '2019-02-20 10:56:12', 6);
INSERT INTO pagos.tr_bitacora (id_bitacora, co_accion, tx_tabla, in_id_tabla, tx_old_valor, tx_new_valor, fe_accion, id_usuario) VALUES (704, 'INS', 'pago', 31, NULL, '(31,13,"2019-01-07 00:00:00",8,"2019-01-08 00:00:00",1,1.1466,13082155.94,2,"Des 1355 0752 FONDEN (POLAR)",6,27,"2019-02-20 14:58:41","2019-02-20 14:58:41",199)', '2019-02-20 10:58:42', 6);
INSERT INTO pagos.tr_bitacora (id_bitacora, co_accion, tx_tabla, in_id_tabla, tx_old_valor, tx_new_valor, fe_accion, id_usuario) VALUES (705, 'INS', 'ejecucion_pago', 16, NULL, '(16,17,35,"2019-01-25 00:00:00",3,,6,31,"2019-02-20 15:16:20","2019-02-20 15:16:20")', '2019-02-20 11:16:20', 6);
INSERT INTO pagos.tr_bitacora (id_bitacora, co_accion, tx_tabla, in_id_tabla, tx_old_valor, tx_new_valor, fe_accion, id_usuario) VALUES (706, 'UPD', 'cuenta', 2, '(2,2,980455530.70,-620311538.82,0.00,285335174.85,,6,1,"2019-01-25 15:33:00","2019-02-20 10:33:21")', '(2,2,1119479601.87,-759335609.99,0.00,285335174.85,,6,1,"2019-01-25 15:33:00","2019-02-20 11:16:20")', '2019-02-20 11:16:20', 6);
INSERT INTO pagos.tr_bitacora (id_bitacora, co_accion, tx_tabla, in_id_tabla, tx_old_valor, tx_new_valor, fe_accion, id_usuario) VALUES (707, 'UPD', 'pago', 17, '(17,13,"2019-01-07 00:00:00",32,"2019-01-09 00:00:00",1,1.1466,538778.57,2,"Des 1307 0752 FONDEN DPE 00111-2019 (CLAP)",6,27,"2019-02-20 12:23:52","2019-02-20 14:56:11",300)', '(17,13,"2019-01-07 00:00:00",32,"2019-01-09 00:00:00",1,1.1466,538778.57,2,,6,31,"2019-02-20 12:23:52","2019-02-20 11:16:20",300)', '2019-02-20 11:16:20', 6);
INSERT INTO pagos.tr_bitacora (id_bitacora, co_accion, tx_tabla, in_id_tabla, tx_old_valor, tx_new_valor, fe_accion, id_usuario) VALUES (708, 'INS', 'ejecucion_pago', 17, NULL, '(17,15,35,"2019-01-25 00:00:00",3,,6,31,"2019-02-20 15:17:03","2019-02-20 15:17:03")', '2019-02-20 11:17:03', 6);
INSERT INTO pagos.tr_bitacora (id_bitacora, co_accion, tx_tabla, in_id_tabla, tx_old_valor, tx_new_valor, fe_accion, id_usuario) VALUES (709, 'UPD', 'cuenta', 2, '(2,2,1119479601.87,-759335609.99,0.00,285335174.85,,6,1,"2019-01-25 15:33:00","2019-02-20 11:16:20")', '(2,2,1258503673.04,-898359681.16,0.00,285335174.85,,6,1,"2019-01-25 15:33:00","2019-02-20 11:17:03")', '2019-02-20 11:17:03', 6);
INSERT INTO pagos.tr_bitacora (id_bitacora, co_accion, tx_tabla, in_id_tabla, tx_old_valor, tx_new_valor, fe_accion, id_usuario) VALUES (710, 'UPD', 'pago', 15, '(15,13,"2019-01-07 00:00:00",32,"2019-01-08 00:00:00",1,1.1466,848453.47,2,"Des 1358 0752 FONDEN DPE 00077-2019 (CLAP)",6,27,"2019-02-20 12:18:49","2019-02-20 14:39:05",394)', '(15,13,"2019-01-07 00:00:00",32,"2019-01-08 00:00:00",1,1.1466,848453.47,2,,6,31,"2019-02-20 12:18:49","2019-02-20 11:17:03",394)', '2019-02-20 11:17:03', 6);
INSERT INTO pagos.tr_bitacora (id_bitacora, co_accion, tx_tabla, in_id_tabla, tx_old_valor, tx_new_valor, fe_accion, id_usuario) VALUES (711, 'INS', 'ejecucion_pago', 18, NULL, '(18,18,35,"2019-01-25 00:00:00",3,,6,31,"2019-02-20 15:17:30","2019-02-20 15:17:30")', '2019-02-20 11:17:30', 6);
INSERT INTO pagos.tr_bitacora (id_bitacora, co_accion, tx_tabla, in_id_tabla, tx_old_valor, tx_new_valor, fe_accion, id_usuario) VALUES (712, 'UPD', 'cuenta', 2, '(2,2,1258503673.04,-898359681.16,0.00,285335174.85,,6,1,"2019-01-25 15:33:00","2019-02-20 11:17:03")', '(2,2,1397527744.21,-1037383752.33,0.00,285335174.85,,6,1,"2019-01-25 15:33:00","2019-02-20 11:17:30")', '2019-02-20 11:17:30', 6);
INSERT INTO pagos.tr_bitacora (id_bitacora, co_accion, tx_tabla, in_id_tabla, tx_old_valor, tx_new_valor, fe_accion, id_usuario) VALUES (713, 'UPD', 'pago', 18, '(18,13,"2019-01-07 00:00:00",32,"2019-01-09 00:00:00",1,1.1466,969991.08,2,"Des 1369 0752 FONDEN DPE 00112-2019 (CLAP)",6,27,"2019-02-20 12:25:08","2019-02-20 14:40:42",394)', '(18,13,"2019-01-07 00:00:00",32,"2019-01-09 00:00:00",1,1.1466,969991.08,2,,6,31,"2019-02-20 12:25:08","2019-02-20 11:17:30",394)', '2019-02-20 11:17:30', 6);
INSERT INTO pagos.tr_bitacora (id_bitacora, co_accion, tx_tabla, in_id_tabla, tx_old_valor, tx_new_valor, fe_accion, id_usuario) VALUES (714, 'INS', 'ejecucion_pago', 19, NULL, '(19,14,35,"2019-01-24 00:00:00",3,,6,31,"2019-02-20 15:18:01","2019-02-20 15:18:01")', '2019-02-20 11:18:02', 6);
INSERT INTO pagos.tr_bitacora (id_bitacora, co_accion, tx_tabla, in_id_tabla, tx_old_valor, tx_new_valor, fe_accion, id_usuario) VALUES (715, 'UPD', 'cuenta', 2, '(2,2,1397527744.21,-1037383752.33,0.00,285335174.85,,6,1,"2019-01-25 15:33:00","2019-02-20 11:17:30")', '(2,2,1536551815.38,-1176407823.50,0.00,285335174.85,,6,1,"2019-01-25 15:33:00","2019-02-20 11:18:02")', '2019-02-20 11:18:02', 6);
INSERT INTO pagos.tr_bitacora (id_bitacora, co_accion, tx_tabla, in_id_tabla, tx_old_valor, tx_new_valor, fe_accion, id_usuario) VALUES (716, 'UPD', 'pago', 14, '(14,13,"2019-01-07 00:00:00",32,"2019-01-08 00:00:00",1,1.1466,20192054.00,2,"Des 1357 0752 FONDEN DPE 00073-2019 (CLAP)",6,27,"2019-02-20 12:17:33","2019-02-20 14:42:17",257)', '(14,13,"2019-01-07 00:00:00",32,"2019-01-08 00:00:00",1,1.1466,20192054.00,2,,6,31,"2019-02-20 12:17:33","2019-02-20 11:18:02",257)', '2019-02-20 11:18:02', 6);
INSERT INTO pagos.tr_bitacora (id_bitacora, co_accion, tx_tabla, in_id_tabla, tx_old_valor, tx_new_valor, fe_accion, id_usuario) VALUES (717, 'INS', 'ejecucion_pago', 20, NULL, '(20,13,35,"2019-01-24 00:00:00",3,,6,31,"2019-02-20 15:18:39","2019-02-20 15:18:39")', '2019-02-20 11:18:40', 6);
INSERT INTO pagos.tr_bitacora (id_bitacora, co_accion, tx_tabla, in_id_tabla, tx_old_valor, tx_new_valor, fe_accion, id_usuario) VALUES (718, 'UPD', 'cuenta', 2, '(2,2,1536551815.38,-1176407823.50,0.00,285335174.85,,6,1,"2019-01-25 15:33:00","2019-02-20 11:18:02")', '(2,2,1675575886.55,-1315431894.67,0.00,285335174.85,,6,1,"2019-01-25 15:33:00","2019-02-20 11:18:40")', '2019-02-20 11:18:40', 6);
INSERT INTO pagos.tr_bitacora (id_bitacora, co_accion, tx_tabla, in_id_tabla, tx_old_valor, tx_new_valor, fe_accion, id_usuario) VALUES (719, 'UPD', 'pago', 13, '(13,13,"2019-01-07 00:00:00",32,"2019-01-08 00:00:00",1,1.1593,1957266.89,2,"Des 1356 FONDEN DPE 00076-2019 (CLAP)",6,27,"2019-02-20 12:16:01","2019-02-20 14:44:24",307)', '(13,13,"2019-01-07 00:00:00",32,"2019-01-08 00:00:00",1,1.1593,1957266.89,2,,6,31,"2019-02-20 12:16:01","2019-02-20 11:18:40",307)', '2019-02-20 11:18:40', 6);
INSERT INTO pagos.tr_bitacora (id_bitacora, co_accion, tx_tabla, in_id_tabla, tx_old_valor, tx_new_valor, fe_accion, id_usuario) VALUES (720, 'INS', 'ejecucion_pago', 21, NULL, '(21,16,35,"2019-01-24 00:00:00",3,,6,31,"2019-02-20 15:19:27","2019-02-20 15:19:27")', '2019-02-20 11:19:28', 6);
INSERT INTO pagos.tr_bitacora (id_bitacora, co_accion, tx_tabla, in_id_tabla, tx_old_valor, tx_new_valor, fe_accion, id_usuario) VALUES (721, 'UPD', 'cuenta', 2, '(2,2,1675575886.55,-1315431894.67,0.00,285335174.85,,6,1,"2019-01-25 15:33:00","2019-02-20 11:18:40")', '(2,2,1814599957.72,-1454455965.84,0.00,285335174.85,,6,1,"2019-01-25 15:33:00","2019-02-20 11:19:28")', '2019-02-20 11:19:28', 6);
INSERT INTO pagos.tr_bitacora (id_bitacora, co_accion, tx_tabla, in_id_tabla, tx_old_valor, tx_new_valor, fe_accion, id_usuario) VALUES (722, 'UPD', 'pago', 16, '(16,13,"2019-01-07 00:00:00",32,"2019-01-08 00:00:00",1,1.1466,1608027.18,2,"Des 1360 0752 FONDEN DPE 00075-2019 (CLAP)",6,27,"2019-02-20 12:20:47","2019-02-20 14:47:28",300)', '(16,13,"2019-01-07 00:00:00",32,"2019-01-08 00:00:00",1,1.1466,1608027.18,2,,6,31,"2019-02-20 12:20:47","2019-02-20 11:19:28",300)', '2019-02-20 11:19:28', 6);
INSERT INTO pagos.tr_bitacora (id_bitacora, co_accion, tx_tabla, in_id_tabla, tx_old_valor, tx_new_valor, fe_accion, id_usuario) VALUES (784, 'INS', 'instruccion', 15, NULL, '(15,14,,1,18002193,005-19,t,"2019-01-09 00:00:00",9999498.60,2,,4,1,"2019-02-21 15:06:45","2019-02-21 15:06:45")', '2019-02-21 11:06:45', 4);
INSERT INTO pagos.tr_bitacora (id_bitacora, co_accion, tx_tabla, in_id_tabla, tx_old_valor, tx_new_valor, fe_accion, id_usuario) VALUES (723, 'UPD', 'usuario', 6, '(6,jgarcia,$2y$10$2gbtRvJOxNuvy0nAfFVCiObpomdO06hBtJvRIH.YBgoZELYUTINUu,22558788,Josmary,García,,22,"2019-01-25 18:07:13","2019-01-25 18:07:13",9moou7PgBFPd554ucaH97jrTzqHxisFRr5GR9K7rcKbLajHN5FUPaNKeXPWk,)', '(6,jgarcia,$2y$10$2gbtRvJOxNuvy0nAfFVCiObpomdO06hBtJvRIH.YBgoZELYUTINUu,22558788,Josmary,García,,22,"2019-01-25 18:07:13","2019-01-25 18:07:13",LvYC2KkNoRFzhyg3U9lupLwkiBdo1MWvOQAOZjS1dcRjA3NYb3djs5oBeCbr,)', '2019-02-20 12:30:49', 6);
INSERT INTO pagos.tr_bitacora (id_bitacora, co_accion, tx_tabla, in_id_tabla, tx_old_valor, tx_new_valor, fe_accion, id_usuario) VALUES (724, 'INS', 'ejecucion_pago', 22, NULL, '(22,20,10,"2019-01-10 00:00:00",3,,6,31,"2019-02-20 19:36:43","2019-02-20 19:36:43")', '2019-02-20 15:36:44', 6);
INSERT INTO pagos.tr_bitacora (id_bitacora, co_accion, tx_tabla, in_id_tabla, tx_old_valor, tx_new_valor, fe_accion, id_usuario) VALUES (725, 'UPD', 'cuenta', 2, '(2,2,1814599957.72,-1454455965.84,0.00,285335174.85,,6,1,"2019-01-25 15:33:00","2019-02-20 11:19:28")', '(2,2,1953624028.89,-1593480037.01,0.00,285335174.85,,6,1,"2019-01-25 15:33:00","2019-02-20 15:36:44")', '2019-02-20 15:36:44', 6);
INSERT INTO pagos.tr_bitacora (id_bitacora, co_accion, tx_tabla, in_id_tabla, tx_old_valor, tx_new_valor, fe_accion, id_usuario) VALUES (726, 'UPD', 'pago', 20, '(20,13,"2019-01-07 00:00:00",12,"2019-01-09 00:00:00",1,1.1466,4360718.65,2,"Des 1362 0752 FONDE DPE 00084-2019 (CLAP)",6,27,"2019-02-20 12:35:36","2019-02-20 14:36:11",49)', '(20,13,"2019-01-07 00:00:00",12,"2019-01-09 00:00:00",1,1.1466,4360718.65,2,,6,31,"2019-02-20 12:35:36","2019-02-20 15:36:44",49)', '2019-02-20 15:36:44', 6);
INSERT INTO pagos.tr_bitacora (id_bitacora, co_accion, tx_tabla, in_id_tabla, tx_old_valor, tx_new_valor, fe_accion, id_usuario) VALUES (727, 'INS', 'ejecucion_pago', 23, NULL, '(23,22,9,"2019-01-10 00:00:00",3,,6,31,"2019-02-20 19:37:41","2019-02-20 19:37:41")', '2019-02-20 15:37:41', 6);
INSERT INTO pagos.tr_bitacora (id_bitacora, co_accion, tx_tabla, in_id_tabla, tx_old_valor, tx_new_valor, fe_accion, id_usuario) VALUES (728, 'UPD', 'cuenta', 2, '(2,2,1953624028.89,-1593480037.01,0.00,285335174.85,,6,1,"2019-01-25 15:33:00","2019-02-20 15:36:44")', '(2,2,2092648100.06,-1732504108.18,0.00,285335174.85,,6,1,"2019-01-25 15:33:00","2019-02-20 15:37:41")', '2019-02-20 15:37:41', 6);
INSERT INTO pagos.tr_bitacora (id_bitacora, co_accion, tx_tabla, in_id_tabla, tx_old_valor, tx_new_valor, fe_accion, id_usuario) VALUES (729, 'UPD', 'pago', 22, '(22,13,"2019-01-07 00:00:00",9,"2019-01-09 00:00:00",1,1.1466,4356357.93,2,"Des 1366 0752 FONDEN DPE 00099-2019 (CLAP)",6,27,"2019-02-20 12:38:34","2019-02-20 14:37:46",359)', '(22,13,"2019-01-07 00:00:00",9,"2019-01-09 00:00:00",1,1.1466,4356357.93,2,,6,31,"2019-02-20 12:38:34","2019-02-20 15:37:41",359)', '2019-02-20 15:37:41', 6);
INSERT INTO pagos.tr_bitacora (id_bitacora, co_accion, tx_tabla, in_id_tabla, tx_old_valor, tx_new_valor, fe_accion, id_usuario) VALUES (730, 'INS', 'ejecucion_pago', 24, NULL, '(24,21,12,"2019-01-10 00:00:00",3,,6,31,"2019-02-20 19:38:26","2019-02-20 19:38:26")', '2019-02-20 15:38:26', 6);
INSERT INTO pagos.tr_bitacora (id_bitacora, co_accion, tx_tabla, in_id_tabla, tx_old_valor, tx_new_valor, fe_accion, id_usuario) VALUES (731, 'UPD', 'cuenta', 2, '(2,2,2092648100.06,-1732504108.18,0.00,285335174.85,,6,1,"2019-01-25 15:33:00","2019-02-20 15:37:41")', '(2,2,2231672171.23,-1871528179.35,0.00,285335174.85,,6,1,"2019-01-25 15:33:00","2019-02-20 15:38:26")', '2019-02-20 15:38:26', 6);
INSERT INTO pagos.tr_bitacora (id_bitacora, co_accion, tx_tabla, in_id_tabla, tx_old_valor, tx_new_valor, fe_accion, id_usuario) VALUES (732, 'UPD', 'pago', 21, '(21,13,"2019-01-07 00:00:00",12,"2019-01-09 00:00:00",1,1.1466,4360718.65,2,"Des 1363 0752 FONDEN DPE 00089-2019 (CLAP)",6,27,"2019-02-20 12:37:08","2019-02-20 14:37:10",459)', '(21,13,"2019-01-07 00:00:00",12,"2019-01-09 00:00:00",1,1.1466,4360718.65,2,,6,31,"2019-02-20 12:37:08","2019-02-20 15:38:26",459)', '2019-02-20 15:38:26', 6);
INSERT INTO pagos.tr_bitacora (id_bitacora, co_accion, tx_tabla, in_id_tabla, tx_old_valor, tx_new_valor, fe_accion, id_usuario) VALUES (733, 'UPD', 'ejecucion_pago', 22, '(22,20,10,"2019-01-10 00:00:00",3,,6,31,"2019-02-20 19:36:43","2019-02-20 19:36:43")', '(22,20,10,"2019-01-10 00:00:00",3,,6,27,"2019-02-20 19:36:43","2019-02-20 19:39:50")', '2019-02-20 15:39:51', 6);
INSERT INTO pagos.tr_bitacora (id_bitacora, co_accion, tx_tabla, in_id_tabla, tx_old_valor, tx_new_valor, fe_accion, id_usuario) VALUES (734, 'UPD', 'cuenta', 2, '(2,2,2231672171.23,-1871528179.35,0.00,285335174.85,,6,1,"2019-01-25 15:33:00","2019-02-20 15:38:26")', '(2,2,2236032889.88,-1871528179.35,0.00,289695893.50,,6,1,"2019-01-25 15:33:00","2019-02-20 15:39:51")', '2019-02-20 15:39:51', 6);
INSERT INTO pagos.tr_bitacora (id_bitacora, co_accion, tx_tabla, in_id_tabla, tx_old_valor, tx_new_valor, fe_accion, id_usuario) VALUES (735, 'UPD', 'pago', 20, '(20,13,"2019-01-07 00:00:00",12,"2019-01-09 00:00:00",1,1.1466,4360718.65,2,,6,31,"2019-02-20 12:35:36","2019-02-20 15:36:44",49)', '(20,13,"2019-01-07 00:00:00",12,"2019-01-09 00:00:00",1,1.1466,4360718.65,2,,6,27,"2019-02-20 12:35:36","2019-02-20 15:39:51",49)', '2019-02-20 15:39:51', 6);
INSERT INTO pagos.tr_bitacora (id_bitacora, co_accion, tx_tabla, in_id_tabla, tx_old_valor, tx_new_valor, fe_accion, id_usuario) VALUES (736, 'UPD', 'ejecucion_pago', 22, '(22,20,10,"2019-01-10 00:00:00",3,,6,27,"2019-02-20 19:36:43","2019-02-20 19:39:50")', '(22,20,12,"2019-01-10 00:00:00",3,,6,31,"2019-02-20 19:36:43","2019-02-20 19:40:06")', '2019-02-20 15:40:07', 6);
INSERT INTO pagos.tr_bitacora (id_bitacora, co_accion, tx_tabla, in_id_tabla, tx_old_valor, tx_new_valor, fe_accion, id_usuario) VALUES (737, 'UPD', 'cuenta', 2, '(2,2,2236032889.88,-1871528179.35,0.00,289695893.50,,6,1,"2019-01-25 15:33:00","2019-02-20 15:39:51")', '(2,2,2375056961.05,-2010552250.52,0.00,289695893.50,,6,1,"2019-01-25 15:33:00","2019-02-20 15:40:07")', '2019-02-20 15:40:07', 6);
INSERT INTO pagos.tr_bitacora (id_bitacora, co_accion, tx_tabla, in_id_tabla, tx_old_valor, tx_new_valor, fe_accion, id_usuario) VALUES (738, 'UPD', 'pago', 20, '(20,13,"2019-01-07 00:00:00",12,"2019-01-09 00:00:00",1,1.1466,4360718.65,2,,6,27,"2019-02-20 12:35:36","2019-02-20 15:39:51",49)', '(20,13,"2019-01-07 00:00:00",12,"2019-01-09 00:00:00",1,1.1466,4360718.65,2,,6,31,"2019-02-20 12:35:36","2019-02-20 15:40:07",49)', '2019-02-20 15:40:07', 6);
INSERT INTO pagos.tr_bitacora (id_bitacora, co_accion, tx_tabla, in_id_tabla, tx_old_valor, tx_new_valor, fe_accion, id_usuario) VALUES (739, 'INS', 'ejecucion_pago', 25, NULL, '(25,26,34,"2019-01-21 00:00:00",3,,6,31,"2019-02-20 19:40:58","2019-02-20 19:40:58")', '2019-02-20 15:40:59', 6);
INSERT INTO pagos.tr_bitacora (id_bitacora, co_accion, tx_tabla, in_id_tabla, tx_old_valor, tx_new_valor, fe_accion, id_usuario) VALUES (740, 'UPD', 'cuenta', 2, '(2,2,2375056961.05,-2010552250.52,0.00,289695893.50,,6,1,"2019-01-25 15:33:00","2019-02-20 15:40:07")', '(2,2,2514081032.22,-2149576321.69,0.00,289695893.50,,6,1,"2019-01-25 15:33:00","2019-02-20 15:40:59")', '2019-02-20 15:40:59', 6);
INSERT INTO pagos.tr_bitacora (id_bitacora, co_accion, tx_tabla, in_id_tabla, tx_old_valor, tx_new_valor, fe_accion, id_usuario) VALUES (741, 'UPD', 'pago', 26, '(26,13,"2019-01-07 00:00:00",34,"2019-01-15 00:00:00",1,1.1466,4360000.00,2,"Des 1373 0752 FONDEN DPE 00074-2019 (CLAP)",6,27,"2019-02-20 13:14:51","2019-02-20 13:14:51",303)', '(26,13,"2019-01-07 00:00:00",34,"2019-01-15 00:00:00",1,1.1466,4360000.00,2,,6,31,"2019-02-20 13:14:51","2019-02-20 15:40:59",303)', '2019-02-20 15:40:59', 6);
INSERT INTO pagos.tr_bitacora (id_bitacora, co_accion, tx_tabla, in_id_tabla, tx_old_valor, tx_new_valor, fe_accion, id_usuario) VALUES (742, 'INS', 'ejecucion_pago', 26, NULL, '(26,25,34,"2019-01-30 00:00:00",3,,6,31,"2019-02-20 19:41:24","2019-02-20 19:41:24")', '2019-02-20 15:41:24', 6);
INSERT INTO pagos.tr_bitacora (id_bitacora, co_accion, tx_tabla, in_id_tabla, tx_old_valor, tx_new_valor, fe_accion, id_usuario) VALUES (743, 'UPD', 'cuenta', 2, '(2,2,2514081032.22,-2149576321.69,0.00,289695893.50,,6,1,"2019-01-25 15:33:00","2019-02-20 15:40:59")', '(2,2,2653105103.39,-2288600392.86,0.00,289695893.50,,6,1,"2019-01-25 15:33:00","2019-02-20 15:41:24")', '2019-02-20 15:41:24', 6);
INSERT INTO pagos.tr_bitacora (id_bitacora, co_accion, tx_tabla, in_id_tabla, tx_old_valor, tx_new_valor, fe_accion, id_usuario) VALUES (744, 'UPD', 'pago', 25, '(25,13,"2019-01-07 00:00:00",34,"2019-01-24 00:00:00",1,1.1466,4288009.29,2,"Des 1410 0752 FONDEN DPE 00096-2019 (CLAP)",6,27,"2019-02-20 13:12:11","2019-02-20 13:12:11",190)', '(25,13,"2019-01-07 00:00:00",34,"2019-01-24 00:00:00",1,1.1466,4288009.29,2,,6,31,"2019-02-20 13:12:11","2019-02-20 15:41:24",190)', '2019-02-20 15:41:24', 6);
INSERT INTO pagos.tr_bitacora (id_bitacora, co_accion, tx_tabla, in_id_tabla, tx_old_valor, tx_new_valor, fe_accion, id_usuario) VALUES (745, 'INS', 'ejecucion_pago', 27, NULL, '(27,31,8,"2019-01-09 00:00:00",3,,6,31,"2019-02-20 19:42:41","2019-02-20 19:42:41")', '2019-02-20 15:42:42', 6);
INSERT INTO pagos.tr_bitacora (id_bitacora, co_accion, tx_tabla, in_id_tabla, tx_old_valor, tx_new_valor, fe_accion, id_usuario) VALUES (746, 'UPD', 'cuenta', 2, '(2,2,2653105103.39,-2288600392.86,0.00,289695893.50,,6,1,"2019-01-25 15:33:00","2019-02-20 15:41:24")', '(2,2,2792129174.56,-2427624464.03,0.00,289695893.50,,6,1,"2019-01-25 15:33:00","2019-02-20 15:42:42")', '2019-02-20 15:42:42', 6);
INSERT INTO pagos.tr_bitacora (id_bitacora, co_accion, tx_tabla, in_id_tabla, tx_old_valor, tx_new_valor, fe_accion, id_usuario) VALUES (747, 'UPD', 'pago', 31, '(31,13,"2019-01-07 00:00:00",8,"2019-01-08 00:00:00",1,1.1466,13082155.94,2,"Des 1355 0752 FONDEN (POLAR)",6,27,"2019-02-20 14:58:41","2019-02-20 14:58:41",199)', '(31,13,"2019-01-07 00:00:00",8,"2019-01-08 00:00:00",1,1.1466,13082155.94,2,,6,31,"2019-02-20 14:58:41","2019-02-20 15:42:42",199)', '2019-02-20 15:42:42', 6);
INSERT INTO pagos.tr_bitacora (id_bitacora, co_accion, tx_tabla, in_id_tabla, tx_old_valor, tx_new_valor, fe_accion, id_usuario) VALUES (748, 'UPD', 'usuario', 6, '(6,jgarcia,$2y$10$2gbtRvJOxNuvy0nAfFVCiObpomdO06hBtJvRIH.YBgoZELYUTINUu,22558788,Josmary,García,,22,"2019-01-25 18:07:13","2019-01-25 18:07:13",LvYC2KkNoRFzhyg3U9lupLwkiBdo1MWvOQAOZjS1dcRjA3NYb3djs5oBeCbr,)', '(6,jgarcia,$2y$10$2gbtRvJOxNuvy0nAfFVCiObpomdO06hBtJvRIH.YBgoZELYUTINUu,22558788,Josmary,García,,22,"2019-01-25 18:07:13","2019-01-25 18:07:13",jmwGOPcF2oNe0uiqkVJmcCQKMSusvNYzl2mbCPxuV5xxQuBRgVvzyOJQ5uLq,)', '2019-02-20 16:05:27', 6);
INSERT INTO pagos.tr_bitacora (id_bitacora, co_accion, tx_tabla, in_id_tabla, tx_old_valor, tx_new_valor, fe_accion, id_usuario) VALUES (749, 'INS', 'ingreso', 11, NULL, '(11,4,5,2,573600000.00,1.1418,"2018-12-20 00:00:00",,4,1,"2019-02-21 14:23:09","2019-02-21 14:23:09",8)', '2019-02-21 10:23:10', 4);
INSERT INTO pagos.tr_bitacora (id_bitacora, co_accion, tx_tabla, in_id_tabla, tx_old_valor, tx_new_valor, fe_accion, id_usuario) VALUES (750, 'UPD', 'cuenta', 2, '(2,2,2792129174.56,-2427624464.03,0.00,289695893.50,,6,1,"2019-01-25 15:33:00","2019-02-20 15:42:42")', '(2,2,3365729174.56,-2427624464.03,0.00,863295893.50,,4,1,"2019-01-25 15:33:00","2019-02-21 10:23:10")', '2019-02-21 10:23:10', 4);
INSERT INTO pagos.tr_bitacora (id_bitacora, co_accion, tx_tabla, in_id_tabla, tx_old_valor, tx_new_valor, fe_accion, id_usuario) VALUES (752, 'INS', 'banco', 36, NULL, '(36,"INVESTBANK BULGARIA",2,,6,22,"2019-02-21 14:25:17","2019-02-21 14:25:17",3,IORTBGSFXXX)', '2019-02-21 10:25:17', 6);
INSERT INTO pagos.tr_bitacora (id_bitacora, co_accion, tx_tabla, in_id_tabla, tx_old_valor, tx_new_valor, fe_accion, id_usuario) VALUES (754, 'UPD', 'pago', 32, '(32,13,"2019-01-07 00:00:00",34,"2019-01-08 00:00:00",1,1.1466,4335640.00,2,"FONDE DPE-00088-2019 Anulado",6,27,"2019-02-21 14:23:45","2019-02-21 14:23:45",445)', '(32,13,"2019-01-07 00:00:00",34,"2019-01-08 00:00:00",1,1.1466,4335640.00,2,,6,30,"2019-02-21 14:23:45","2019-02-21 10:26:27",445)', '2019-02-21 10:26:27', 6);
INSERT INTO pagos.tr_bitacora (id_bitacora, co_accion, tx_tabla, in_id_tabla, tx_old_valor, tx_new_valor, fe_accion, id_usuario) VALUES (755, 'UPD', 'pago', 27, '(27,13,"2019-01-07 00:00:00",10,"2019-01-09 00:00:00",1,1.1466,43559423.02,2,"Des 1367 0752 FONDEN DPE 00110-2019 (CLAP)",6,27,"2019-02-20 13:19:13","2019-02-20 13:19:13",53)', '(27,13,"2019-01-07 00:00:00",10,"2019-01-09 00:00:00",1,1.1466,22155842.24,2,"Des 1367 0752 FONDEN DPE 00110-2019 (CLAP)",6,27,"2019-02-20 13:19:13","2019-02-21 14:38:22",53)', '2019-02-21 10:38:22', 6);
INSERT INTO pagos.tr_bitacora (id_bitacora, co_accion, tx_tabla, in_id_tabla, tx_old_valor, tx_new_valor, fe_accion, id_usuario) VALUES (756, 'INS', 'pago', 33, NULL, '(33,13,"2019-01-07 00:00:00",10,"2019-01-30 00:00:00",1,1.1466,10499629.76,2,"Des 1372 0752 FONDEN DPE-00110-2019 (CLAP)",6,27,"2019-02-21 14:40:21","2019-02-21 14:40:21",53)', '2019-02-21 10:40:21', 6);
INSERT INTO pagos.tr_bitacora (id_bitacora, co_accion, tx_tabla, in_id_tabla, tx_old_valor, tx_new_valor, fe_accion, id_usuario) VALUES (757, 'INS', 'pago', 34, NULL, '(34,13,"2019-01-07 00:00:00",34,"2019-02-07 00:00:00",1,1.1466,10903951.02,2,"Des 1367.1 0752 FONDEN DPE-00110-2019 (CLAP) CESION ADON TRANDING",6,27,"2019-02-21 14:42:10","2019-02-21 14:42:10",53)', '2019-02-21 10:42:10', 6);
INSERT INTO pagos.tr_bitacora (id_bitacora, co_accion, tx_tabla, in_id_tabla, tx_old_valor, tx_new_valor, fe_accion, id_usuario) VALUES (758, 'INS', 'ejecucion_pago', 29, NULL, '(29,34,34,"2019-02-12 00:00:00",3,,6,31,"2019-02-21 14:43:11","2019-02-21 14:43:11")', '2019-02-21 10:43:11', 6);
INSERT INTO pagos.tr_bitacora (id_bitacora, co_accion, tx_tabla, in_id_tabla, tx_old_valor, tx_new_valor, fe_accion, id_usuario) VALUES (759, 'UPD', 'cuenta', 2, '(2,2,3365729174.56,-2427624464.03,0.00,863295893.50,,4,1,"2019-01-25 15:33:00","2019-02-21 10:23:10")', '(2,2,3504753245.73,-2566648535.20,0.00,863295893.50,,6,1,"2019-01-25 15:33:00","2019-02-21 10:43:11")', '2019-02-21 10:43:11', 6);
INSERT INTO pagos.tr_bitacora (id_bitacora, co_accion, tx_tabla, in_id_tabla, tx_old_valor, tx_new_valor, fe_accion, id_usuario) VALUES (760, 'UPD', 'pago', 34, '(34,13,"2019-01-07 00:00:00",34,"2019-02-07 00:00:00",1,1.1466,10903951.02,2,"Des 1367.1 0752 FONDEN DPE-00110-2019 (CLAP) CESION ADON TRANDING",6,27,"2019-02-21 14:42:10","2019-02-21 14:42:10",53)', '(34,13,"2019-01-07 00:00:00",34,"2019-02-07 00:00:00",1,1.1466,10903951.02,2,,6,31,"2019-02-21 14:42:10","2019-02-21 10:43:11",53)', '2019-02-21 10:43:11', 6);
INSERT INTO pagos.tr_bitacora (id_bitacora, co_accion, tx_tabla, in_id_tabla, tx_old_valor, tx_new_valor, fe_accion, id_usuario) VALUES (761, 'INS', 'pago', 35, NULL, '(35,13,"2019-01-07 00:00:00",9,"2019-01-15 00:00:00",1,1.1469,8719155.99,2,"Des 1380 0752 FONDEN (TRIGO RUSO)",6,27,"2019-02-21 14:46:06","2019-02-21 14:46:06",199)', '2019-02-21 10:46:07', 6);
INSERT INTO pagos.tr_bitacora (id_bitacora, co_accion, tx_tabla, in_id_tabla, tx_old_valor, tx_new_valor, fe_accion, id_usuario) VALUES (762, 'INS', 'ejecucion_pago', 30, NULL, '(30,35,12,"2019-01-17 00:00:00",3,,6,31,"2019-02-21 14:46:33","2019-02-21 14:46:33")', '2019-02-21 10:46:33', 6);
INSERT INTO pagos.tr_bitacora (id_bitacora, co_accion, tx_tabla, in_id_tabla, tx_old_valor, tx_new_valor, fe_accion, id_usuario) VALUES (763, 'UPD', 'cuenta', 2, '(2,2,3504753245.73,-2566648535.20,0.00,863295893.50,,6,1,"2019-01-25 15:33:00","2019-02-21 10:43:11")', '(2,2,3643777316.90,-2705672606.37,0.00,863295893.50,,6,1,"2019-01-25 15:33:00","2019-02-21 10:46:33")', '2019-02-21 10:46:33', 6);
INSERT INTO pagos.tr_bitacora (id_bitacora, co_accion, tx_tabla, in_id_tabla, tx_old_valor, tx_new_valor, fe_accion, id_usuario) VALUES (764, 'UPD', 'pago', 35, '(35,13,"2019-01-07 00:00:00",9,"2019-01-15 00:00:00",1,1.1469,8719155.99,2,"Des 1380 0752 FONDEN (TRIGO RUSO)",6,27,"2019-02-21 14:46:06","2019-02-21 14:46:06",199)', '(35,13,"2019-01-07 00:00:00",9,"2019-01-15 00:00:00",1,1.1469,8719155.99,2,,6,31,"2019-02-21 14:46:06","2019-02-21 10:46:33",199)', '2019-02-21 10:46:33', 6);
INSERT INTO pagos.tr_bitacora (id_bitacora, co_accion, tx_tabla, in_id_tabla, tx_old_valor, tx_new_valor, fe_accion, id_usuario) VALUES (765, 'INS', 'solicitud', 14, NULL, '(14,005-19,SALUD,9999498.60,"2019-01-09 00:00:00",475,1,6,,4,4,"2019-02-21 14:55:20","2019-02-21 14:55:20")', '2019-02-21 10:55:20', 4);
INSERT INTO pagos.tr_bitacora (id_bitacora, co_accion, tx_tabla, in_id_tabla, tx_old_valor, tx_new_valor, fe_accion, id_usuario) VALUES (766, 'INS', 'solicitud', 15, NULL, '(15,005-19,Jueguetes,6999066.58,"2019-01-09 00:00:00",475,1,32,,4,4,"2019-02-21 14:57:42","2019-02-21 14:57:42")', '2019-02-21 10:57:42', 4);
INSERT INTO pagos.tr_bitacora (id_bitacora, co_accion, tx_tabla, in_id_tabla, tx_old_valor, tx_new_valor, fe_accion, id_usuario) VALUES (767, 'UPD', 'pago', 35, '(35,13,"2019-01-07 00:00:00",9,"2019-01-15 00:00:00",1,1.1469,8719155.99,2,,6,31,"2019-02-21 14:46:06","2019-02-21 10:46:33",199)', '(35,13,"2019-01-07 00:00:00",12,"2019-01-16 00:00:00",1,1.1469,4281437.00,2,"Des 1364.1 0752 FONDEN DPE-00099-2019 (CLAP) CESION CLC",6,27,"2019-02-21 14:46:06","2019-02-21 14:57:59",275)', '2019-02-21 10:57:59', 6);
INSERT INTO pagos.tr_bitacora (id_bitacora, co_accion, tx_tabla, in_id_tabla, tx_old_valor, tx_new_valor, fe_accion, id_usuario) VALUES (768, 'UPD', 'ejecucion_pago', 30, '(30,35,12,"2019-01-17 00:00:00",3,,6,31,"2019-02-21 14:46:33","2019-02-21 14:46:33")', '(30,35,12,"2019-01-17 00:00:00",3,,6,27,"2019-02-21 14:46:33","2019-02-21 14:59:12")', '2019-02-21 10:59:13', 6);
INSERT INTO pagos.tr_bitacora (id_bitacora, co_accion, tx_tabla, in_id_tabla, tx_old_valor, tx_new_valor, fe_accion, id_usuario) VALUES (769, 'UPD', 'cuenta', 2, '(2,2,3643777316.90,-2705672606.37,0.00,863295893.50,,6,1,"2019-01-25 15:33:00","2019-02-21 10:46:33")', '(2,2,3648058753.90,-2705672606.37,0.00,867577330.50,,6,1,"2019-01-25 15:33:00","2019-02-21 10:59:13")', '2019-02-21 10:59:13', 6);
INSERT INTO pagos.tr_bitacora (id_bitacora, co_accion, tx_tabla, in_id_tabla, tx_old_valor, tx_new_valor, fe_accion, id_usuario) VALUES (770, 'UPD', 'pago', 35, '(35,13,"2019-01-07 00:00:00",12,"2019-01-16 00:00:00",1,1.1469,4281437.00,2,"Des 1364.1 0752 FONDEN DPE-00099-2019 (CLAP) CESION CLC",6,27,"2019-02-21 14:46:06","2019-02-21 14:57:59",275)', '(35,13,"2019-01-07 00:00:00",12,"2019-01-16 00:00:00",1,1.1469,4281437.00,2,,6,27,"2019-02-21 14:46:06","2019-02-21 10:59:13",275)', '2019-02-21 10:59:13', 6);
INSERT INTO pagos.tr_bitacora (id_bitacora, co_accion, tx_tabla, in_id_tabla, tx_old_valor, tx_new_valor, fe_accion, id_usuario) VALUES (771, 'UPD', 'ejecucion_pago', 30, '(30,35,12,"2019-01-17 00:00:00",3,,6,27,"2019-02-21 14:46:33","2019-02-21 14:59:12")', '(30,35,12,"2019-01-17 00:00:00",3,,6,27,"2019-02-21 14:46:33","2019-02-21 14:59:23")', '2019-02-21 10:59:23', 6);
INSERT INTO pagos.tr_bitacora (id_bitacora, co_accion, tx_tabla, in_id_tabla, tx_old_valor, tx_new_valor, fe_accion, id_usuario) VALUES (772, 'UPD', 'pago', 35, '(35,13,"2019-01-07 00:00:00",12,"2019-01-16 00:00:00",1,1.1469,4281437.00,2,,6,27,"2019-02-21 14:46:06","2019-02-21 10:59:13",275)', '(35,13,"2019-01-07 00:00:00",12,"2019-01-16 00:00:00",1,1.1469,4281437.00,2,,6,27,"2019-02-21 14:46:06","2019-02-21 10:59:23",275)', '2019-02-21 10:59:23', 6);
INSERT INTO pagos.tr_bitacora (id_bitacora, co_accion, tx_tabla, in_id_tabla, tx_old_valor, tx_new_valor, fe_accion, id_usuario) VALUES (773, 'UPD', 'ejecucion_pago', 30, '(30,35,12,"2019-01-17 00:00:00",3,,6,27,"2019-02-21 14:46:33","2019-02-21 14:59:23")', '(30,35,12,"2019-01-17 00:00:00",3,,6,31,"2019-02-21 14:46:33","2019-02-21 14:59:32")', '2019-02-21 10:59:33', 6);
INSERT INTO pagos.tr_bitacora (id_bitacora, co_accion, tx_tabla, in_id_tabla, tx_old_valor, tx_new_valor, fe_accion, id_usuario) VALUES (774, 'UPD', 'cuenta', 2, '(2,2,3648058753.90,-2705672606.37,0.00,867577330.50,,6,1,"2019-01-25 15:33:00","2019-02-21 10:59:13")', '(2,2,3787082825.07,-2844696677.54,0.00,867577330.50,,6,1,"2019-01-25 15:33:00","2019-02-21 10:59:33")', '2019-02-21 10:59:33', 6);
INSERT INTO pagos.tr_bitacora (id_bitacora, co_accion, tx_tabla, in_id_tabla, tx_old_valor, tx_new_valor, fe_accion, id_usuario) VALUES (775, 'UPD', 'pago', 35, '(35,13,"2019-01-07 00:00:00",12,"2019-01-16 00:00:00",1,1.1469,4281437.00,2,,6,27,"2019-02-21 14:46:06","2019-02-21 10:59:23",275)', '(35,13,"2019-01-07 00:00:00",12,"2019-01-16 00:00:00",1,1.1469,4281437.00,2,,6,31,"2019-02-21 14:46:06","2019-02-21 10:59:33",275)', '2019-02-21 10:59:33', 6);
INSERT INTO pagos.tr_bitacora (id_bitacora, co_accion, tx_tabla, in_id_tabla, tx_old_valor, tx_new_valor, fe_accion, id_usuario) VALUES (776, 'INS', 'categoria', 39, NULL, '(39,Electrodomesticos,,4,22,"2019-02-21 15:01:48","2019-02-21 15:01:48")', '2019-02-21 11:01:49', 4);
INSERT INTO pagos.tr_bitacora (id_bitacora, co_accion, tx_tabla, in_id_tabla, tx_old_valor, tx_new_valor, fe_accion, id_usuario) VALUES (777, 'INS', 'ejecucion_pago', 31, NULL, '(31,28,12,"2019-01-10 00:00:00",3,,6,31,"2019-02-21 15:01:55","2019-02-21 15:01:55")', '2019-02-21 11:01:55', 6);
INSERT INTO pagos.tr_bitacora (id_bitacora, co_accion, tx_tabla, in_id_tabla, tx_old_valor, tx_new_valor, fe_accion, id_usuario) VALUES (778, 'UPD', 'cuenta', 2, '(2,2,3787082825.07,-2844696677.54,0.00,867577330.50,,6,1,"2019-01-25 15:33:00","2019-02-21 10:59:33")', '(2,2,3804182825.07,-2861796677.54,0.00,867577330.50,,6,1,"2019-01-25 15:33:00","2019-02-21 11:01:55")', '2019-02-21 11:01:55', 6);
INSERT INTO pagos.tr_bitacora (id_bitacora, co_accion, tx_tabla, in_id_tabla, tx_old_valor, tx_new_valor, fe_accion, id_usuario) VALUES (779, 'UPD', 'pago', 28, '(28,7,"2019-01-07 00:00:00",12,"2019-01-09 00:00:00",1,1.0000,17057250.00,2,"Des 564 0727 CORPOVEX AZUCAR CRUDO/MV HECTOR",6,27,"2019-02-20 13:28:38","2019-02-20 13:28:38",110)', '(28,7,"2019-01-07 00:00:00",12,"2019-01-09 00:00:00",1,1.0000,17057250.00,2,,6,31,"2019-02-20 13:28:38","2019-02-21 11:01:55",110)', '2019-02-21 11:01:55', 6);
INSERT INTO pagos.tr_bitacora (id_bitacora, co_accion, tx_tabla, in_id_tabla, tx_old_valor, tx_new_valor, fe_accion, id_usuario) VALUES (780, 'INS', 'solicitud', 16, NULL, '(16,005-19,"NAVIDAD 2018 MULBERRY",6999066.58,"2019-01-09 00:00:00",475,1,37,,4,4,"2019-02-21 15:02:55","2019-02-21 15:02:55")', '2019-02-21 11:02:56', 4);
INSERT INTO pagos.tr_bitacora (id_bitacora, co_accion, tx_tabla, in_id_tabla, tx_old_valor, tx_new_valor, fe_accion, id_usuario) VALUES (781, 'INS', 'solicitud', 17, NULL, '(17,005-19,DEPORTE,500000.00,"2019-01-09 00:00:00",475,2,26,,4,4,"2019-02-21 15:04:03","2019-02-21 15:04:03")', '2019-02-21 11:04:03', 4);
INSERT INTO pagos.tr_bitacora (id_bitacora, co_accion, tx_tabla, in_id_tabla, tx_old_valor, tx_new_valor, fe_accion, id_usuario) VALUES (782, 'INS', 'instruccion', 14, NULL, '(14,15,,1,18002193,005-19,t,"2019-01-09 00:00:00",6999066.58,2,,4,1,"2019-02-21 15:06:02","2019-02-21 15:06:02")', '2019-02-21 11:06:02', 4);
INSERT INTO pagos.tr_bitacora (id_bitacora, co_accion, tx_tabla, in_id_tabla, tx_old_valor, tx_new_valor, fe_accion, id_usuario) VALUES (783, 'UPD', 'cuenta', 2, '(2,2,3804182825.07,-2861796677.54,0.00,867577330.50,,6,1,"2019-01-25 15:33:00","2019-02-21 11:01:55")', '(2,2,860578263.92,-2854797610.96,0.00,867577330.50,,4,1,"2019-01-25 15:33:00","2019-02-21 11:06:02")', '2019-02-21 11:06:02', 4);
INSERT INTO pagos.tr_bitacora (id_bitacora, co_accion, tx_tabla, in_id_tabla, tx_old_valor, tx_new_valor, fe_accion, id_usuario) VALUES (785, 'UPD', 'cuenta', 2, '(2,2,860578263.92,-2854797610.96,0.00,867577330.50,,4,1,"2019-01-25 15:33:00","2019-02-21 11:06:02")', '(2,2,857577831.90,-2844798112.36,0.00,867577330.50,,4,1,"2019-01-25 15:33:00","2019-02-21 11:06:45")', '2019-02-21 11:06:45', 4);
INSERT INTO pagos.tr_bitacora (id_bitacora, co_accion, tx_tabla, in_id_tabla, tx_old_valor, tx_new_valor, fe_accion, id_usuario) VALUES (786, 'INS', 'instruccion', 16, NULL, '(16,16,,1,18002193,005-19,t,"2019-01-09 00:00:00",6999066.58,2,,4,1,"2019-02-21 15:07:38","2019-02-21 15:07:38")', '2019-02-21 11:07:38', 4);
INSERT INTO pagos.tr_bitacora (id_bitacora, co_accion, tx_tabla, in_id_tabla, tx_old_valor, tx_new_valor, fe_accion, id_usuario) VALUES (787, 'UPD', 'cuenta', 2, '(2,2,857577831.90,-2844798112.36,0.00,867577330.50,,4,1,"2019-01-25 15:33:00","2019-02-21 11:06:45")', '(2,2,860578263.92,-2837799045.78,0.00,867577330.50,,4,1,"2019-01-25 15:33:00","2019-02-21 11:07:38")', '2019-02-21 11:07:38', 4);
INSERT INTO pagos.tr_bitacora (id_bitacora, co_accion, tx_tabla, in_id_tabla, tx_old_valor, tx_new_valor, fe_accion, id_usuario) VALUES (788, 'INS', 'instruccion', 17, NULL, '(17,17,,1,18002193,005-19,t,"2019-01-09 00:00:00",500000.00,2,,4,1,"2019-02-21 15:08:23","2019-02-21 15:08:23")', '2019-02-21 11:08:24', 4);
INSERT INTO pagos.tr_bitacora (id_bitacora, co_accion, tx_tabla, in_id_tabla, tx_old_valor, tx_new_valor, fe_accion, id_usuario) VALUES (789, 'UPD', 'cuenta', 2, '(2,2,860578263.92,-2837799045.78,0.00,867577330.50,,4,1,"2019-01-25 15:33:00","2019-02-21 11:07:38")', '(2,2,867077330.50,-2837299045.78,0.00,867577330.50,,4,1,"2019-01-25 15:33:00","2019-02-21 11:08:24")', '2019-02-21 11:08:24', 4);
INSERT INTO pagos.tr_bitacora (id_bitacora, co_accion, tx_tabla, in_id_tabla, tx_old_valor, tx_new_valor, fe_accion, id_usuario) VALUES (790, 'UPD', 'categoria', 39, '(39,Electrodomesticos,,4,22,"2019-02-21 15:01:48","2019-02-21 15:01:48")', '(39,Electrodomesticos,,4,23,"2019-02-21 15:01:48","2019-02-21 15:11:18")', '2019-02-21 11:11:19', 4);
INSERT INTO pagos.tr_bitacora (id_bitacora, co_accion, tx_tabla, in_id_tabla, tx_old_valor, tx_new_valor, fe_accion, id_usuario) VALUES (791, 'INS', 'pago', 36, NULL, '(36,16,"2019-01-09 00:00:00",10,"2019-01-30 00:00:00",1,1.0000,6999066.58,1,"Des 1372 0752 FONDEN DPE-00113/00115-2019 CESION ADON TRADING",6,27,"2019-02-21 15:16:05","2019-02-21 15:16:05",318)', '2019-02-21 11:16:06', 6);
INSERT INTO pagos.tr_bitacora (id_bitacora, co_accion, tx_tabla, in_id_tabla, tx_old_valor, tx_new_valor, fe_accion, id_usuario) VALUES (792, 'INS', 'solicitud', 18, NULL, '(18,007-19,EMDOM-ELECTRODOMESTICOS,1535492.21,"2019-01-10 00:00:00",475,2,37,,4,4,"2019-02-21 15:37:35","2019-02-21 15:37:35")', '2019-02-21 11:37:35', 4);
INSERT INTO pagos.tr_bitacora (id_bitacora, co_accion, tx_tabla, in_id_tabla, tx_old_valor, tx_new_valor, fe_accion, id_usuario) VALUES (793, 'INS', 'instruccion', 18, NULL, '(18,18,,1,18002193,007-19,t,"2019-01-10 00:00:00",1535492.21,2,,4,1,"2019-02-21 15:38:14","2019-02-21 15:38:14")', '2019-02-21 11:38:14', 4);
INSERT INTO pagos.tr_bitacora (id_bitacora, co_accion, tx_tabla, in_id_tabla, tx_old_valor, tx_new_valor, fe_accion, id_usuario) VALUES (794, 'UPD', 'cuenta', 2, '(2,2,867077330.50,-2837299045.78,0.00,867577330.50,,4,1,"2019-01-25 15:33:00","2019-02-21 11:08:24")', '(2,2,866041838.29,-2835763553.57,0.00,867577330.50,,4,1,"2019-01-25 15:33:00","2019-02-21 11:38:14")', '2019-02-21 11:38:14', 4);
INSERT INTO pagos.tr_bitacora (id_bitacora, co_accion, tx_tabla, in_id_tabla, tx_old_valor, tx_new_valor, fe_accion, id_usuario) VALUES (795, 'UPD', 'usuario', 6, '(6,jgarcia,$2y$10$2gbtRvJOxNuvy0nAfFVCiObpomdO06hBtJvRIH.YBgoZELYUTINUu,22558788,Josmary,García,,22,"2019-01-25 18:07:13","2019-01-25 18:07:13",jmwGOPcF2oNe0uiqkVJmcCQKMSusvNYzl2mbCPxuV5xxQuBRgVvzyOJQ5uLq,)', '(6,jgarcia,$2y$10$2gbtRvJOxNuvy0nAfFVCiObpomdO06hBtJvRIH.YBgoZELYUTINUu,22558788,Josmary,García,,22,"2019-01-25 18:07:13","2019-01-25 18:07:13",f0vDbonUHMbfS2veIWDfz6N1GwIK3MGCtGDNGQj66IX6fr4E9sUSXAPou2zk,)', '2019-02-21 12:24:32', 6);
INSERT INTO pagos.tr_bitacora (id_bitacora, co_accion, tx_tabla, in_id_tabla, tx_old_valor, tx_new_valor, fe_accion, id_usuario) VALUES (796, 'INS', 'solicitud', 19, NULL, '(19,008-19,"SALUD PALESTINA",2376965.60,"2019-01-10 00:00:00",475,2,6,,4,4,"2019-02-21 16:54:52","2019-02-21 16:54:52")', '2019-02-21 12:54:53', 4);
INSERT INTO pagos.tr_bitacora (id_bitacora, co_accion, tx_tabla, in_id_tabla, tx_old_valor, tx_new_valor, fe_accion, id_usuario) VALUES (797, 'UPD', 'solicitud', 19, '(19,008-19,"SALUD PALESTINA",2376965.60,"2019-01-10 00:00:00",475,2,6,,4,4,"2019-02-21 16:54:52","2019-02-21 16:54:52")', '(19,008-19,"SALUD PALESTINA VERONESE",11098403.00,"2019-01-10 00:00:00",475,2,6,,4,4,"2019-02-21 16:54:52","2019-02-21 16:55:57")', '2019-02-21 12:55:57', 4);
INSERT INTO pagos.tr_bitacora (id_bitacora, co_accion, tx_tabla, in_id_tabla, tx_old_valor, tx_new_valor, fe_accion, id_usuario) VALUES (798, 'INS', 'instruccion', 19, NULL, '(19,19,,1,18002193,008-18,t,"2019-01-10 00:00:00",11098403.00,2,,4,1,"2019-02-21 17:04:43","2019-02-21 17:04:43")', '2019-02-21 13:04:43', 4);
INSERT INTO pagos.tr_bitacora (id_bitacora, co_accion, tx_tabla, in_id_tabla, tx_old_valor, tx_new_valor, fe_accion, id_usuario) VALUES (799, 'UPD', 'cuenta', 2, '(2,2,866041838.29,-2835763553.57,0.00,867577330.50,,4,1,"2019-01-25 15:33:00","2019-02-21 11:38:14")', '(2,2,856478927.50,-2824665150.57,0.00,867577330.50,,4,1,"2019-01-25 15:33:00","2019-02-21 13:04:43")', '2019-02-21 13:04:43', 4);
INSERT INTO pagos.tr_bitacora (id_bitacora, co_accion, tx_tabla, in_id_tabla, tx_old_valor, tx_new_valor, fe_accion, id_usuario) VALUES (800, 'INS', 'solicitud', 20, NULL, '(20,009-19,"DEPORTE- D1",200000.00,"2019-01-11 00:00:00",475,1,26,,4,4,"2019-02-21 17:29:23","2019-02-21 17:29:23")', '2019-02-21 13:29:24', 4);
INSERT INTO pagos.tr_bitacora (id_bitacora, co_accion, tx_tabla, in_id_tabla, tx_old_valor, tx_new_valor, fe_accion, id_usuario) VALUES (801, 'INS', 'instruccion', 20, NULL, '(20,20,,1,18002193,009-19,t,"2019-01-11 00:00:00",200000.00,2,,4,1,"2019-02-21 17:30:07","2019-02-21 17:30:07")', '2019-02-21 13:30:08', 4);
INSERT INTO pagos.tr_bitacora (id_bitacora, co_accion, tx_tabla, in_id_tabla, tx_old_valor, tx_new_valor, fe_accion, id_usuario) VALUES (802, 'UPD', 'cuenta', 2, '(2,2,856478927.50,-2824665150.57,0.00,867577330.50,,4,1,"2019-01-25 15:33:00","2019-02-21 13:04:43")', '(2,2,867377330.50,-2824465150.57,0.00,867577330.50,,4,1,"2019-01-25 15:33:00","2019-02-21 13:30:08")', '2019-02-21 13:30:08', 4);
INSERT INTO pagos.tr_bitacora (id_bitacora, co_accion, tx_tabla, in_id_tabla, tx_old_valor, tx_new_valor, fe_accion, id_usuario) VALUES (803, 'INS', 'ente', 476, NULL, '(476,"FACTOR TRADING S.A",4,6,,6,22,"2019-02-21 22:07:34","2019-02-21 22:07:34")', '2019-02-21 18:07:35', 6);
INSERT INTO pagos.tr_bitacora (id_bitacora, co_accion, tx_tabla, in_id_tabla, tx_old_valor, tx_new_valor, fe_accion, id_usuario) VALUES (804, 'INS', 'pago', 37, NULL, '(37,19,"2019-01-10 00:00:00",11,"2019-02-15 00:00:00",2,1.0000,2070440.87,2,"Des 1447 0752 FONDEN DPE-05310-2018 CESION PENINSULA SE PAGO EN LIRAS 12.345.417,76",6,27,"2019-02-21 22:29:49","2019-02-21 22:29:49",476)', '2019-02-21 18:29:50', 6);
INSERT INTO pagos.tr_bitacora (id_bitacora, co_accion, tx_tabla, in_id_tabla, tx_old_valor, tx_new_valor, fe_accion, id_usuario) VALUES (805, 'INS', 'ejecucion_pago', 32, NULL, '(32,37,11,"2019-02-19 00:00:00",1,"NULO NO ESPECIFICA BENEFICIARIO FINAL (POLITICAS INTERNAS)",6,29,"2019-02-21 22:30:31","2019-02-21 22:30:31")', '2019-02-21 18:30:32', 6);
INSERT INTO pagos.tr_bitacora (id_bitacora, co_accion, tx_tabla, in_id_tabla, tx_old_valor, tx_new_valor, fe_accion, id_usuario) VALUES (806, 'UPD', 'pago', 37, '(37,19,"2019-01-10 00:00:00",11,"2019-02-15 00:00:00",2,1.0000,2070440.87,2,"Des 1447 0752 FONDEN DPE-05310-2018 CESION PENINSULA SE PAGO EN LIRAS 12.345.417,76",6,27,"2019-02-21 22:29:49","2019-02-21 22:29:49",476)', '(37,19,"2019-01-10 00:00:00",11,"2019-02-15 00:00:00",2,1.0000,2070440.87,2,"NULO NO ESPECIFICA BENEFICIARIO FINAL (POLITICAS INTERNAS)",6,29,"2019-02-21 22:29:49","2019-02-21 18:30:32",476)', '2019-02-21 18:30:32', 6);
INSERT INTO pagos.tr_bitacora (id_bitacora, co_accion, tx_tabla, in_id_tabla, tx_old_valor, tx_new_valor, fe_accion, id_usuario) VALUES (807, 'INS', 'banco', 37, NULL, '(37,"NORTH INTERNATIONAL BANK",2,,6,22,"2019-02-21 22:32:43","2019-02-21 22:32:43",2,NOITAGAGXXX)', '2019-02-21 18:32:44', 6);
INSERT INTO pagos.tr_bitacora (id_bitacora, co_accion, tx_tabla, in_id_tabla, tx_old_valor, tx_new_valor, fe_accion, id_usuario) VALUES (808, 'INS', 'pago', 38, NULL, '(38,19,"2019-01-10 00:00:00",37,"2019-01-15 00:00:00",1,1.1466,7033982.50,2,"Des 1377.1 0752 FONDEN DPE-00158-2019 (DIALISIS)",6,27,"2019-02-21 22:34:24","2019-02-21 22:34:24",452)', '2019-02-21 18:34:25', 6);
INSERT INTO pagos.tr_bitacora (id_bitacora, co_accion, tx_tabla, in_id_tabla, tx_old_valor, tx_new_valor, fe_accion, id_usuario) VALUES (809, 'INS', 'ejecucion_pago', 33, NULL, '(33,38,37,"2019-01-17 00:00:00",3,,6,31,"2019-02-21 22:36:49","2019-02-21 22:36:49")', '2019-02-21 18:36:50', 6);
INSERT INTO pagos.tr_bitacora (id_bitacora, co_accion, tx_tabla, in_id_tabla, tx_old_valor, tx_new_valor, fe_accion, id_usuario) VALUES (810, 'UPD', 'cuenta', 2, '(2,2,867377330.50,-2824465150.57,0.00,867577330.50,,4,1,"2019-01-25 15:33:00","2019-02-21 13:30:08")', '(2,2,878475733.50,-2835563553.57,0.00,867577330.50,,6,1,"2019-01-25 15:33:00","2019-02-21 18:36:50")', '2019-02-21 18:36:50', 6);
INSERT INTO pagos.tr_bitacora (id_bitacora, co_accion, tx_tabla, in_id_tabla, tx_old_valor, tx_new_valor, fe_accion, id_usuario) VALUES (811, 'UPD', 'pago', 38, '(38,19,"2019-01-10 00:00:00",37,"2019-01-15 00:00:00",1,1.1466,7033982.50,2,"Des 1377.1 0752 FONDEN DPE-00158-2019 (DIALISIS)",6,27,"2019-02-21 22:34:24","2019-02-21 22:34:24",452)', '(38,19,"2019-01-10 00:00:00",37,"2019-01-15 00:00:00",1,1.1466,7033982.50,2,,6,31,"2019-02-21 22:34:24","2019-02-21 18:36:50",452)', '2019-02-21 18:36:50', 6);
INSERT INTO pagos.tr_bitacora (id_bitacora, co_accion, tx_tabla, in_id_tabla, tx_old_valor, tx_new_valor, fe_accion, id_usuario) VALUES (812, 'INS', 'pago', 39, NULL, '(39,19,"2019-01-10 00:00:00",34,"2019-02-01 00:00:00",1,1.1466,1835352.64,2,"Des. 1379.1 0752 FONDEN DPE-00160-2019 (DIALISIS)",6,27,"2019-02-21 22:39:28","2019-02-21 22:39:28",452)', '2019-02-21 18:39:28', 6);
INSERT INTO pagos.tr_bitacora (id_bitacora, co_accion, tx_tabla, in_id_tabla, tx_old_valor, tx_new_valor, fe_accion, id_usuario) VALUES (813, 'INS', 'ejecucion_pago', 34, NULL, '(34,39,36,"2019-02-12 00:00:00",3,,6,31,"2019-02-21 22:40:35","2019-02-21 22:40:35")', '2019-02-21 18:40:36', 6);
INSERT INTO pagos.tr_bitacora (id_bitacora, co_accion, tx_tabla, in_id_tabla, tx_old_valor, tx_new_valor, fe_accion, id_usuario) VALUES (814, 'UPD', 'cuenta', 2, '(2,2,878475733.50,-2835563553.57,0.00,867577330.50,,6,1,"2019-01-25 15:33:00","2019-02-21 18:36:50")', '(2,2,889574136.50,-2846661956.57,0.00,867577330.50,,6,1,"2019-01-25 15:33:00","2019-02-21 18:40:36")', '2019-02-21 18:40:36', 6);
INSERT INTO pagos.tr_bitacora (id_bitacora, co_accion, tx_tabla, in_id_tabla, tx_old_valor, tx_new_valor, fe_accion, id_usuario) VALUES (815, 'UPD', 'pago', 39, '(39,19,"2019-01-10 00:00:00",34,"2019-02-01 00:00:00",1,1.1466,1835352.64,2,"Des. 1379.1 0752 FONDEN DPE-00160-2019 (DIALISIS)",6,27,"2019-02-21 22:39:28","2019-02-21 22:39:28",452)', '(39,19,"2019-01-10 00:00:00",34,"2019-02-01 00:00:00",1,1.1466,1835352.64,2,,6,31,"2019-02-21 22:39:28","2019-02-21 18:40:36",452)', '2019-02-21 18:40:36', 6);
INSERT INTO pagos.tr_bitacora (id_bitacora, co_accion, tx_tabla, in_id_tabla, tx_old_valor, tx_new_valor, fe_accion, id_usuario) VALUES (816, 'UPD', 'usuario', 6, '(6,jgarcia,$2y$10$2gbtRvJOxNuvy0nAfFVCiObpomdO06hBtJvRIH.YBgoZELYUTINUu,22558788,Josmary,García,,22,"2019-01-25 18:07:13","2019-01-25 18:07:13",f0vDbonUHMbfS2veIWDfz6N1GwIK3MGCtGDNGQj66IX6fr4E9sUSXAPou2zk,)', '(6,jgarcia,$2y$10$2gbtRvJOxNuvy0nAfFVCiObpomdO06hBtJvRIH.YBgoZELYUTINUu,22558788,Josmary,García,,22,"2019-01-25 18:07:13","2019-01-25 18:07:13",UZl9IyynSn0ACJ8u7YhU5b0L8fkaKYNr2fKWVOoAwxkr5cwtMxmtyshxeRW3,)', '2019-02-21 18:42:58', 6);
INSERT INTO pagos.tr_bitacora (id_bitacora, co_accion, tx_tabla, in_id_tabla, tx_old_valor, tx_new_valor, fe_accion, id_usuario) VALUES (817, 'INS', 'pago', 40, NULL, '(40,6,"2019-01-07 00:00:00",28,"2019-01-07 00:00:00",1,1.1466,12538490.50,2,"Des. 556 0727 CORPOVEX Adquisición de Torta de Soya/BUQUE MV CHICAGO HARMONY",6,27,"2019-02-21 23:21:17","2019-02-21 23:21:17",97)', '2019-02-21 19:21:18', 6);
INSERT INTO pagos.tr_bitacora (id_bitacora, co_accion, tx_tabla, in_id_tabla, tx_old_valor, tx_new_valor, fe_accion, id_usuario) VALUES (818, 'UPD', 'usuario', 6, '(6,jgarcia,$2y$10$2gbtRvJOxNuvy0nAfFVCiObpomdO06hBtJvRIH.YBgoZELYUTINUu,22558788,Josmary,García,,22,"2019-01-25 18:07:13","2019-01-25 18:07:13",UZl9IyynSn0ACJ8u7YhU5b0L8fkaKYNr2fKWVOoAwxkr5cwtMxmtyshxeRW3,)', '(6,jgarcia,$2y$10$2gbtRvJOxNuvy0nAfFVCiObpomdO06hBtJvRIH.YBgoZELYUTINUu,22558788,Josmary,García,,22,"2019-01-25 18:07:13","2019-01-25 18:07:13",F854AVPqKCvqgsUev5WYEAMy6XMq6ZHYlsXZhj1jPc4x6yPcvrIg3g7ngOpI,)', '2019-02-21 19:32:55', 6);
INSERT INTO pagos.tr_bitacora (id_bitacora, co_accion, tx_tabla, in_id_tabla, tx_old_valor, tx_new_valor, fe_accion, id_usuario) VALUES (819, 'INS', 'categoria', 40, NULL, '(40,PGR,,4,22,"2019-02-22 01:45:19","2019-02-22 01:45:19")', '2019-02-21 21:45:20', 4);
INSERT INTO pagos.tr_bitacora (id_bitacora, co_accion, tx_tabla, in_id_tabla, tx_old_valor, tx_new_valor, fe_accion, id_usuario) VALUES (820, 'INS', 'solicitud', 21, NULL, '(21,009-19,PROCURADURIA,1300000.00,"2019-01-11 00:00:00",475,1,40,,4,4,"2019-02-22 01:46:11","2019-02-22 01:46:11")', '2019-02-21 21:46:11', 4);
INSERT INTO pagos.tr_bitacora (id_bitacora, co_accion, tx_tabla, in_id_tabla, tx_old_valor, tx_new_valor, fe_accion, id_usuario) VALUES (821, 'INS', 'instruccion', 21, NULL, '(21,21,,1,18002193,009-19,t,"2019-01-11 00:00:00",1300000.00,2,,4,1,"2019-02-22 01:46:56","2019-02-22 01:46:56")', '2019-02-21 21:46:57', 4);
INSERT INTO pagos.tr_bitacora (id_bitacora, co_accion, tx_tabla, in_id_tabla, tx_old_valor, tx_new_valor, fe_accion, id_usuario) VALUES (822, 'UPD', 'cuenta', 2, '(2,2,889574136.50,-2846661956.57,0.00,867577330.50,,6,1,"2019-01-25 15:33:00","2019-02-21 18:40:36")', '(2,2,866277330.50,-2845361956.57,0.00,867577330.50,,4,1,"2019-01-25 15:33:00","2019-02-21 21:46:57")', '2019-02-21 21:46:57', 4);
INSERT INTO pagos.tr_bitacora (id_bitacora, co_accion, tx_tabla, in_id_tabla, tx_old_valor, tx_new_valor, fe_accion, id_usuario) VALUES (823, 'UPD', 'usuario', 4, '(4,dduran,$2y$10$FfrmFiUOtGSJgFNHAqAvR.9tK4jNkzhmQ.JVWot6aYyEKYp4mqVFG,24557629,DAIMAR,DURAN,,22,"2018-10-19 18:45:47","2019-01-25 18:08:35",AtWrJWyUnlXbP2aQ2wUyLvqqOIgQsXOVFOwo4my5a0x800uXKNO1e6soAPKM,)', '(4,dduran,$2y$10$FfrmFiUOtGSJgFNHAqAvR.9tK4jNkzhmQ.JVWot6aYyEKYp4mqVFG,24557629,DAIMAR,DURAN,,22,"2018-10-19 18:45:47","2019-01-25 18:08:35",uObsVJCdmTqtALJ4QvUR7Mde8pwt79gnvWVvaZ7EFtc3JGZiWaCvTlrkzWXY,)', '2019-02-21 22:30:09', 4);
INSERT INTO pagos.tr_bitacora (id_bitacora, co_accion, tx_tabla, in_id_tabla, tx_old_valor, tx_new_valor, fe_accion, id_usuario) VALUES (824, 'INS', 'ejecucion_pago', 35, NULL, '(35,40,28,"2019-01-08 00:00:00",3,,6,31,"2019-02-22 18:02:13","2019-02-22 18:02:13")', '2019-02-22 14:02:13', 6);
INSERT INTO pagos.tr_bitacora (id_bitacora, co_accion, tx_tabla, in_id_tabla, tx_old_valor, tx_new_valor, fe_accion, id_usuario) VALUES (825, 'UPD', 'cuenta', 2, '(2,2,866277330.50,-2845361956.57,0.00,867577330.50,,4,1,"2019-01-25 15:33:00","2019-02-21 21:46:57")', '(2,2,882291402.58,-2861376028.65,0.00,867577330.50,,6,1,"2019-01-25 15:33:00","2019-02-22 14:02:13")', '2019-02-22 14:02:13', 6);
INSERT INTO pagos.tr_bitacora (id_bitacora, co_accion, tx_tabla, in_id_tabla, tx_old_valor, tx_new_valor, fe_accion, id_usuario) VALUES (826, 'UPD', 'pago', 40, '(40,6,"2019-01-07 00:00:00",28,"2019-01-07 00:00:00",1,1.1466,12538490.50,2,"Des. 556 0727 CORPOVEX Adquisición de Torta de Soya/BUQUE MV CHICAGO HARMONY",6,27,"2019-02-21 23:21:17","2019-02-21 23:21:17",97)', '(40,6,"2019-01-07 00:00:00",28,"2019-01-07 00:00:00",1,1.1466,12538490.50,2,,6,31,"2019-02-21 23:21:17","2019-02-22 14:02:13",97)', '2019-02-22 14:02:13', 6);
INSERT INTO pagos.tr_bitacora (id_bitacora, co_accion, tx_tabla, in_id_tabla, tx_old_valor, tx_new_valor, fe_accion, id_usuario) VALUES (827, 'INS', 'pago', 41, NULL, '(41,10,"2019-01-07 00:00:00",10,"2019-01-07 00:00:00",1,1.1466,9132866.06,2,"Des. 558 0727 CORPOVEX Adquisicion de Trigo Panadero/BUQUE CALM BAY",6,27,"2019-02-22 18:04:51","2019-02-22 18:04:51",189)', '2019-02-22 14:04:51', 6);
INSERT INTO pagos.tr_bitacora (id_bitacora, co_accion, tx_tabla, in_id_tabla, tx_old_valor, tx_new_valor, fe_accion, id_usuario) VALUES (828, 'INS', 'pago', 42, NULL, '(42,12,"2019-01-07 00:00:00",10,"2019-01-17 00:00:00",1,1.1466,9133708.50,2,"Des.536.2 0727 CORPOVEX CPVX-CJ-CONT-0120-2018 30.000,00 MT WHEAT MV ALBERTO TOPIC",6,27,"2019-02-22 18:06:43","2019-02-22 18:06:43",189)', '2019-02-22 14:06:43', 6);
INSERT INTO pagos.tr_bitacora (id_bitacora, co_accion, tx_tabla, in_id_tabla, tx_old_valor, tx_new_valor, fe_accion, id_usuario) VALUES (829, 'INS', 'pago', 43, NULL, '(43,21,"2019-01-11 00:00:00",32,"2019-01-16 00:00:00",1,1.1481,870970.00,2,"Des.1383 0752 FONDEN DPE-00141-2019 (PROCURADURIA)",6,27,"2019-02-22 18:27:26","2019-02-22 18:27:26",141)', '2019-02-22 14:27:26', 6);
INSERT INTO pagos.tr_bitacora (id_bitacora, co_accion, tx_tabla, in_id_tabla, tx_old_valor, tx_new_valor, fe_accion, id_usuario) VALUES (830, 'UPD', 'usuario', 6, '(6,jgarcia,$2y$10$2gbtRvJOxNuvy0nAfFVCiObpomdO06hBtJvRIH.YBgoZELYUTINUu,22558788,Josmary,García,,22,"2019-01-25 18:07:13","2019-01-25 18:07:13",F854AVPqKCvqgsUev5WYEAMy6XMq6ZHYlsXZhj1jPc4x6yPcvrIg3g7ngOpI,)', '(6,jgarcia,$2y$10$2gbtRvJOxNuvy0nAfFVCiObpomdO06hBtJvRIH.YBgoZELYUTINUu,22558788,Josmary,García,,22,"2019-01-25 18:07:13","2019-01-25 18:07:13",Xsn5cRPQnuGmuYQyJKByPkp387WLXYxe1IQJy6dit44kmljBFvmwJoBrrBIE,)', '2019-02-22 14:32:12', 6);
INSERT INTO pagos.tr_bitacora (id_bitacora, co_accion, tx_tabla, in_id_tabla, tx_old_valor, tx_new_valor, fe_accion, id_usuario) VALUES (831, 'UPD', 'cuenta', 2, '(2,2,882291402.58,-2861376028.65,0.00,867577330.50,,6,1,"2019-01-25 15:33:00","2019-02-22 14:02:13")', '(2,2,576502935.06,137891419.86,0.00,714394354.92,,6,1,"2019-01-25 15:33:00","2019-02-22 14:02:13")', '2019-02-22 16:50:37', 6);
INSERT INTO pagos.tr_bitacora (id_bitacora, co_accion, tx_tabla, in_id_tabla, tx_old_valor, tx_new_valor, fe_accion, id_usuario) VALUES (832, 'INS', 'solicitud', 22, NULL, '(22,003-19,ALIMENTOS,1890000.00,"2019-01-07 00:00:00",472,1,1,,4,4,"2019-02-22 22:04:01","2019-02-22 22:04:01")', '2019-02-22 18:04:01', 4);
INSERT INTO pagos.tr_bitacora (id_bitacora, co_accion, tx_tabla, in_id_tabla, tx_old_valor, tx_new_valor, fe_accion, id_usuario) VALUES (833, 'INS', 'instruccion', 22, NULL, '(22,22,,1,16007427,003-19,t,"2019-01-07 00:00:00",1890000.00,2,,4,1,"2019-02-22 22:04:51","2019-02-22 22:04:51")', '2019-02-22 18:04:51', 4);
INSERT INTO pagos.tr_bitacora (id_bitacora, co_accion, tx_tabla, in_id_tabla, tx_old_valor, tx_new_valor, fe_accion, id_usuario) VALUES (834, 'UPD', 'cuenta', 2, '(2,2,576502935.06,137891419.86,0.00,714394354.92,,6,1,"2019-01-25 15:33:00","2019-02-22 14:02:13")', '(2,2,712504354.92,139781419.86,0.00,714394354.92,,4,1,"2019-01-25 15:33:00","2019-02-22 18:04:51")', '2019-02-22 18:04:51', 4);
INSERT INTO pagos.tr_bitacora (id_bitacora, co_accion, tx_tabla, in_id_tabla, tx_old_valor, tx_new_valor, fe_accion, id_usuario) VALUES (835, 'UPD', 'solicitud', 20, '(20,009-19,"DEPORTE- D1",200000.00,"2019-01-11 00:00:00",475,1,26,,4,4,"2019-02-21 17:29:23","2019-02-21 17:29:23")', '(20,005/009-19,"DEPORTE- D1",773000.00,"2019-01-11 00:00:00",475,1,26,,4,4,"2019-02-21 17:29:23","2019-02-22 22:08:08")', '2019-02-22 18:08:09', 4);
INSERT INTO pagos.tr_bitacora (id_bitacora, co_accion, tx_tabla, in_id_tabla, tx_old_valor, tx_new_valor, fe_accion, id_usuario) VALUES (836, 'INS', 'instruccion', 23, NULL, '(23,20,,1,18002193,005/009-19,t,"2019-01-11 00:00:00",773000.00,2,,4,1,"2019-02-22 22:09:48","2019-02-22 22:09:48")', '2019-02-22 18:09:48', 4);
INSERT INTO pagos.tr_bitacora (id_bitacora, co_accion, tx_tabla, in_id_tabla, tx_old_valor, tx_new_valor, fe_accion, id_usuario) VALUES (837, 'UPD', 'cuenta', 2, '(2,2,712504354.92,139781419.86,0.00,714394354.92,,4,1,"2019-01-25 15:33:00","2019-02-22 18:04:51")', '(2,2,713621354.92,140554419.86,0.00,714394354.92,,4,1,"2019-01-25 15:33:00","2019-02-22 18:09:48")', '2019-02-22 18:09:48', 4);
INSERT INTO pagos.tr_bitacora (id_bitacora, co_accion, tx_tabla, in_id_tabla, tx_old_valor, tx_new_valor, fe_accion, id_usuario) VALUES (838, 'UPD', 'usuario', 4, '(4,dduran,$2y$10$FfrmFiUOtGSJgFNHAqAvR.9tK4jNkzhmQ.JVWot6aYyEKYp4mqVFG,24557629,DAIMAR,DURAN,,22,"2018-10-19 18:45:47","2019-01-25 18:08:35",uObsVJCdmTqtALJ4QvUR7Mde8pwt79gnvWVvaZ7EFtc3JGZiWaCvTlrkzWXY,)', '(4,dduran,$2y$10$FfrmFiUOtGSJgFNHAqAvR.9tK4jNkzhmQ.JVWot6aYyEKYp4mqVFG,24557629,DAIMAR,DURAN,,22,"2018-10-19 18:45:47","2019-01-25 18:08:35",OllztEDso3TkPUuSsUMmRwHv6Vd4hpdPFjIljNVyTc5CZglHyhRvsEPSuZz0,)', '2019-02-22 18:53:47', 4);
INSERT INTO pagos.tr_bitacora (id_bitacora, co_accion, tx_tabla, in_id_tabla, tx_old_valor, tx_new_valor, fe_accion, id_usuario) VALUES (839, 'INS', 'ejecucion_pago', 36, NULL, '(36,43,32,"2019-01-22 00:00:00",3,,6,31,"2019-02-27 16:14:00","2019-02-27 16:14:00")', '2019-02-27 12:14:01', 6);
INSERT INTO pagos.tr_bitacora (id_bitacora, co_accion, tx_tabla, in_id_tabla, tx_old_valor, tx_new_valor, fe_accion, id_usuario) VALUES (840, 'UPD', 'cuenta', 2, '(2,2,713621354.92,140554419.86,0.00,714394354.92,,4,1,"2019-01-25 15:33:00","2019-02-22 18:09:48")', '(2,2,714921354.92,139254419.86,0.00,714394354.92,,6,1,"2019-01-25 15:33:00","2019-02-27 12:14:01")', '2019-02-27 12:14:01', 6);
INSERT INTO pagos.tr_bitacora (id_bitacora, co_accion, tx_tabla, in_id_tabla, tx_old_valor, tx_new_valor, fe_accion, id_usuario) VALUES (841, 'UPD', 'pago', 43, '(43,21,"2019-01-11 00:00:00",32,"2019-01-16 00:00:00",1,1.1481,870970.00,2,"Des.1383 0752 FONDEN DPE-00141-2019 (PROCURADURIA)",6,27,"2019-02-22 18:27:26","2019-02-22 18:27:26",141)', '(43,21,"2019-01-11 00:00:00",32,"2019-01-16 00:00:00",1,1.1481,870970.00,2,,6,31,"2019-02-22 18:27:26","2019-02-27 12:14:01",141)', '2019-02-27 12:14:01', 6);
INSERT INTO pagos.tr_bitacora (id_bitacora, co_accion, tx_tabla, in_id_tabla, tx_old_valor, tx_new_valor, fe_accion, id_usuario) VALUES (842, 'INS', 'pago', 44, NULL, '(44,23,"2019-01-11 00:00:00",33,"2019-01-11 00:00:00",1,1.1466,719047.23,2,"Des. 1375 0752 FONDEN DPE-00140-2019",6,27,"2019-02-27 16:21:56","2019-02-27 16:21:56",128)', '2019-02-27 12:21:57', 6);
INSERT INTO pagos.tr_bitacora (id_bitacora, co_accion, tx_tabla, in_id_tabla, tx_old_valor, tx_new_valor, fe_accion, id_usuario) VALUES (843, 'UPD', 'usuario', 6, '(6,jgarcia,$2y$10$2gbtRvJOxNuvy0nAfFVCiObpomdO06hBtJvRIH.YBgoZELYUTINUu,22558788,Josmary,García,,22,"2019-01-25 18:07:13","2019-01-25 18:07:13",Xsn5cRPQnuGmuYQyJKByPkp387WLXYxe1IQJy6dit44kmljBFvmwJoBrrBIE,)', '(6,jgarcia,$2y$10$2gbtRvJOxNuvy0nAfFVCiObpomdO06hBtJvRIH.YBgoZELYUTINUu,22558788,Josmary,García,,22,"2019-01-25 18:07:13","2019-01-25 18:07:13",mzUToDZlgR7Zcx0TQuiJfPYvJEt1mDrACk2xwTw4T3dJTKiSNiBsh4XX4hbi,)', '2019-02-28 19:19:46', 6);


--
-- TOC entry 2651 (class 0 OID 19543)
-- Dependencies: 248
-- Data for Name: users; Type: TABLE DATA; Schema: pagos; Owner: -
--

INSERT INTO pagos.users (id, name, email, password, remember_token, created_at, updated_at) VALUES (1, 'luisa', 'lyustis@gmail.com', '$2y$10$6Qs4V0VTicMSgbL8crvEgef.TL5aOEDmuI/NkCrmOgADWwTlxSi66', 'PD3OMZX63KE6EPS3GPRpXjdMnWRBSIxg4ihU4ch6tGU6BjhM00Q4a7PUX6xf', NULL, '2018-06-09 15:32:29');
INSERT INTO pagos.users (id, name, email, password, remember_token, created_at, updated_at) VALUES (4, 'carlos', 'cgranados@bandes.gob.ve', '$2y$10$6Qs4V0VTicMSgbL8crvEgef.TL5aOEDmuI/NkCrmOgADWwTlxSi66', '338W36NHAFmrSauuDL5L7awis4RxwmV95JR42bJUhnFeu8DoFDDWzQz2ylZ9', NULL, NULL);


--
-- TOC entry 2653 (class 0 OID 19552)
-- Dependencies: 250
-- Data for Name: usuario; Type: TABLE DATA; Schema: pagos; Owner: -
--

INSERT INTO pagos.usuario (id_usuario, usuario, password, nu_cedula, nb_nombre, nb_apellido, tx_observaciones, id_status, fe_creado, fe_actualizado, remember_token, email) VALUES (2, 'usuario', '123456', 12980546, 'Consulta', 'user', NULL, 22, '2018-06-27 00:00:00', '2018-10-17 03:21:09', NULL, 'usuario@bandes.gob.ve');
INSERT INTO pagos.usuario (id_usuario, usuario, password, nu_cedula, nb_nombre, nb_apellido, tx_observaciones, id_status, fe_creado, fe_actualizado, remember_token, email) VALUES (5, 'cmontes', '$2y$10$imw4Xs/KKQZu6Qtc1ozVDO7SyQwFao.fJOp.hwPJDopTELqVFb.82', 19512679, 'Carlos', 'Montes', NULL, 22, '2019-01-25 18:06:25', '2019-01-25 18:06:25', NULL, NULL);
INSERT INTO pagos.usuario (id_usuario, usuario, password, nu_cedula, nb_nombre, nb_apellido, tx_observaciones, id_status, fe_creado, fe_actualizado, remember_token, email) VALUES (7, 'xleon', '$2y$10$LmTfUoufjThlL/nAeyeq3uvTP5FeIx6q7wEmKIPTTlotU3cBQ/Cc.', 12345678, 'Xabier', 'Leon', NULL, 22, '2019-02-13 19:09:00', '2019-02-13 19:09:00', 'uNCMrplwjfiW6YxeAdoRcLbualDqVrehe0pfDcFvde1yosk5XZmKcCVnqACS', NULL);
INSERT INTO pagos.usuario (id_usuario, usuario, password, nu_cedula, nb_nombre, nb_apellido, tx_observaciones, id_status, fe_creado, fe_actualizado, remember_token, email) VALUES (1, 'admin', '$2y$10$6Qs4V0VTicMSgbL8crvEgef.TL5aOEDmuI/NkCrmOgADWwTlxSi66', 12345678, 'Admin', 'admin', NULL, 22, '2018-06-27 00:00:00', '2018-07-31 04:28:23', '0Yh1YyX9BYUbVBVmgHWWlVc8EEjd3hHaazZPCNWEDxPeO4hmWciHuGwnwQKF', 'admin@bandes.gob.ve');
INSERT INTO pagos.usuario (id_usuario, usuario, password, nu_cedula, nb_nombre, nb_apellido, tx_observaciones, id_status, fe_creado, fe_actualizado, remember_token, email) VALUES (4, 'dduran', '$2y$10$FfrmFiUOtGSJgFNHAqAvR.9tK4jNkzhmQ.JVWot6aYyEKYp4mqVFG', 24557629, 'DAIMAR', 'DURAN', NULL, 22, '2018-10-19 18:45:47', '2019-01-25 18:08:35', 'OllztEDso3TkPUuSsUMmRwHv6Vd4hpdPFjIljNVyTc5CZglHyhRvsEPSuZz0', NULL);
INSERT INTO pagos.usuario (id_usuario, usuario, password, nu_cedula, nb_nombre, nb_apellido, tx_observaciones, id_status, fe_creado, fe_actualizado, remember_token, email) VALUES (6, 'jgarcia', '$2y$10$2gbtRvJOxNuvy0nAfFVCiObpomdO06hBtJvRIH.YBgoZELYUTINUu', 22558788, 'Josmary', 'García', NULL, 22, '2019-01-25 18:07:13', '2019-01-25 18:07:13', 'mzUToDZlgR7Zcx0TQuiJfPYvJEt1mDrACk2xwTw4T3dJTKiSNiBsh4XX4hbi', NULL);


--
-- TOC entry 2655 (class 0 OID 19558)
-- Dependencies: 252
-- Data for Name: usuario_rol; Type: TABLE DATA; Schema: pagos; Owner: -
--

INSERT INTO pagos.usuario_rol (id_usuario_rol, id_usuario_r, id_rol, tx_especial, tx_observaciones, id_usuario, id_status, fe_creado, fe_actualizado) VALUES (1, 1, 1, NULL, 'N/A', 1, 1, NULL, NULL);
INSERT INTO pagos.usuario_rol (id_usuario_rol, id_usuario_r, id_rol, tx_especial, tx_observaciones, id_usuario, id_status, fe_creado, fe_actualizado) VALUES (3, 2, 2, NULL, 'N/A', 1, 1, NULL, NULL);
INSERT INTO pagos.usuario_rol (id_usuario_rol, id_usuario_r, id_rol, tx_especial, tx_observaciones, id_usuario, id_status, fe_creado, fe_actualizado) VALUES (9, 4, 3, NULL, 'N/A', 1, 22, '2018-10-19 18:45:47', '2018-10-19 18:45:47');
INSERT INTO pagos.usuario_rol (id_usuario_rol, id_usuario_r, id_rol, tx_especial, tx_observaciones, id_usuario, id_status, fe_creado, fe_actualizado) VALUES (10, 5, 3, NULL, 'N/A', 1, 22, '2019-01-25 18:06:25', '2019-01-25 18:06:25');
INSERT INTO pagos.usuario_rol (id_usuario_rol, id_usuario_r, id_rol, tx_especial, tx_observaciones, id_usuario, id_status, fe_creado, fe_actualizado) VALUES (11, 6, 3, NULL, 'N/A', 1, 22, '2019-01-25 18:07:13', '2019-01-25 18:07:13');
INSERT INTO pagos.usuario_rol (id_usuario_rol, id_usuario_r, id_rol, tx_especial, tx_observaciones, id_usuario, id_status, fe_creado, fe_actualizado) VALUES (12, 7, 3, NULL, 'N/A', 1, 22, '2019-02-13 19:09:00', '2019-02-13 19:09:00');


--
-- TOC entry 2863 (class 0 OID 0)
-- Dependencies: 186
-- Name: banco_id_banco_seq; Type: SEQUENCE SET; Schema: pagos; Owner: -
--

SELECT pg_catalog.setval('pagos.banco_id_banco_seq', 37, true);


--
-- TOC entry 2864 (class 0 OID 0)
-- Dependencies: 188
-- Name: categoria_id_categoria_seq; Type: SEQUENCE SET; Schema: pagos; Owner: -
--

SELECT pg_catalog.setval('pagos.categoria_id_categoria_seq', 40, true);


--
-- TOC entry 2865 (class 0 OID 0)
-- Dependencies: 190
-- Name: clase_ente_id_clase_ente_seq; Type: SEQUENCE SET; Schema: pagos; Owner: -
--

SELECT pg_catalog.setval('pagos.clase_ente_id_clase_ente_seq', 2, true);


--
-- TOC entry 2866 (class 0 OID 0)
-- Dependencies: 192
-- Name: cuenta_id_cuenta_seq; Type: SEQUENCE SET; Schema: pagos; Owner: -
--

SELECT pg_catalog.setval('pagos.cuenta_id_cuenta_seq', 2, true);


--
-- TOC entry 2867 (class 0 OID 0)
-- Dependencies: 194
-- Name: det_cuenta_id_det_cuenta_seq; Type: SEQUENCE SET; Schema: pagos; Owner: -
--

SELECT pg_catalog.setval('pagos.det_cuenta_id_det_cuenta_seq', 1, false);


--
-- TOC entry 2868 (class 0 OID 0)
-- Dependencies: 197
-- Name: ejecucion_pago_id_ejecucion_pago_seq; Type: SEQUENCE SET; Schema: pagos; Owner: -
--

SELECT pg_catalog.setval('pagos.ejecucion_pago_id_ejecucion_pago_seq', 36, true);


--
-- TOC entry 2869 (class 0 OID 0)
-- Dependencies: 198
-- Name: ente_id_ente_seq; Type: SEQUENCE SET; Schema: pagos; Owner: -
--

SELECT pg_catalog.setval('pagos.ente_id_ente_seq', 476, true);


--
-- TOC entry 2870 (class 0 OID 0)
-- Dependencies: 200
-- Name: esquema_id_esquema_seq; Type: SEQUENCE SET; Schema: pagos; Owner: -
--

SELECT pg_catalog.setval('pagos.esquema_id_esquema_seq', 8, true);


--
-- TOC entry 2871 (class 0 OID 0)
-- Dependencies: 202
-- Name: etapa_envio_id_etapa_envio_seq; Type: SEQUENCE SET; Schema: pagos; Owner: -
--

SELECT pg_catalog.setval('pagos.etapa_envio_id_etapa_envio_seq', 3, true);


--
-- TOC entry 2872 (class 0 OID 0)
-- Dependencies: 204
-- Name: grupo_banco_id_grupo_banco_seq; Type: SEQUENCE SET; Schema: pagos; Owner: -
--

SELECT pg_catalog.setval('pagos.grupo_banco_id_grupo_banco_seq', 4, true);


--
-- TOC entry 2873 (class 0 OID 0)
-- Dependencies: 206
-- Name: grupo_ente_id_grupo_ente_seq; Type: SEQUENCE SET; Schema: pagos; Owner: -
--

SELECT pg_catalog.setval('pagos.grupo_ente_id_grupo_ente_seq', 5, true);


--
-- TOC entry 2874 (class 0 OID 0)
-- Dependencies: 208
-- Name: grupo_financiero_id_grupo_financiero_seq; Type: SEQUENCE SET; Schema: pagos; Owner: -
--

SELECT pg_catalog.setval('pagos.grupo_financiero_id_grupo_financiero_seq', 4, true);


--
-- TOC entry 2875 (class 0 OID 0)
-- Dependencies: 210
-- Name: grupo_status_id_grupo_status_seq; Type: SEQUENCE SET; Schema: pagos; Owner: -
--

SELECT pg_catalog.setval('pagos.grupo_status_id_grupo_status_seq', 6, true);


--
-- TOC entry 2876 (class 0 OID 0)
-- Dependencies: 212
-- Name: ingreso_id_ingreso_seq; Type: SEQUENCE SET; Schema: pagos; Owner: -
--

SELECT pg_catalog.setval('pagos.ingreso_id_ingreso_seq', 11, true);


--
-- TOC entry 2877 (class 0 OID 0)
-- Dependencies: 214
-- Name: instruccion_id_instruccion_seq; Type: SEQUENCE SET; Schema: pagos; Owner: -
--

SELECT pg_catalog.setval('pagos.instruccion_id_instruccion_seq', 23, true);


--
-- TOC entry 2878 (class 0 OID 0)
-- Dependencies: 216
-- Name: menu_id_menu_seq; Type: SEQUENCE SET; Schema: pagos; Owner: -
--

SELECT pg_catalog.setval('pagos.menu_id_menu_seq', 23, true);


--
-- TOC entry 2879 (class 0 OID 0)
-- Dependencies: 218
-- Name: modulo_id_modulo_seq; Type: SEQUENCE SET; Schema: pagos; Owner: -
--

SELECT pg_catalog.setval('pagos.modulo_id_modulo_seq', 4, true);


--
-- TOC entry 2880 (class 0 OID 0)
-- Dependencies: 220
-- Name: moneda_id_moneda_seq; Type: SEQUENCE SET; Schema: pagos; Owner: -
--

SELECT pg_catalog.setval('pagos.moneda_id_moneda_seq', 5, true);


--
-- TOC entry 2881 (class 0 OID 0)
-- Dependencies: 223
-- Name: movimiento_id_movimiento_seq; Type: SEQUENCE SET; Schema: pagos; Owner: -
--

SELECT pg_catalog.setval('pagos.movimiento_id_movimiento_seq', 65, true);


--
-- TOC entry 2882 (class 0 OID 0)
-- Dependencies: 224
-- Name: pagos_id_pago_seq; Type: SEQUENCE SET; Schema: pagos; Owner: -
--

SELECT pg_catalog.setval('pagos.pagos_id_pago_seq', 44, true);


--
-- TOC entry 2883 (class 0 OID 0)
-- Dependencies: 228
-- Name: permiso_id_permiso_seq; Type: SEQUENCE SET; Schema: pagos; Owner: -
--

SELECT pg_catalog.setval('pagos.permiso_id_permiso_seq', 71, true);


--
-- TOC entry 2884 (class 0 OID 0)
-- Dependencies: 230
-- Name: rol_id_rol_seq; Type: SEQUENCE SET; Schema: pagos; Owner: -
--

SELECT pg_catalog.setval('pagos.rol_id_rol_seq', 1, false);


--
-- TOC entry 2885 (class 0 OID 0)
-- Dependencies: 231
-- Name: solicitud_id_solicitud_seq; Type: SEQUENCE SET; Schema: pagos; Owner: -
--

SELECT pg_catalog.setval('pagos.solicitud_id_solicitud_seq', 22, true);


--
-- TOC entry 2886 (class 0 OID 0)
-- Dependencies: 233
-- Name: status_id_status_seq; Type: SEQUENCE SET; Schema: pagos; Owner: -
--

SELECT pg_catalog.setval('pagos.status_id_status_seq', 31, true);


--
-- TOC entry 2887 (class 0 OID 0)
-- Dependencies: 235
-- Name: tasa_id_tasa_seq; Type: SEQUENCE SET; Schema: pagos; Owner: -
--

SELECT pg_catalog.setval('pagos.tasa_id_tasa_seq', 1, true);


--
-- TOC entry 2888 (class 0 OID 0)
-- Dependencies: 237
-- Name: tipo_banco_id_tipo_banco_seq; Type: SEQUENCE SET; Schema: pagos; Owner: -
--

SELECT pg_catalog.setval('pagos.tipo_banco_id_tipo_banco_seq', 2, true);


--
-- TOC entry 2889 (class 0 OID 0)
-- Dependencies: 239
-- Name: tipo_ente_id_tipo_ente_seq; Type: SEQUENCE SET; Schema: pagos; Owner: -
--

SELECT pg_catalog.setval('pagos.tipo_ente_id_tipo_ente_seq', 3, true);


--
-- TOC entry 2890 (class 0 OID 0)
-- Dependencies: 241
-- Name: tipo_ingreso_id_tipo_ingreso_seq; Type: SEQUENCE SET; Schema: pagos; Owner: -
--

SELECT pg_catalog.setval('pagos.tipo_ingreso_id_tipo_ingreso_seq', 8, true);


--
-- TOC entry 2891 (class 0 OID 0)
-- Dependencies: 243
-- Name: tipo_pago_id_tipo_pago_seq; Type: SEQUENCE SET; Schema: pagos; Owner: -
--

SELECT pg_catalog.setval('pagos.tipo_pago_id_tipo_pago_seq', 2, true);


--
-- TOC entry 2892 (class 0 OID 0)
-- Dependencies: 246
-- Name: tr_bitacora_id_bitacora_seq; Type: SEQUENCE SET; Schema: pagos; Owner: -
--

SELECT pg_catalog.setval('pagos.tr_bitacora_id_bitacora_seq', 843, true);


--
-- TOC entry 2893 (class 0 OID 0)
-- Dependencies: 247
-- Name: users_id_seq; Type: SEQUENCE SET; Schema: pagos; Owner: -
--

SELECT pg_catalog.setval('pagos.users_id_seq', 4, true);


--
-- TOC entry 2894 (class 0 OID 0)
-- Dependencies: 249
-- Name: usuario_id_usuario_seq; Type: SEQUENCE SET; Schema: pagos; Owner: -
--

SELECT pg_catalog.setval('pagos.usuario_id_usuario_seq', 7, true);


--
-- TOC entry 2895 (class 0 OID 0)
-- Dependencies: 251
-- Name: usuario_rol_id_usuario_rol_seq; Type: SEQUENCE SET; Schema: pagos; Owner: -
--

SELECT pg_catalog.setval('pagos.usuario_rol_id_usuario_rol_seq', 12, true);


--
-- TOC entry 2296 (class 2606 OID 19599)
-- Name: banco banco_nb_banco_key; Type: CONSTRAINT; Schema: pagos; Owner: -
--

ALTER TABLE ONLY pagos.banco
    ADD CONSTRAINT banco_nb_banco_key UNIQUE (nb_banco);


--
-- TOC entry 2298 (class 2606 OID 19601)
-- Name: banco banco_pkey; Type: CONSTRAINT; Schema: pagos; Owner: -
--

ALTER TABLE ONLY pagos.banco
    ADD CONSTRAINT banco_pkey PRIMARY KEY (id_banco);


--
-- TOC entry 2300 (class 2606 OID 19603)
-- Name: categoria categoria_nb_categoria_key; Type: CONSTRAINT; Schema: pagos; Owner: -
--

ALTER TABLE ONLY pagos.categoria
    ADD CONSTRAINT categoria_nb_categoria_key UNIQUE (nb_categoria);


--
-- TOC entry 2302 (class 2606 OID 19605)
-- Name: categoria categoria_pkey; Type: CONSTRAINT; Schema: pagos; Owner: -
--

ALTER TABLE ONLY pagos.categoria
    ADD CONSTRAINT categoria_pkey PRIMARY KEY (id_categoria);


--
-- TOC entry 2304 (class 2606 OID 19607)
-- Name: clase_ente clase_ente_nb_clase_ente_key; Type: CONSTRAINT; Schema: pagos; Owner: -
--

ALTER TABLE ONLY pagos.clase_ente
    ADD CONSTRAINT clase_ente_nb_clase_ente_key UNIQUE (nb_clase_ente);


--
-- TOC entry 2306 (class 2606 OID 19609)
-- Name: clase_ente clase_ente_pkey; Type: CONSTRAINT; Schema: pagos; Owner: -
--

ALTER TABLE ONLY pagos.clase_ente
    ADD CONSTRAINT clase_ente_pkey PRIMARY KEY (id_clase_ente);


--
-- TOC entry 2308 (class 2606 OID 19611)
-- Name: cuenta cuenta_pkey; Type: CONSTRAINT; Schema: pagos; Owner: -
--

ALTER TABLE ONLY pagos.cuenta
    ADD CONSTRAINT cuenta_pkey PRIMARY KEY (id_cuenta);


--
-- TOC entry 2310 (class 2606 OID 19613)
-- Name: det_cuenta det_cuenta_pkey; Type: CONSTRAINT; Schema: pagos; Owner: -
--

ALTER TABLE ONLY pagos.det_cuenta
    ADD CONSTRAINT det_cuenta_pkey PRIMARY KEY (id_det_cuenta);


--
-- TOC entry 2312 (class 2606 OID 19615)
-- Name: ejecucion_pago ejecucion_pago_pkey; Type: CONSTRAINT; Schema: pagos; Owner: -
--

ALTER TABLE ONLY pagos.ejecucion_pago
    ADD CONSTRAINT ejecucion_pago_pkey PRIMARY KEY (id_ejecucion_pago);


--
-- TOC entry 2316 (class 2606 OID 19617)
-- Name: ente ente_nb_ente_id_grupo_ente_key; Type: CONSTRAINT; Schema: pagos; Owner: -
--

ALTER TABLE ONLY pagos.ente
    ADD CONSTRAINT ente_nb_ente_id_grupo_ente_key UNIQUE (nb_ente, id_grupo_ente);


--
-- TOC entry 2318 (class 2606 OID 19619)
-- Name: ente ente_pkey; Type: CONSTRAINT; Schema: pagos; Owner: -
--

ALTER TABLE ONLY pagos.ente
    ADD CONSTRAINT ente_pkey PRIMARY KEY (id_ente);


--
-- TOC entry 2320 (class 2606 OID 19621)
-- Name: esquema esquema_nb_esquema_key; Type: CONSTRAINT; Schema: pagos; Owner: -
--

ALTER TABLE ONLY pagos.esquema
    ADD CONSTRAINT esquema_nb_esquema_key UNIQUE (nb_esquema);


--
-- TOC entry 2322 (class 2606 OID 19623)
-- Name: esquema esquema_pkey; Type: CONSTRAINT; Schema: pagos; Owner: -
--

ALTER TABLE ONLY pagos.esquema
    ADD CONSTRAINT esquema_pkey PRIMARY KEY (id_esquema);


--
-- TOC entry 2324 (class 2606 OID 19625)
-- Name: etapa_envio etapa_envio_nb_etapa_envio_key; Type: CONSTRAINT; Schema: pagos; Owner: -
--

ALTER TABLE ONLY pagos.etapa_envio
    ADD CONSTRAINT etapa_envio_nb_etapa_envio_key UNIQUE (nb_etapa_envio);


--
-- TOC entry 2326 (class 2606 OID 19627)
-- Name: etapa_envio etapa_envio_pkey; Type: CONSTRAINT; Schema: pagos; Owner: -
--

ALTER TABLE ONLY pagos.etapa_envio
    ADD CONSTRAINT etapa_envio_pkey PRIMARY KEY (id_etapa_envio);


--
-- TOC entry 2328 (class 2606 OID 19629)
-- Name: grupo_banco grupo_banco_nb_grupo_banco_key; Type: CONSTRAINT; Schema: pagos; Owner: -
--

ALTER TABLE ONLY pagos.grupo_banco
    ADD CONSTRAINT grupo_banco_nb_grupo_banco_key UNIQUE (nb_grupo_banco);


--
-- TOC entry 2330 (class 2606 OID 19631)
-- Name: grupo_banco grupo_banco_pkey; Type: CONSTRAINT; Schema: pagos; Owner: -
--

ALTER TABLE ONLY pagos.grupo_banco
    ADD CONSTRAINT grupo_banco_pkey PRIMARY KEY (id_grupo_banco);


--
-- TOC entry 2332 (class 2606 OID 19633)
-- Name: grupo_ente grupo_ente_nb_grupo_ente_key; Type: CONSTRAINT; Schema: pagos; Owner: -
--

ALTER TABLE ONLY pagos.grupo_ente
    ADD CONSTRAINT grupo_ente_nb_grupo_ente_key UNIQUE (nb_grupo_ente);


--
-- TOC entry 2334 (class 2606 OID 19635)
-- Name: grupo_ente grupo_ente_pkey; Type: CONSTRAINT; Schema: pagos; Owner: -
--

ALTER TABLE ONLY pagos.grupo_ente
    ADD CONSTRAINT grupo_ente_pkey PRIMARY KEY (id_grupo_ente);


--
-- TOC entry 2336 (class 2606 OID 19637)
-- Name: grupo_financiero grupo_financiero_nb_grupo_financiero_key; Type: CONSTRAINT; Schema: pagos; Owner: -
--

ALTER TABLE ONLY pagos.grupo_financiero
    ADD CONSTRAINT grupo_financiero_nb_grupo_financiero_key UNIQUE (nb_grupo_financiero);


--
-- TOC entry 2338 (class 2606 OID 19639)
-- Name: grupo_financiero grupo_financiero_pkey; Type: CONSTRAINT; Schema: pagos; Owner: -
--

ALTER TABLE ONLY pagos.grupo_financiero
    ADD CONSTRAINT grupo_financiero_pkey PRIMARY KEY (id_grupo_financiero);


--
-- TOC entry 2340 (class 2606 OID 19641)
-- Name: grupo_status grupo_status_nb_grupo_key; Type: CONSTRAINT; Schema: pagos; Owner: -
--

ALTER TABLE ONLY pagos.grupo_status
    ADD CONSTRAINT grupo_status_nb_grupo_key UNIQUE (nb_grupo);


--
-- TOC entry 2342 (class 2606 OID 19643)
-- Name: grupo_status grupo_status_pkey; Type: CONSTRAINT; Schema: pagos; Owner: -
--

ALTER TABLE ONLY pagos.grupo_status
    ADD CONSTRAINT grupo_status_pkey PRIMARY KEY (id_grupo_status);


--
-- TOC entry 2348 (class 2606 OID 19645)
-- Name: menu id_menu; Type: CONSTRAINT; Schema: pagos; Owner: -
--

ALTER TABLE ONLY pagos.menu
    ADD CONSTRAINT id_menu PRIMARY KEY (id_menu);


--
-- TOC entry 2344 (class 2606 OID 19647)
-- Name: ingreso ingreso_pkey; Type: CONSTRAINT; Schema: pagos; Owner: -
--

ALTER TABLE ONLY pagos.ingreso
    ADD CONSTRAINT ingreso_pkey PRIMARY KEY (id_ingreso);


--
-- TOC entry 2346 (class 2606 OID 19649)
-- Name: instruccion instruccion_pkey; Type: CONSTRAINT; Schema: pagos; Owner: -
--

ALTER TABLE ONLY pagos.instruccion
    ADD CONSTRAINT instruccion_pkey PRIMARY KEY (id_instruccion);


--
-- TOC entry 2352 (class 2606 OID 19651)
-- Name: moneda moneda_nb_moneda_key; Type: CONSTRAINT; Schema: pagos; Owner: -
--

ALTER TABLE ONLY pagos.moneda
    ADD CONSTRAINT moneda_nb_moneda_key UNIQUE (nb_moneda);


--
-- TOC entry 2354 (class 2606 OID 19653)
-- Name: moneda moneda_pkey; Type: CONSTRAINT; Schema: pagos; Owner: -
--

ALTER TABLE ONLY pagos.moneda
    ADD CONSTRAINT moneda_pkey PRIMARY KEY (id_moneda);


--
-- TOC entry 2358 (class 2606 OID 19655)
-- Name: pago pago_pkey; Type: CONSTRAINT; Schema: pagos; Owner: -
--

ALTER TABLE ONLY pagos.pago
    ADD CONSTRAINT pago_pkey PRIMARY KEY (id_pago);


--
-- TOC entry 2350 (class 2606 OID 19657)
-- Name: modulo pk_modulo; Type: CONSTRAINT; Schema: pagos; Owner: -
--

ALTER TABLE ONLY pagos.modulo
    ADD CONSTRAINT pk_modulo PRIMARY KEY (id_modulo);


--
-- TOC entry 2356 (class 2606 OID 19659)
-- Name: movimiento pk_movimiento; Type: CONSTRAINT; Schema: pagos; Owner: -
--

ALTER TABLE ONLY pagos.movimiento
    ADD CONSTRAINT pk_movimiento PRIMARY KEY (id_movimiento);


--
-- TOC entry 2361 (class 2606 OID 19661)
-- Name: permiso pk_permiso; Type: CONSTRAINT; Schema: pagos; Owner: -
--

ALTER TABLE ONLY pagos.permiso
    ADD CONSTRAINT pk_permiso PRIMARY KEY (id_permiso);


--
-- TOC entry 2365 (class 2606 OID 19663)
-- Name: rol pk_rol; Type: CONSTRAINT; Schema: pagos; Owner: -
--

ALTER TABLE ONLY pagos.rol
    ADD CONSTRAINT pk_rol PRIMARY KEY (id_rol);


--
-- TOC entry 2391 (class 2606 OID 19665)
-- Name: tr_bitacora pk_tr_bitacora; Type: CONSTRAINT; Schema: pagos; Owner: -
--

ALTER TABLE ONLY pagos.tr_bitacora
    ADD CONSTRAINT pk_tr_bitacora PRIMARY KEY (id_bitacora);


--
-- TOC entry 2401 (class 2606 OID 19667)
-- Name: usuario_rol pk_usuario_rol; Type: CONSTRAINT; Schema: pagos; Owner: -
--

ALTER TABLE ONLY pagos.usuario_rol
    ADD CONSTRAINT pk_usuario_rol PRIMARY KEY (id_usuario_rol);


--
-- TOC entry 2367 (class 2606 OID 19669)
-- Name: solicitud solicitud_pkey; Type: CONSTRAINT; Schema: pagos; Owner: -
--

ALTER TABLE ONLY pagos.solicitud
    ADD CONSTRAINT solicitud_pkey PRIMARY KEY (id_solicitud);


--
-- TOC entry 2369 (class 2606 OID 19671)
-- Name: status status_nb_secundario_co_status_key; Type: CONSTRAINT; Schema: pagos; Owner: -
--

ALTER TABLE ONLY pagos.status
    ADD CONSTRAINT status_nb_secundario_co_status_key UNIQUE (nb_secundario, co_status);


--
-- TOC entry 2371 (class 2606 OID 19673)
-- Name: status status_pkey; Type: CONSTRAINT; Schema: pagos; Owner: -
--

ALTER TABLE ONLY pagos.status
    ADD CONSTRAINT status_pkey PRIMARY KEY (id_status);


--
-- TOC entry 2373 (class 2606 OID 19675)
-- Name: tasa tasa_pkey; Type: CONSTRAINT; Schema: pagos; Owner: -
--

ALTER TABLE ONLY pagos.tasa
    ADD CONSTRAINT tasa_pkey PRIMARY KEY (id_tasa);


--
-- TOC entry 2375 (class 2606 OID 19677)
-- Name: tipo_banco tipo_banco_nb_tipo_banco_key; Type: CONSTRAINT; Schema: pagos; Owner: -
--

ALTER TABLE ONLY pagos.tipo_banco
    ADD CONSTRAINT tipo_banco_nb_tipo_banco_key UNIQUE (nb_tipo_banco);


--
-- TOC entry 2377 (class 2606 OID 19679)
-- Name: tipo_banco tipo_banco_pkey; Type: CONSTRAINT; Schema: pagos; Owner: -
--

ALTER TABLE ONLY pagos.tipo_banco
    ADD CONSTRAINT tipo_banco_pkey PRIMARY KEY (id_tipo_banco);


--
-- TOC entry 2379 (class 2606 OID 19681)
-- Name: tipo_ente tipo_ente_nb_tipo_ente_key; Type: CONSTRAINT; Schema: pagos; Owner: -
--

ALTER TABLE ONLY pagos.tipo_ente
    ADD CONSTRAINT tipo_ente_nb_tipo_ente_key UNIQUE (nb_tipo_ente);


--
-- TOC entry 2381 (class 2606 OID 19683)
-- Name: tipo_ente tipo_ente_pkey; Type: CONSTRAINT; Schema: pagos; Owner: -
--

ALTER TABLE ONLY pagos.tipo_ente
    ADD CONSTRAINT tipo_ente_pkey PRIMARY KEY (id_tipo_ente);


--
-- TOC entry 2383 (class 2606 OID 19685)
-- Name: tipo_ingreso tipo_ingreso_nb_tipo_ingreso_key; Type: CONSTRAINT; Schema: pagos; Owner: -
--

ALTER TABLE ONLY pagos.tipo_ingreso
    ADD CONSTRAINT tipo_ingreso_nb_tipo_ingreso_key UNIQUE (nb_tipo_ingreso);


--
-- TOC entry 2385 (class 2606 OID 19687)
-- Name: tipo_ingreso tipo_ingreso_pkey; Type: CONSTRAINT; Schema: pagos; Owner: -
--

ALTER TABLE ONLY pagos.tipo_ingreso
    ADD CONSTRAINT tipo_ingreso_pkey PRIMARY KEY (id_tipo_ingreso);


--
-- TOC entry 2387 (class 2606 OID 19689)
-- Name: tipo_pago tipo_pago_nb_tipo_pago_key; Type: CONSTRAINT; Schema: pagos; Owner: -
--

ALTER TABLE ONLY pagos.tipo_pago
    ADD CONSTRAINT tipo_pago_nb_tipo_pago_key UNIQUE (nb_tipo_pago);


--
-- TOC entry 2389 (class 2606 OID 19691)
-- Name: tipo_pago tipo_pago_pkey; Type: CONSTRAINT; Schema: pagos; Owner: -
--

ALTER TABLE ONLY pagos.tipo_pago
    ADD CONSTRAINT tipo_pago_pkey PRIMARY KEY (id_tipo_pago);


--
-- TOC entry 2395 (class 2606 OID 19693)
-- Name: usuario uk_email; Type: CONSTRAINT; Schema: pagos; Owner: -
--

ALTER TABLE ONLY pagos.usuario
    ADD CONSTRAINT uk_email UNIQUE (email);


--
-- TOC entry 2314 (class 2606 OID 19695)
-- Name: ejecucion_pago uk_id_pago_id_eapa_envio; Type: CONSTRAINT; Schema: pagos; Owner: -
--

ALTER TABLE ONLY pagos.ejecucion_pago
    ADD CONSTRAINT uk_id_pago_id_eapa_envio UNIQUE (id_pago, id_ejecucion_pago);


--
-- TOC entry 2363 (class 2606 OID 19697)
-- Name: permiso uk_rol_menu; Type: CONSTRAINT; Schema: pagos; Owner: -
--

ALTER TABLE ONLY pagos.permiso
    ADD CONSTRAINT uk_rol_menu UNIQUE (id_rol, id_menu);


--
-- TOC entry 2397 (class 2606 OID 19699)
-- Name: usuario uk_usuario; Type: CONSTRAINT; Schema: pagos; Owner: -
--

ALTER TABLE ONLY pagos.usuario
    ADD CONSTRAINT uk_usuario UNIQUE (usuario);


--
-- TOC entry 2393 (class 2606 OID 19701)
-- Name: users users_pkey; Type: CONSTRAINT; Schema: pagos; Owner: -
--

ALTER TABLE ONLY pagos.users
    ADD CONSTRAINT users_pkey PRIMARY KEY (id);


--
-- TOC entry 2399 (class 2606 OID 19703)
-- Name: usuario usuario_pkey; Type: CONSTRAINT; Schema: pagos; Owner: -
--

ALTER TABLE ONLY pagos.usuario
    ADD CONSTRAINT usuario_pkey PRIMARY KEY (id_usuario);


--
-- TOC entry 2359 (class 1259 OID 19704)
-- Name: password_resets_email_index; Type: INDEX; Schema: pagos; Owner: -
--

CREATE INDEX password_resets_email_index ON pagos.password_resets USING btree (email);


--
-- TOC entry 2434 (class 2620 OID 19705)
-- Name: ejecucion_pago trg_ejec_pago_bitacora; Type: TRIGGER; Schema: pagos; Owner: -
--

CREATE TRIGGER trg_ejec_pago_bitacora AFTER INSERT OR UPDATE ON pagos.ejecucion_pago FOR EACH ROW EXECUTE PROCEDURE pagos.sp_ins_bitacora();


--
-- TOC entry 2435 (class 2620 OID 19706)
-- Name: ejecucion_pago trg_ejec_pago_ins_cuenta; Type: TRIGGER; Schema: pagos; Owner: -
--

CREATE TRIGGER trg_ejec_pago_ins_cuenta AFTER INSERT OR UPDATE ON pagos.ejecucion_pago FOR EACH ROW EXECUTE PROCEDURE pagos.sp_tr_ejec_pago_ins_cuenta();


--
-- TOC entry 2436 (class 2620 OID 19707)
-- Name: ejecucion_pago trg_ejec_pago_ins_movimiento; Type: TRIGGER; Schema: pagos; Owner: -
--

CREATE TRIGGER trg_ejec_pago_ins_movimiento AFTER INSERT OR UPDATE ON pagos.ejecucion_pago FOR EACH ROW EXECUTE PROCEDURE pagos.sp_tr_ejec_pago_ins_movimiento();


--
-- TOC entry 2437 (class 2620 OID 19708)
-- Name: ejecucion_pago trg_ejec_pago_ins_status; Type: TRIGGER; Schema: pagos; Owner: -
--

CREATE TRIGGER trg_ejec_pago_ins_status AFTER INSERT OR UPDATE ON pagos.ejecucion_pago FOR EACH ROW EXECUTE PROCEDURE pagos.sp_tr_ejec_pago_ins_status();


--
-- TOC entry 2445 (class 2620 OID 19709)
-- Name: ingreso trg_ingreso_ins_bitacora; Type: TRIGGER; Schema: pagos; Owner: -
--

CREATE TRIGGER trg_ingreso_ins_bitacora AFTER INSERT OR UPDATE ON pagos.ingreso FOR EACH ROW EXECUTE PROCEDURE pagos.sp_ins_bitacora();


--
-- TOC entry 2446 (class 2620 OID 19710)
-- Name: ingreso trg_ingreso_ins_cuenta; Type: TRIGGER; Schema: pagos; Owner: -
--

CREATE TRIGGER trg_ingreso_ins_cuenta AFTER INSERT OR UPDATE ON pagos.ingreso FOR EACH ROW EXECUTE PROCEDURE pagos.sp_tr_ingreso_ins_cuenta();


--
-- TOC entry 2447 (class 2620 OID 19711)
-- Name: ingreso trg_ingreso_ins_movimiento; Type: TRIGGER; Schema: pagos; Owner: -
--

CREATE TRIGGER trg_ingreso_ins_movimiento AFTER INSERT OR UPDATE ON pagos.ingreso FOR EACH ROW EXECUTE PROCEDURE pagos.sp_tr_ingreso_ins_movimiento();


--
-- TOC entry 2448 (class 2620 OID 19712)
-- Name: instruccion trg_instruccion_bitacora; Type: TRIGGER; Schema: pagos; Owner: -
--

CREATE TRIGGER trg_instruccion_bitacora AFTER INSERT OR UPDATE ON pagos.instruccion FOR EACH ROW EXECUTE PROCEDURE pagos.sp_ins_bitacora();


--
-- TOC entry 2449 (class 2620 OID 19713)
-- Name: instruccion trg_instruccion_ins_cuenta; Type: TRIGGER; Schema: pagos; Owner: -
--

CREATE TRIGGER trg_instruccion_ins_cuenta AFTER INSERT OR UPDATE ON pagos.instruccion FOR EACH ROW EXECUTE PROCEDURE pagos.sp_tr_instruccion_ins_cuenta();


--
-- TOC entry 2450 (class 2620 OID 19714)
-- Name: menu trg_menu; Type: TRIGGER; Schema: pagos; Owner: -
--

CREATE TRIGGER trg_menu AFTER INSERT OR UPDATE ON pagos.menu FOR EACH ROW EXECUTE PROCEDURE pagos.sp_ins_bitacora();


--
-- TOC entry 2451 (class 2620 OID 19715)
-- Name: modulo trg_modulo; Type: TRIGGER; Schema: pagos; Owner: -
--

CREATE TRIGGER trg_modulo AFTER INSERT OR UPDATE ON pagos.modulo FOR EACH ROW EXECUTE PROCEDURE pagos.sp_ins_bitacora();


--
-- TOC entry 2453 (class 2620 OID 19716)
-- Name: pago trg_pago_bitacora; Type: TRIGGER; Schema: pagos; Owner: -
--

CREATE TRIGGER trg_pago_bitacora AFTER INSERT OR UPDATE ON pagos.pago FOR EACH ROW EXECUTE PROCEDURE pagos.sp_ins_bitacora();


--
-- TOC entry 2454 (class 2620 OID 19717)
-- Name: permiso trg_permiso; Type: TRIGGER; Schema: pagos; Owner: -
--

CREATE TRIGGER trg_permiso AFTER INSERT OR UPDATE ON pagos.permiso FOR EACH ROW EXECUTE PROCEDURE pagos.sp_ins_bitacora();


--
-- TOC entry 2455 (class 2620 OID 19718)
-- Name: rol trg_rol; Type: TRIGGER; Schema: pagos; Owner: -
--

CREATE TRIGGER trg_rol AFTER INSERT OR UPDATE ON pagos.rol FOR EACH ROW EXECUTE PROCEDURE pagos.sp_ins_bitacora();


--
-- TOC entry 2459 (class 2620 OID 19719)
-- Name: tipo_banco trg_tipo_banco; Type: TRIGGER; Schema: pagos; Owner: -
--

CREATE TRIGGER trg_tipo_banco AFTER INSERT OR UPDATE ON pagos.tipo_banco FOR EACH ROW EXECUTE PROCEDURE pagos.sp_ins_bitacora();


--
-- TOC entry 2460 (class 2620 OID 19720)
-- Name: tipo_ente trg_tipo_ente; Type: TRIGGER; Schema: pagos; Owner: -
--

CREATE TRIGGER trg_tipo_ente AFTER INSERT OR UPDATE ON pagos.tipo_ente FOR EACH ROW EXECUTE PROCEDURE pagos.sp_ins_bitacora();


--
-- TOC entry 2461 (class 2620 OID 19721)
-- Name: tipo_ingreso trg_tipo_ingreso; Type: TRIGGER; Schema: pagos; Owner: -
--

CREATE TRIGGER trg_tipo_ingreso AFTER INSERT OR UPDATE ON pagos.tipo_ingreso FOR EACH ROW EXECUTE PROCEDURE pagos.sp_ins_bitacora();


--
-- TOC entry 2463 (class 2620 OID 19722)
-- Name: tipo_pago trg_tipo_pago; Type: TRIGGER; Schema: pagos; Owner: -
--

CREATE TRIGGER trg_tipo_pago AFTER INSERT OR UPDATE ON pagos.tipo_pago FOR EACH ROW EXECUTE PROCEDURE pagos.sp_ins_bitacora();


--
-- TOC entry 2462 (class 2620 OID 19723)
-- Name: tipo_ingreso trg_tpingresoo; Type: TRIGGER; Schema: pagos; Owner: -
--

CREATE TRIGGER trg_tpingresoo AFTER INSERT OR UPDATE ON pagos.tipo_ingreso FOR EACH ROW EXECUTE PROCEDURE pagos.sp_ins_bitacora();


--
-- TOC entry 2429 (class 2620 OID 19724)
-- Name: banco trg_tr_banco; Type: TRIGGER; Schema: pagos; Owner: -
--

CREATE TRIGGER trg_tr_banco AFTER INSERT OR UPDATE ON pagos.banco FOR EACH ROW EXECUTE PROCEDURE pagos.sp_ins_bitacora();


--
-- TOC entry 2430 (class 2620 OID 19725)
-- Name: categoria trg_tr_categoria; Type: TRIGGER; Schema: pagos; Owner: -
--

CREATE TRIGGER trg_tr_categoria AFTER INSERT OR UPDATE ON pagos.categoria FOR EACH ROW EXECUTE PROCEDURE pagos.sp_ins_bitacora();


--
-- TOC entry 2431 (class 2620 OID 19726)
-- Name: clase_ente trg_tr_clase_ente; Type: TRIGGER; Schema: pagos; Owner: -
--

CREATE TRIGGER trg_tr_clase_ente AFTER INSERT OR UPDATE ON pagos.clase_ente FOR EACH ROW EXECUTE PROCEDURE pagos.sp_ins_bitacora();


--
-- TOC entry 2432 (class 2620 OID 19727)
-- Name: cuenta trg_tr_cuenta; Type: TRIGGER; Schema: pagos; Owner: -
--

CREATE TRIGGER trg_tr_cuenta AFTER INSERT OR UPDATE ON pagos.cuenta FOR EACH ROW EXECUTE PROCEDURE pagos.sp_ins_bitacora();


--
-- TOC entry 2433 (class 2620 OID 19728)
-- Name: det_cuenta trg_tr_det_cuenta; Type: TRIGGER; Schema: pagos; Owner: -
--

CREATE TRIGGER trg_tr_det_cuenta AFTER INSERT OR UPDATE ON pagos.det_cuenta FOR EACH ROW EXECUTE PROCEDURE pagos.sp_ins_bitacora();


--
-- TOC entry 2438 (class 2620 OID 19729)
-- Name: ente trg_tr_ente; Type: TRIGGER; Schema: pagos; Owner: -
--

CREATE TRIGGER trg_tr_ente AFTER INSERT OR UPDATE ON pagos.ente FOR EACH ROW EXECUTE PROCEDURE pagos.sp_ins_bitacora();


--
-- TOC entry 2439 (class 2620 OID 19730)
-- Name: esquema trg_tr_esquema; Type: TRIGGER; Schema: pagos; Owner: -
--

CREATE TRIGGER trg_tr_esquema AFTER INSERT OR UPDATE ON pagos.esquema FOR EACH ROW EXECUTE PROCEDURE pagos.sp_ins_bitacora();


--
-- TOC entry 2440 (class 2620 OID 19731)
-- Name: etapa_envio trg_tr_etapa_envio; Type: TRIGGER; Schema: pagos; Owner: -
--

CREATE TRIGGER trg_tr_etapa_envio AFTER INSERT OR UPDATE ON pagos.etapa_envio FOR EACH ROW EXECUTE PROCEDURE pagos.sp_ins_bitacora();


--
-- TOC entry 2441 (class 2620 OID 19732)
-- Name: grupo_banco trg_tr_grupo_banco; Type: TRIGGER; Schema: pagos; Owner: -
--

CREATE TRIGGER trg_tr_grupo_banco AFTER INSERT OR UPDATE ON pagos.grupo_banco FOR EACH ROW EXECUTE PROCEDURE pagos.sp_ins_bitacora();


--
-- TOC entry 2442 (class 2620 OID 19733)
-- Name: grupo_ente trg_tr_grupo_ente; Type: TRIGGER; Schema: pagos; Owner: -
--

CREATE TRIGGER trg_tr_grupo_ente AFTER INSERT OR UPDATE ON pagos.grupo_ente FOR EACH ROW EXECUTE PROCEDURE pagos.sp_ins_bitacora();


--
-- TOC entry 2443 (class 2620 OID 19734)
-- Name: grupo_financiero trg_tr_grupo_financiero; Type: TRIGGER; Schema: pagos; Owner: -
--

CREATE TRIGGER trg_tr_grupo_financiero AFTER INSERT OR UPDATE ON pagos.grupo_financiero FOR EACH ROW EXECUTE PROCEDURE pagos.sp_ins_bitacora();


--
-- TOC entry 2444 (class 2620 OID 19735)
-- Name: grupo_status trg_tr_grupo_status; Type: TRIGGER; Schema: pagos; Owner: -
--

CREATE TRIGGER trg_tr_grupo_status AFTER INSERT OR UPDATE ON pagos.grupo_status FOR EACH ROW EXECUTE PROCEDURE pagos.sp_ins_bitacora();


--
-- TOC entry 2452 (class 2620 OID 19736)
-- Name: moneda trg_tr_moneda; Type: TRIGGER; Schema: pagos; Owner: -
--

CREATE TRIGGER trg_tr_moneda AFTER INSERT OR UPDATE ON pagos.moneda FOR EACH ROW EXECUTE PROCEDURE pagos.sp_ins_bitacora();


--
-- TOC entry 2456 (class 2620 OID 19737)
-- Name: solicitud trg_tr_solicitud; Type: TRIGGER; Schema: pagos; Owner: -
--

CREATE TRIGGER trg_tr_solicitud AFTER INSERT OR UPDATE ON pagos.solicitud FOR EACH ROW EXECUTE PROCEDURE pagos.sp_ins_bitacora();


--
-- TOC entry 2457 (class 2620 OID 19738)
-- Name: status trg_tr_status; Type: TRIGGER; Schema: pagos; Owner: -
--

CREATE TRIGGER trg_tr_status AFTER INSERT OR UPDATE ON pagos.status FOR EACH ROW EXECUTE PROCEDURE pagos.sp_ins_bitacora();


--
-- TOC entry 2458 (class 2620 OID 19739)
-- Name: tasa trg_tr_tasa; Type: TRIGGER; Schema: pagos; Owner: -
--

CREATE TRIGGER trg_tr_tasa AFTER INSERT OR UPDATE ON pagos.tasa FOR EACH ROW EXECUTE PROCEDURE pagos.sp_ins_bitacora();


--
-- TOC entry 2464 (class 2620 OID 19740)
-- Name: usuario trg_usuario; Type: TRIGGER; Schema: pagos; Owner: -
--

CREATE TRIGGER trg_usuario AFTER INSERT OR UPDATE ON pagos.usuario FOR EACH ROW EXECUTE PROCEDURE pagos.sp_ins_bitacora();


--
-- TOC entry 2465 (class 2620 OID 19741)
-- Name: usuario_rol trg_usuario_rol; Type: TRIGGER; Schema: pagos; Owner: -
--

CREATE TRIGGER trg_usuario_rol AFTER INSERT OR UPDATE ON pagos.usuario_rol FOR EACH ROW EXECUTE PROCEDURE pagos.sp_ins_bitacora();


--
-- TOC entry 2402 (class 2606 OID 19742)
-- Name: banco fk_banco_grupo_banco; Type: FK CONSTRAINT; Schema: pagos; Owner: -
--

ALTER TABLE ONLY pagos.banco
    ADD CONSTRAINT fk_banco_grupo_banco FOREIGN KEY (id_grupo_banco) REFERENCES pagos.grupo_banco(id_grupo_banco);


--
-- TOC entry 2403 (class 2606 OID 19747)
-- Name: banco fk_banco_tipo_banco; Type: FK CONSTRAINT; Schema: pagos; Owner: -
--

ALTER TABLE ONLY pagos.banco
    ADD CONSTRAINT fk_banco_tipo_banco FOREIGN KEY (id_tipo_banco) REFERENCES pagos.tipo_banco(id_tipo_banco);


--
-- TOC entry 2404 (class 2606 OID 19752)
-- Name: banco fk_banco_usuario; Type: FK CONSTRAINT; Schema: pagos; Owner: -
--

ALTER TABLE ONLY pagos.banco
    ADD CONSTRAINT fk_banco_usuario FOREIGN KEY (id_usuario) REFERENCES pagos.usuario(id_usuario);


--
-- TOC entry 2405 (class 2606 OID 19757)
-- Name: cuenta fk_cuenta_moneda; Type: FK CONSTRAINT; Schema: pagos; Owner: -
--

ALTER TABLE ONLY pagos.cuenta
    ADD CONSTRAINT fk_cuenta_moneda FOREIGN KEY (id_moneda) REFERENCES pagos.moneda(id_moneda);


--
-- TOC entry 2406 (class 2606 OID 19762)
-- Name: det_cuenta fk_det_cuenta_cuenta; Type: FK CONSTRAINT; Schema: pagos; Owner: -
--

ALTER TABLE ONLY pagos.det_cuenta
    ADD CONSTRAINT fk_det_cuenta_cuenta FOREIGN KEY (id_cuenta) REFERENCES pagos.cuenta(id_cuenta);


--
-- TOC entry 2407 (class 2606 OID 19767)
-- Name: ejecucion_pago fk_ejecucion_pago_banco; Type: FK CONSTRAINT; Schema: pagos; Owner: -
--

ALTER TABLE ONLY pagos.ejecucion_pago
    ADD CONSTRAINT fk_ejecucion_pago_banco FOREIGN KEY (id_banco) REFERENCES pagos.banco(id_banco);


--
-- TOC entry 2408 (class 2606 OID 19772)
-- Name: ejecucion_pago fk_ejecucion_pago_etapa_envio; Type: FK CONSTRAINT; Schema: pagos; Owner: -
--

ALTER TABLE ONLY pagos.ejecucion_pago
    ADD CONSTRAINT fk_ejecucion_pago_etapa_envio FOREIGN KEY (id_etapa_envio) REFERENCES pagos.etapa_envio(id_etapa_envio);


--
-- TOC entry 2409 (class 2606 OID 19777)
-- Name: ejecucion_pago fk_ejecucion_pago_pago; Type: FK CONSTRAINT; Schema: pagos; Owner: -
--

ALTER TABLE ONLY pagos.ejecucion_pago
    ADD CONSTRAINT fk_ejecucion_pago_pago FOREIGN KEY (id_pago) REFERENCES pagos.pago(id_pago);


--
-- TOC entry 2410 (class 2606 OID 19782)
-- Name: ente fk_ente_grupo_ente; Type: FK CONSTRAINT; Schema: pagos; Owner: -
--

ALTER TABLE ONLY pagos.ente
    ADD CONSTRAINT fk_ente_grupo_ente FOREIGN KEY (id_grupo_ente) REFERENCES pagos.grupo_ente(id_grupo_ente);


--
-- TOC entry 2411 (class 2606 OID 19787)
-- Name: ente fk_ente_tipo_ente; Type: FK CONSTRAINT; Schema: pagos; Owner: -
--

ALTER TABLE ONLY pagos.ente
    ADD CONSTRAINT fk_ente_tipo_ente FOREIGN KEY (id_tipo_ente) REFERENCES pagos.tipo_ente(id_tipo_ente);


--
-- TOC entry 2412 (class 2606 OID 19792)
-- Name: ingreso fk_ingreso_ente; Type: FK CONSTRAINT; Schema: pagos; Owner: -
--

ALTER TABLE ONLY pagos.ingreso
    ADD CONSTRAINT fk_ingreso_ente FOREIGN KEY (id_ente) REFERENCES pagos.ente(id_ente);


--
-- TOC entry 2413 (class 2606 OID 19797)
-- Name: ingreso fk_ingreso_moneda; Type: FK CONSTRAINT; Schema: pagos; Owner: -
--

ALTER TABLE ONLY pagos.ingreso
    ADD CONSTRAINT fk_ingreso_moneda FOREIGN KEY (id_moneda) REFERENCES pagos.moneda(id_moneda);


--
-- TOC entry 2414 (class 2606 OID 19802)
-- Name: ingreso fk_ingreso_tipo_ingreso; Type: FK CONSTRAINT; Schema: pagos; Owner: -
--

ALTER TABLE ONLY pagos.ingreso
    ADD CONSTRAINT fk_ingreso_tipo_ingreso FOREIGN KEY (id_tipo_ingreso) REFERENCES pagos.tipo_ingreso(id_tipo_ingreso);


--
-- TOC entry 2415 (class 2606 OID 19807)
-- Name: instruccion fk_instruccion_esquema; Type: FK CONSTRAINT; Schema: pagos; Owner: -
--

ALTER TABLE ONLY pagos.instruccion
    ADD CONSTRAINT fk_instruccion_esquema FOREIGN KEY (id_esquema) REFERENCES pagos.esquema(id_esquema);


--
-- TOC entry 2416 (class 2606 OID 19812)
-- Name: instruccion fk_instruccion_moneda; Type: FK CONSTRAINT; Schema: pagos; Owner: -
--

ALTER TABLE ONLY pagos.instruccion
    ADD CONSTRAINT fk_instruccion_moneda FOREIGN KEY (id_moneda) REFERENCES pagos.moneda(id_moneda);


--
-- TOC entry 2417 (class 2606 OID 19817)
-- Name: instruccion fk_instruccion_solicitud; Type: FK CONSTRAINT; Schema: pagos; Owner: -
--

ALTER TABLE ONLY pagos.instruccion
    ADD CONSTRAINT fk_instruccion_solicitud FOREIGN KEY (id_solicitud) REFERENCES pagos.solicitud(id_solicitud);


--
-- TOC entry 2418 (class 2606 OID 19822)
-- Name: menu fk_menu_modulo; Type: FK CONSTRAINT; Schema: pagos; Owner: -
--

ALTER TABLE ONLY pagos.menu
    ADD CONSTRAINT fk_menu_modulo FOREIGN KEY (id_modulo) REFERENCES pagos.modulo(id_modulo);


--
-- TOC entry 2419 (class 2606 OID 19827)
-- Name: pago fk_pago_banco; Type: FK CONSTRAINT; Schema: pagos; Owner: -
--

ALTER TABLE ONLY pagos.pago
    ADD CONSTRAINT fk_pago_banco FOREIGN KEY (id_banco) REFERENCES pagos.banco(id_banco);


--
-- TOC entry 2420 (class 2606 OID 19832)
-- Name: pago fk_pago_instruccion; Type: FK CONSTRAINT; Schema: pagos; Owner: -
--

ALTER TABLE ONLY pagos.pago
    ADD CONSTRAINT fk_pago_instruccion FOREIGN KEY (id_instruccion) REFERENCES pagos.instruccion(id_instruccion);


--
-- TOC entry 2421 (class 2606 OID 19837)
-- Name: pago fk_pago_moneda; Type: FK CONSTRAINT; Schema: pagos; Owner: -
--

ALTER TABLE ONLY pagos.pago
    ADD CONSTRAINT fk_pago_moneda FOREIGN KEY (id_moneda) REFERENCES pagos.moneda(id_moneda);


--
-- TOC entry 2422 (class 2606 OID 19842)
-- Name: pago fk_pago_tipo_pago; Type: FK CONSTRAINT; Schema: pagos; Owner: -
--

ALTER TABLE ONLY pagos.pago
    ADD CONSTRAINT fk_pago_tipo_pago FOREIGN KEY (id_tipo_pago) REFERENCES pagos.tipo_pago(id_tipo_pago);


--
-- TOC entry 2423 (class 2606 OID 19847)
-- Name: permiso fk_permiso_menu; Type: FK CONSTRAINT; Schema: pagos; Owner: -
--

ALTER TABLE ONLY pagos.permiso
    ADD CONSTRAINT fk_permiso_menu FOREIGN KEY (id_menu) REFERENCES pagos.menu(id_menu);


--
-- TOC entry 2424 (class 2606 OID 19852)
-- Name: permiso fk_permiso_rol; Type: FK CONSTRAINT; Schema: pagos; Owner: -
--

ALTER TABLE ONLY pagos.permiso
    ADD CONSTRAINT fk_permiso_rol FOREIGN KEY (id_rol) REFERENCES pagos.rol(id_rol);


--
-- TOC entry 2425 (class 2606 OID 19857)
-- Name: solicitud fk_solicitud_categoria; Type: FK CONSTRAINT; Schema: pagos; Owner: -
--

ALTER TABLE ONLY pagos.solicitud
    ADD CONSTRAINT fk_solicitud_categoria FOREIGN KEY (id_categoria) REFERENCES pagos.categoria(id_categoria);


--
-- TOC entry 2426 (class 2606 OID 19862)
-- Name: solicitud fk_solicitud_ente; Type: FK CONSTRAINT; Schema: pagos; Owner: -
--

ALTER TABLE ONLY pagos.solicitud
    ADD CONSTRAINT fk_solicitud_ente FOREIGN KEY (id_ente) REFERENCES pagos.ente(id_ente);


--
-- TOC entry 2427 (class 2606 OID 19867)
-- Name: solicitud fk_solicitud_moneda; Type: FK CONSTRAINT; Schema: pagos; Owner: -
--

ALTER TABLE ONLY pagos.solicitud
    ADD CONSTRAINT fk_solicitud_moneda FOREIGN KEY (id_moneda) REFERENCES pagos.moneda(id_moneda);


--
-- TOC entry 2428 (class 2606 OID 19872)
-- Name: usuario_rol fk_usuario_rol_rol; Type: FK CONSTRAINT; Schema: pagos; Owner: -
--

ALTER TABLE ONLY pagos.usuario_rol
    ADD CONSTRAINT fk_usuario_rol_rol FOREIGN KEY (id_rol) REFERENCES pagos.rol(id_rol);


--
-- TOC entry 2661 (class 0 OID 0)
-- Dependencies: 187
-- Name: TABLE banco; Type: ACL; Schema: pagos; Owner: -
--

GRANT ALL ON TABLE pagos.banco TO root;


--
-- TOC entry 2664 (class 0 OID 0)
-- Dependencies: 189
-- Name: TABLE categoria; Type: ACL; Schema: pagos; Owner: -
--

GRANT ALL ON TABLE pagos.categoria TO root;


--
-- TOC entry 2665 (class 0 OID 0)
-- Dependencies: 191
-- Name: TABLE clase_ente; Type: ACL; Schema: pagos; Owner: -
--

GRANT ALL ON TABLE pagos.clase_ente TO root;


--
-- TOC entry 2666 (class 0 OID 0)
-- Dependencies: 193
-- Name: TABLE cuenta; Type: ACL; Schema: pagos; Owner: -
--

GRANT ALL ON TABLE pagos.cuenta TO root;


--
-- TOC entry 2667 (class 0 OID 0)
-- Dependencies: 195
-- Name: TABLE det_cuenta; Type: ACL; Schema: pagos; Owner: -
--

GRANT ALL ON TABLE pagos.det_cuenta TO root;


--
-- TOC entry 2668 (class 0 OID 0)
-- Dependencies: 196
-- Name: TABLE ejecucion_pago; Type: ACL; Schema: pagos; Owner: -
--

GRANT ALL ON TABLE pagos.ejecucion_pago TO root;


--
-- TOC entry 2670 (class 0 OID 0)
-- Dependencies: 199
-- Name: TABLE ente; Type: ACL; Schema: pagos; Owner: -
--

GRANT ALL ON TABLE pagos.ente TO root;


--
-- TOC entry 2671 (class 0 OID 0)
-- Dependencies: 201
-- Name: TABLE esquema; Type: ACL; Schema: pagos; Owner: -
--

GRANT ALL ON TABLE pagos.esquema TO root;


--
-- TOC entry 2672 (class 0 OID 0)
-- Dependencies: 203
-- Name: TABLE etapa_envio; Type: ACL; Schema: pagos; Owner: -
--

GRANT ALL ON TABLE pagos.etapa_envio TO root;


--
-- TOC entry 2673 (class 0 OID 0)
-- Dependencies: 205
-- Name: TABLE grupo_banco; Type: ACL; Schema: pagos; Owner: -
--

GRANT ALL ON TABLE pagos.grupo_banco TO root;


--
-- TOC entry 2674 (class 0 OID 0)
-- Dependencies: 207
-- Name: TABLE grupo_ente; Type: ACL; Schema: pagos; Owner: -
--

GRANT ALL ON TABLE pagos.grupo_ente TO root;


--
-- TOC entry 2675 (class 0 OID 0)
-- Dependencies: 209
-- Name: TABLE grupo_financiero; Type: ACL; Schema: pagos; Owner: -
--

GRANT ALL ON TABLE pagos.grupo_financiero TO root;


--
-- TOC entry 2684 (class 0 OID 0)
-- Dependencies: 211
-- Name: TABLE grupo_status; Type: ACL; Schema: pagos; Owner: -
--

GRANT ALL ON TABLE pagos.grupo_status TO root;


--
-- TOC entry 2685 (class 0 OID 0)
-- Dependencies: 213
-- Name: TABLE ingreso; Type: ACL; Schema: pagos; Owner: -
--

GRANT ALL ON TABLE pagos.ingreso TO root;


--
-- TOC entry 2686 (class 0 OID 0)
-- Dependencies: 215
-- Name: TABLE instruccion; Type: ACL; Schema: pagos; Owner: -
--

GRANT ALL ON TABLE pagos.instruccion TO root;


--
-- TOC entry 2687 (class 0 OID 0)
-- Dependencies: 217
-- Name: TABLE menu; Type: ACL; Schema: pagos; Owner: -
--

GRANT ALL ON TABLE pagos.menu TO root;


--
-- TOC entry 2688 (class 0 OID 0)
-- Dependencies: 219
-- Name: TABLE modulo; Type: ACL; Schema: pagos; Owner: -
--

GRANT ALL ON TABLE pagos.modulo TO root;


--
-- TOC entry 2697 (class 0 OID 0)
-- Dependencies: 221
-- Name: TABLE moneda; Type: ACL; Schema: pagos; Owner: -
--

GRANT ALL ON TABLE pagos.moneda TO root;


--
-- TOC entry 2698 (class 0 OID 0)
-- Dependencies: 222
-- Name: TABLE movimiento; Type: ACL; Schema: pagos; Owner: -
--

GRANT ALL ON TABLE pagos.movimiento TO root;


--
-- TOC entry 2700 (class 0 OID 0)
-- Dependencies: 225
-- Name: TABLE pago; Type: ACL; Schema: pagos; Owner: -
--

GRANT ALL ON TABLE pagos.pago TO root;


--
-- TOC entry 2701 (class 0 OID 0)
-- Dependencies: 226
-- Name: TABLE password_resets; Type: ACL; Schema: pagos; Owner: -
--

GRANT ALL ON TABLE pagos.password_resets TO root;


--
-- TOC entry 2702 (class 0 OID 0)
-- Dependencies: 227
-- Name: TABLE permiso; Type: ACL; Schema: pagos; Owner: -
--

GRANT ALL ON TABLE pagos.permiso TO root;


--
-- TOC entry 2704 (class 0 OID 0)
-- Dependencies: 229
-- Name: TABLE rol; Type: ACL; Schema: pagos; Owner: -
--

GRANT ALL ON TABLE pagos.rol TO root;


--
-- TOC entry 2706 (class 0 OID 0)
-- Dependencies: 232
-- Name: TABLE solicitud; Type: ACL; Schema: pagos; Owner: -
--

GRANT ALL ON TABLE pagos.solicitud TO root;


--
-- TOC entry 2719 (class 0 OID 0)
-- Dependencies: 234
-- Name: TABLE status; Type: ACL; Schema: pagos; Owner: -
--

GRANT ALL ON TABLE pagos.status TO root;


--
-- TOC entry 2730 (class 0 OID 0)
-- Dependencies: 236
-- Name: TABLE tasa; Type: ACL; Schema: pagos; Owner: -
--

GRANT ALL ON TABLE pagos.tasa TO root;


--
-- TOC entry 2739 (class 0 OID 0)
-- Dependencies: 238
-- Name: TABLE tipo_banco; Type: ACL; Schema: pagos; Owner: -
--

GRANT ALL ON TABLE pagos.tipo_banco TO root;


--
-- TOC entry 2740 (class 0 OID 0)
-- Dependencies: 240
-- Name: TABLE tipo_ente; Type: ACL; Schema: pagos; Owner: -
--

GRANT ALL ON TABLE pagos.tipo_ente TO root;


--
-- TOC entry 2749 (class 0 OID 0)
-- Dependencies: 242
-- Name: TABLE tipo_ingreso; Type: ACL; Schema: pagos; Owner: -
--

GRANT ALL ON TABLE pagos.tipo_ingreso TO root;


--
-- TOC entry 2750 (class 0 OID 0)
-- Dependencies: 244
-- Name: TABLE tipo_pago; Type: ACL; Schema: pagos; Owner: -
--

GRANT ALL ON TABLE pagos.tipo_pago TO root;


--
-- TOC entry 2751 (class 0 OID 0)
-- Dependencies: 245
-- Name: TABLE tr_bitacora; Type: ACL; Schema: pagos; Owner: -
--

GRANT ALL ON TABLE pagos.tr_bitacora TO root;


--
-- TOC entry 2753 (class 0 OID 0)
-- Dependencies: 248
-- Name: TABLE users; Type: ACL; Schema: pagos; Owner: -
--

GRANT ALL ON TABLE pagos.users TO root;


--
-- TOC entry 2764 (class 0 OID 0)
-- Dependencies: 250
-- Name: TABLE usuario; Type: ACL; Schema: pagos; Owner: -
--

GRANT ALL ON TABLE pagos.usuario TO root;


--
-- TOC entry 2765 (class 0 OID 0)
-- Dependencies: 252
-- Name: TABLE usuario_rol; Type: ACL; Schema: pagos; Owner: -
--

GRANT ALL ON TABLE pagos.usuario_rol TO root;


--
-- TOC entry 2779 (class 0 OID 0)
-- Dependencies: 253
-- Name: TABLE vw_banco; Type: ACL; Schema: pagos; Owner: -
--

GRANT ALL ON TABLE pagos.vw_banco TO root;


--
-- TOC entry 2788 (class 0 OID 0)
-- Dependencies: 254
-- Name: TABLE vw_bitacora; Type: ACL; Schema: pagos; Owner: -
--

GRANT ALL ON TABLE pagos.vw_bitacora TO root;


--
-- TOC entry 2801 (class 0 OID 0)
-- Dependencies: 255
-- Name: TABLE vw_ingreso; Type: ACL; Schema: pagos; Owner: -
--

GRANT ALL ON TABLE pagos.vw_ingreso TO root;


--
-- TOC entry 2813 (class 0 OID 0)
-- Dependencies: 256
-- Name: TABLE vw_instruccion; Type: ACL; Schema: pagos; Owner: -
--

GRANT ALL ON TABLE pagos.vw_instruccion TO root;


--
-- TOC entry 2849 (class 0 OID 0)
-- Dependencies: 257
-- Name: TABLE vw_segpago; Type: ACL; Schema: pagos; Owner: -
--

GRANT ALL ON TABLE pagos.vw_segpago TO root;


--
-- TOC entry 2862 (class 0 OID 0)
-- Dependencies: 258
-- Name: TABLE vw_solicitud; Type: ACL; Schema: pagos; Owner: -
--

GRANT ALL ON TABLE pagos.vw_solicitud TO root;


-- Completed on 2019-03-18 18:41:18

--
-- PostgreSQL database dump complete
--

